0,605,2991,1369,1396,982,2660,2444,3148,986,895,930,2170,4580,1222,4249,1375,7995,1392,4731,2079,1896,1371,2523,2654,3350,0,595,5915,2565,6125,1458,2555,4066,4905,3491,4334,2243,984,1071,1345,2176,1622,4566,1077,4923,3308,4588,4383,3041,2539,1670,2025,2626,1886,3043,3364,1089,1896
0,569,2991,1105,1174,980,2392,2412,3199,932,926,1012,2376,4278,1073,3884,1361,8099,1404,3854,1619,1751,1432,2856,1825,2983,0,728,6466,2545,6288,1319,2608,4056,4861,3507,4362,2184,1065,1263,1440,2273,1452,4225,1079,5262,3039,4679,4056,2922,2660,1928,1970,2725,1418,3183,3340,1144,1831
0,557,2989,807,891,968,2378,2249,3211,960,988,1023,2519,4342,1055,3959,1420,7934,1361,3727,1870,1710,1418,3013,1541,2678,0,821,6881,2606,6226,1150,2727,3858,4889,3572,4302,1972,1140,1329,1561,2333,1258,4310,1148,5397,3233,4395,3751,3191,2953,2114,1825,2481,1523,3646,2813,1242,1440
0,563,2908,799,895,996,2192,2015,3162,1448,1020,1014,2438,4306,1095,4141,1490,8089,1099,3505,2077,1950,1355,2916,1357,2414,0,815,7131,2049,5944,1188,2757,3834,3636,3497,4725,2071,1204,1353,1571,2176,1224,4465,982,5413,3059,3981,3715,3412,3162,2130,1434,2162,1807,3848,2317,1226,1190
0,547,2575,789,910,1220,1718,1624,3211,1662,1004,1002,2243,5179,1148,4153,1488,8035,954,3485,2031,2281,1210,2507,1315,2505,0,811,7371,1581,5883,1261,3080,3878,2882,3209,4788,2162,1277,1369,1371,1952,1250,4526,595,5585,2606,4616,3715,3515,3136,1886,1150,2192,2007,3818,2142,1069,1186
0,510,2489,781,928,1216,1501,1624,3293,2059,877,938,2049,5171,1260,3987,1430,7702,962,3513,2146,2362,1031,2134,1408,2844,230,764,7396,1519,6095,1107,3501,3808,2406,3082,5280,2263,1218,1329,1206,2089,1436,4417,432,5256,2678,5155,3858,3777,2739,1678,1301,2269,2027,3761,2162,984,1359
0,512,2493,734,857,1150,1472,1472,3283,2475,692,883,2079,5266,1279,3866,1323,6712,1305,3429,2136,2358,952,2138,1440,2924,397,619,7176,1513,6327,1117,3683,3663,2390,2924,4596,2301,1059,1234,1341,2307,1611,4249,349,4893,2975,5457,4082,3679,2241,1835,1595,2642,1819,3451,2194,986,1480
0,496,2517,704,780,1097,1444,1103,3215,2481,597,912,2283,4816,1230,3642,1198,5457,1382,3368,1991,2136,960,1565,1331,2553,399,470,7012,1450,6538,1285,4562,3578,2360,2755,4205,2265,998,1382,1341,2348,1496,4019,315,5100,3074,5528,4050,2664,2378,2235,1730,2743,1404,2910,2166,1105,1482
0,494,2531,694,744,1045,1500,1081,2739,2438,597,926,2293,4602,1093,3336,1224,5387,1329,3320,1827,1952,1055,1127,1184,2279,399,498,7037,1436,6543,1240,4616,3677,2329,2682,3919,2100,996,1468,1432,2390,1359,3818,317,5562,3372,5248,3834,1942,2569,2416,2013,2652,1135,2745,2323,1184,1424
0,478,2471,680,746,1037,1928,1039,2461,2380,597,916,2327,4358,936,3326,1277,5191,1317,3086,1698,2049,1071,1188,1244,1694,399,534,7263,1583,6242,1041,4786,3812,2297,2408,3578,1833,1111,1583,1480,2382,1248,3709,468,5740,3314,4818,3539,2146,2456,2444,2198,2392,1206,2820,2446,1127,1271
0,456,2434,813,748,1083,1884,904,2392,2412,627,906,2231,4092,968,3267,1269,5016,1214,2805,1694,2198,1008,1037,1279,1174,399,573,7549,1575,5833,1053,4887,3953,2517,1910,3320,1662,1226,1666,1386,2162,1210,3673,736,5113,3041,4328,3586,2477,2134,2267,1904,2152,1517,2898,2545,1029,1198
0,470,2380,960,754,1160,1664,811,2390,2364,653,863,2093,3681,1051,3023,1196,4935,1146,2703,1757,2295,972,998,1200,1111,466,635,7252,1335,5818,988,5048,3771,2535,1791,3350,1862,1246,1626,1246,1783,1323,3667,845,4487,2501,4114,3727,2646,1658,1914,1644,2081,1743,3267,2535,988,1190
0,490,2390,964,781,1152,1448,809,2396,2148,621,801,1989,3529,1049,2981,1200,4038,1097,2614,1807,2309,849,1065,1267,1027,613,657,6621,1162,5336,904,4937,3554,2313,1765,3304,1843,1150,1480,1129,1868,1460,3606,839,3979,2580,4169,3826,2688,1277,1757,1726,2277,1781,3001,2281,984,1361
0,488,2394,895,809,1160,1446,764,2285,2112,543,704,1857,3427,956,2719,1144,3850,732,2259,1789,2249,801,1073,1484,1075,696,631,6928,1244,5175,843,4802,3064,2279,1862,3562,1819,934,1299,1144,1981,1482,3398,766,3660,2678,4175,3830,2380,1154,1743,2033,2432,1726,2376,1997,926,1523
0,494,2384,887,746,1109,1444,682,2237,2071,500,718,1789,3257,900,2263,1095,3767,484,2142,1751,1860,857,1091,1779,1059,641,597,7765,1343,5494,797,4879,2561,2751,2206,3810,1811,829,1343,1180,1978,1404,3122,657,3921,2513,4132,3751,1912,1156,2091,2116,2460,1462,2001,1997,889,1575
0,482,2394,897,698,1008,1442,619,2753,2214,571,791,1757,3045,859,2180,1101,4858,470,1924,1565,1396,893,1208,1978,948,595,746,8152,1386,5718,752,4897,2703,3328,2110,3743,1607,825,1440,1218,1970,1214,2916,732,4229,2281,3939,3560,1747,1392,2319,2061,2551,1170,2037,2148,1006,1573
0,466,2398,897,694,974,1442,577,2485,2295,666,815,1611,2553,783,2281,1107,5343,456,1573,1377,1390,908,1315,2075,948,653,900,7948,1476,5365,700,4957,2874,3015,1626,2977,1244,871,1442,1240,1916,996,2914,938,4334,2231,3872,3372,1972,1692,2374,1980,2539,1075,2239,2204,1081,1349
0,460,2388,879,754,998,1474,494,2150,2321,740,809,1428,2448,811,1946,1073,5520,458,1380,1525,1384,922,1228,1926,1045,736,895,7644,1545,4746,756,5040,2961,2394,1462,2525,1162,940,1408,1198,1741,986,2953,1041,4334,2033,3919,3372,2120,1783,1932,1620,2210,910,2204,2132,910,1127
0,454,2386,857,803,879,1640,444,1757,2354,778,900,1283,2475,877,1813,1047,5574,413,1355,1591,1339,631,1164,1847,1109,849,859,7843,1430,4586,805,5199,3249,2233,1315,2465,1341,928,1305,1077,1591,1027,3007,1095,4302,1884,4076,3457,2216,1658,1394,1224,2200,534,2122,2112,676,1144
0,446,2344,793,809,766,1680,480,1482,2392,780,752,1248,2834,891,1926,1055,4649,367,1357,1579,1190,264,1236,1938,1158,787,823,7773,1180,4675,841,5341,3423,2144,1357,2460,1418,902,1129,918,1597,1063,3051,1079,4235,1884,4298,3703,2495,1511,1184,1186,2446,292,1995,1892,591,1361
0,438,2239,748,813,688,1708,543,1507,2465,734,613,1337,2781,891,1920,1023,3826,530,1420,1557,1109,0,1289,2003,1267,780,708,7513,1119,4522,900,5627,3459,2152,1351,2545,1396,845,914,922,1634,996,3090,900,4076,1884,4445,3943,2406,1408,1174,1331,2408,296,1620,1740,589,1541
0,444,2245,641,766,555,1656,585,1434,1983,660,643,1402,2745,895,1845,988,3830,363,1553,1500,994,0,1394,2057,1373,855,538,6849,1115,4068,904,5429,3406,2241,1111,2535,1182,803,942,1008,1636,879,2985,797,4213,1934,4304,3892,1827,1539,1414,1384,2162,127,1422,1872,768,1571
0,460,2229,458,722,551,1567,591,1307,1607,718,686,1361,2735,906,1755,982,3798,202,2017,1355,899,0,1331,2093,1424,853,536,6331,1158,3812,873,5217,3314,2428,895,2527,791,799,956,1029,1517,758,2735,861,4338,2083,4362,3650,1331,1797,1668,1498,1999,0,1424,2071,895,1513
0,436,2225,456,714,553,1430,563,1273,1607,789,678,1343,2783,893,1819,982,3697,121,2220,1208,902,0,1285,2039,1398,853,619,6534,1119,3463,799,5274,3503,2577,766,2463,680,932,908,1087,1380,639,2892,910,4126,1993,4078,3431,1521,1952,1670,1464,1460,0,1654,2458,889,1194
0,401,2194,450,657,561,1073,541,1269,1626,821,653,1271,2221,893,1930,986,3552,153,2245,1214,958,0,1357,1771,1317,851,659,6781,970,3110,839,5280,3570,2594,651,2376,793,974,847,1123,1212,756,2965,881,4300,1704,3304,3546,1743,1922,1535,1162,1190,0,1874,2684,881,986
0,387,2166,446,672,619,1073,541,1265,1745,819,593,1240,2225,889,2003,1008,3418,179,2364,1309,1075,0,1218,1478,1345,849,514,6772,895,3144,908,4822,3723,2463,567,2275,900,887,813,974,908,827,2866,916,4661,1377,2941,3566,1785,1652,1323,821,1190,0,1914,2650,712,978
0,361,2180,468,718,664,1073,541,1329,1910,752,528,1196,2214,855,2053,1025,3297,319,2418,1373,1139,0,1105,1501,1412,847,403,6748,841,3106,1002,3957,3800,2315,573,2311,968,853,742,867,855,899,2819,891,4282,1408,2936,3493,1843,1424,1194,756,1517,0,1910,2471,591,1214
0,355,2178,569,819,706,1073,563,1388,1686,659,500,1206,2091,778,2083,1029,3057,454,2342,1357,1158,0,1212,1267,1525,845,498,6629,851,2715,813,3824,3707,2416,627,2473,916,726,635,859,668,861,2529,712,3638,1490,2961,3356,1712,1248,1307,912,1757,0,1628,2142,708,1373
0,349,2182,615,885,714,1119,581,1390,1359,613,557,1379,2198,534,1987,1033,3055,553,2305,1297,1077,0,1353,910,1605,827,591,6958,883,2555,532,3761,3368,2442,676,2424,603,496,724,849,472,736,1751,597,3693,1367,2951,3158,1472,1168,1275,996,1837,0,1430,2007,789,1357
0,353,2174,621,883,670,1248,591,1329,1107,657,633,1349,2212,315,1825,1053,3221,438,2337,1182,950,504,1343,825,1339,797,587,7732,883,2551,419,3350,3340,2521,750,2416,171,397,875,841,436,442,1503,649,3719,893,2902,2475,1273,787,1018,1170,1896,0,1369,1849,785,1194
0,379,2154,609,879,645,2374,603,1210,821,623,698,1373,2164,216,1823,1071,3523,341,2311,1087,960,684,1313,855,910,839,559,7269,908,1785,403,3205,2892,2194,811,2225,0,438,932,837,383,115,1464,760,3477,637,2495,1446,1365,599,837,1236,1484,0,1263,2144,780,853
0,405,2148,573,688,649,2630,510,946,581,561,666,1349,1958,190,1936,1041,3304,442,2206,1158,1008,629,1230,783,627,722,359,6349,902,1507,405,2402,2594,1753,776,1946,0,520,932,795,298,83,1488,827,3412,452,2176,1565,1609,601,682,1079,1018,0,1359,2231,726,635
0,407,2126,569,470,690,2392,387,815,609,561,502,1369,1607,93,2007,1018,3126,367,2261,1142,1075,807,1065,587,512,555,0,6056,839,1801,409,2210,2450,1367,623,1926,0,536,956,686,296,198,1559,678,3285,351,2071,1714,1704,605,490,825,899,0,1418,1914,635,593
0,407,1176,573,409,688,2085,379,859,631,581,403,1384,1531,0,1954,998,3037,301,2394,938,1109,645,1095,605,623,619,161,6169,760,1987,411,2043,2414,1115,639,1970,0,478,885,528,331,115,1668,478,2900,353,2172,1698,1571,482,411,756,815,0,1261,1424,591,589
0,411,1216,579,415,672,1472,303,910,587,502,464,1430,1037,0,1773,922,2771,272,2479,1012,1119,180,1190,748,611,653,0,6151,762,2017,417,1985,2319,1256,778,2172,0,500,724,609,357,115,1626,369,2678,438,2243,1656,1388,397,413,853,698,0,1008,1444,593,589
0,415,1212,585,420,674,1194,196,958,480,417,520,1486,833,0,1650,877,2739,208,2995,783,1000,0,1254,813,502,617,0,6294,783,1980,420,1956,2210,1396,869,2331,0,494,829,730,522,133,1517,351,2793,615,2162,1541,1091,456,522,835,700,0,891,1454,708,591
0,417,1220,559,424,666,1204,149,972,436,182,540,1466,883,0,1503,944,2822,105,2846,516,904,0,1315,849,470,567,0,6417,760,1855,424,1656,2206,1388,835,2342,145,494,1014,873,684,141,1414,353,2894,704,2081,1343,655,500,601,793,526,0,895,1329,785,534
0,407,1192,502,424,668,1212,151,964,405,0,555,1299,859,0,1500,946,2844,0,2372,454,958,0,1422,825,422,603,0,6393,740,1676,424,1646,2245,1422,797,2192,250,571,1069,950,716,103,1335,353,3025,702,1926,1174,639,504,601,331,399,0,942,1329,649,363
0,409,1129,492,383,678,1285,179,976,377,0,599,1353,916,0,1591,698,2793,0,2116,478,1029,0,1402,758,401,730,167,6238,738,1500,428,1543,2483,1436,726,1799,254,595,1055,823,629,129,1632,353,2967,700,1684,1115,639,508,484,0,401,0,954,1216,589,268
0,545,1123,460,345,716,1355,200,1059,426,0,635,1448,916,0,1593,500,2771,0,2114,520,1105,0,1250,706,454,853,0,5623,672,1563,432,1377,2694,1139,545,1490,252,538,1045,530,438,177,1803,351,2916,641,1593,1117,597,514,401,0,401,0,1000,1135,585,268
0,520,1131,413,351,827,1323,202,1053,512,0,585,1394,899,0,1563,504,2650,0,2063,651,1065,0,1119,635,498,900,133,5173,551,1646,494,1275,2690,831,500,1458,250,333,960,359,494,133,1765,351,2741,540,1486,1119,599,458,399,0,504,0,1006,1103,472,272
0,520,1140,411,359,893,1269,204,976,541,0,494,1379,912,0,1507,508,2469,0,1710,744,831,0,1059,543,543,803,65,3993,563,1601,536,1236,2569,764,403,1523,254,206,831,436,563,0,1565,349,2618,500,1125,1035,538,420,399,0,575,0,1014,1392,395,274
0,520,823,379,319,889,1214,206,944,571,0,490,1341,1037,0,1367,512,2473,0,1432,643,817,0,1079,605,631,540,0,3207,629,1571,534,1289,2221,770,198,1545,256,198,849,498,567,173,936,117,2656,615,966,964,438,424,589,0,472,0,720,1527,391,492
0,508,720,315,284,881,1176,208,954,611,0,486,1327,1164,0,1242,516,2503,0,1388,565,649,0,1099,714,647,248,133,2910,744,1535,458,1444,1993,789,0,1734,258,198,940,464,645,258,647,0,2793,700,956,956,393,524,534,0,397,0,601,1365,163,639
0,480,825,268,282,668,1226,210,752,601,0,462,1261,1232,0,1228,347,2404,0,1277,569,615,0,946,774,583,230,266,2666,918,1380,369,1438,1878,718,0,1718,260,83,956,472,700,256,712,0,3072,641,891,956,389,538,399,0,397,0,635,1291,0,599
0,430,280,206,169,210,1230,95,480,516,0,464,752,914,0,1172,169,2301,0,1190,569,579,0,881,807,541,73,232,2184,1027,1269,349,1525,2013,655,403,1624,264,0,984,496,619,256,698,0,3057,540,837,942,391,496,321,0,397,0,659,1311,0,605
0,397,0,210,0,0,1194,0,422,472,0,428,532,480,0,1021,141,2221,0,1222,621,569,0,912,833,559,0,331,2027,1010,1353,419,1787,2241,662,0,1664,111,0,964,381,496,254,682,0,2878,502,833,593,391,611,266,0,397,0,803,1315,0,609
0,393,0,214,0,0,1242,0,325,474,0,266,347,198,0,1006,298,1983,0,1258,704,595,0,883,851,577,165,438,1741,700,1394,430,1781,2335,670,252,2087,0,0,887,300,496,252,670,0,2414,506,867,595,391,692,266,0,397,0,906,1317,0,720
0,387,0,65,0,0,1281,0,244,472,0,167,355,63,0,942,403,1704,0,1170,714,595,0,900,889,583,315,292,1698,575,1396,401,1745,2386,732,0,2124,0,0,756,262,502,252,641,238,2297,309,922,597,393,692,266,0,397,0,724,1325,0,855
0,377,0,0,0,0,1279,0,248,472,0,167,379,0,0,857,407,1678,159,1103,541,561,0,954,928,627,365,129,1630,702,1440,405,1313,2402,698,242,1692,161,0,688,97,373,250,581,345,2380,0,944,597,395,700,111,0,397,0,712,1325,0,897
0,335,0,0,0,0,1123,0,250,238,0,171,278,0,0,847,361,1299,0,1190,365,520,0,998,881,684,50,99,1549,720,1446,409,1127,2428,643,218,1357,278,0,750,0,282,248,557,345,2517,0,936,599,395,706,0,0,397,0,797,1404,0,722
0,161,0,0,0,0,740,0,276,0,0,81,175,0,0,863,91,1317,0,1902,321,581,0,1012,424,720,472,198,1466,678,1377,448,1186,2106,510,242,1059,280,0,758,0,286,248,540,343,2533,0,948,175,165,706,0,0,397,0,799,1345,0,597
0,0,0,0,0,0,444,0,303,0,0,0,123,26,0,899,0,1089,0,1906,343,684,0,1023,0,728,401,0,986,678,1329,478,1133,1206,407,236,1004,284,0,653,0,288,107,545,115,2112,0,895,0,0,551,0,0,397,0,682,1503,0,599
0,0,0,0,0,0,450,0,383,0,0,0,101,0,0,889,0,1002,0,1910,458,740,0,1037,0,659,774,0,623,599,1331,430,1016,783,411,0,992,119,0,490,0,292,0,526,0,1831,0,877,686,0,440,0,0,397,0,502,1388,0,599
0,0,0,0,0,0,456,0,470,0,0,0,103,0,0,797,0,952,0,1940,482,748,0,1049,0,603,664,0,216,538,1363,175,1008,186,420,0,986,0,0,430,0,294,0,492,0,1743,0,899,1958,0,444,0,0,397,0,434,1111,0,395
0,0,0,0,0,0,460,0,500,0,0,0,42,0,0,674,0,879,0,1983,248,752,0,0,0,407,0,258,0,573,1263,0,920,0,430,371,891,0,0,415,0,296,0,480,0,1843,0,787,2481,0,450,0,0,397,0,496,1041,0,292
0,0,0,0,0,0,222,0,506,0,0,0,50,26,0,605,0,893,161,1995,38,664,0,0,0,0,0,0,0,676,1055,0,847,0,294,300,758,0,0,422,0,123,0,486,0,1999,0,708,2442,0,452,0,0,397,0,540,1025,0,294
0,0,0,0,0,0,0,0,510,0,0,0,52,0,0,700,0,940,0,1997,0,597,0,0,0,0,0,258,0,881,1016,208,932,0,0,0,710,0,0,355,0,0,0,434,0,2196,0,716,1942,0,536,0,0,397,0,541,1025,0,296
0,0,0,0,0,0,0,0,321,0,0,0,0,0,0,781,10,980,0,1980,0,659,0,0,0,0,0,0,0,613,984,206,1000,0,0,0,742,0,0,272,0,0,0,399,0,2166,0,766,1593,0,595,0,0,399,0,601,1450,0,298
0,0,0,0,224,0,0,0,0,0,0,0,0,24,0,760,83,891,0,1972,0,696,0,0,0,0,0,0,0,0,940,206,938,0,0,0,766,0,0,250,0,0,0,611,0,1960,0,772,1593,0,597,0,0,399,0,643,1652,0,300
0,0,0,0,266,0,0,0,0,0,0,0,0,0,0,805,0,780,0,2039,0,702,0,0,0,0,0,0,0,0,996,0,428,0,0,0,770,75,0,250,0,0,0,712,0,1686,0,855,1593,0,597,0,0,401,0,645,1240,0,301
0,0,0,0,0,0,0,0,0,0,0,0,0,0,0,940,0,744,0,2047,0,712,0,0,0,0,0,0,0,0,1039,0,329,0,0,0,762,75,0,252,0,0,0,442,0,1129,0,940,1978,0,599,0,0,403,0,530,1119,0,301
0,0,0,20,0,0,0,0,0,0,0,0,0,26,0,950,0,712,0,1845,0,651,0,0,0,0,0,0,0,0,1093,0,329,0,0,0,793,99,0,278,0,0,0,280,0,992,0,938,2188,0,597,0,0,405,0,448,1265,0,303
0,0,0,0,0,0,0,0,0,0,0,0,0,0,0,960,0,700,65,1803,0,603,0,0,0,0,0,0,0,0,1020,0,198,0,0,0,940,99,0,345,0,0,0,0,0,992,0,942,1787,0,599,0,0,407,0,450,1375,0,305
0,0,0,0,0,0,0,0,0,60,0,0,0,26,0,968,0,710,99,1853,0,613,0,0,0,0,0,0,0,0,885,0,99,0,0,0,996,79,0,379,0,0,0,192,0,1224,0,887,1587,0,599,175,0,407,0,452,1097,0,305
0,0,0,0,0,0,0,0,0,0,0,0,0,0,0,930,0,718,99,1898,0,619,0,0,0,0,0,0,0,0,746,0,133,0,0,0,946,75,0,426,0,0,0,317,0,1388,0,674,1964,0,655,303,0,409,0,377,982,0,307
0,0,0,0,0,173,0,0,0,0,0,0,0,42,0,783,0,645,111,1902,0,583,0,0,0,0,0,0,0,0,696,0,198,0,0,99,936,83,0,464,0,0,0,200,0,1339,0,553,2340,0,692,179,0,399,0,454,958,0,309
0,0,0,0,0,0,0,0,0,0,0,0,0,0,0,762,0,607,119,1902,0,593,0,0,0,0,0,0,0,0,738,0,266,0,0,0,950,210,0,379,0,0,0,0,0,1190,0,585,2340,0,926,0,0,393,0,454,1041,0,309
0,0,0,0,0,0,0,0,0,0,0,0,0,0,0,762,0,579,119,1904,0,823,0,0,0,0,0,0,0,0,704,0,264,0,0,0,956,319,0,276,0,0,0,0,0,1355,0,631,2340,0,1051,0,0,395,0,456,1093,0,180
0,0,0,0,0,0,0,0,0,0,0,0,0,42,0,734,0,561,119,1821,0,744,0,0,0,0,0,0,0,0,601,0,0,0,0,0,960,321,0,250,0,0,0,0,0,1240,0,623,2440,0,992,0,0,397,0,458,1093,0,0
0,0,0,0,0,0,0,0,0,0,0,0,0,0,0,720,0,569,121,1704,0,706,0,0,0,0,0,0,0,0,520,0,0,0,0,0,968,163,0,252,0,0,0,0,0,992,0,607,2926,0,990,0,0,399,0,456,1093,0,0
0,0,0,0,0,0,0,0,0,0,0,0,0,0,0,716,0,575,121,1620,0,728,0,0,0,0,0,0,0,0,524,0,0,0,0,159,940,81,0,256,0,0,0,0,0,1107,0,680,3174,0,988,0,0,401,0,458,1208,0,0
0,0,0,0,0,0,0,0,0,0,0,0,0,26,0,718,0,565,107,1303,0,774,0,0,0,0,0,0,0,0,526,0,83,0,0,0,912,42,0,109,0,0,0,0,0,1265,0,718,3174,0,986,186,0,403,0,599,1172,0,0
0,0,0,0,0,0,0,0,0,0,0,0,0,0,0,696,0,559,99,653,0,778,0,0,0,0,0,0,0,0,575,0,65,0,0,0,908,79,0,0,0,0,0,0,0,1329,0,696,3174,0,1047,321,0,405,0,797,1089,0,0
0,0,0,0,0,0,0,0,0,0,0,0,0,0,0,678,0,565,101,157,0,787,0,0,0,0,0,0,0,0,682,0,222,0,0,0,910,121,0,0,0,0,0,0,0,1097,0,700,2773,0,976,323,0,169,0,250,972,0,0
0,0,0,0,0,0,0,0,0,0,0,0,0,0,0,684,0,645,101,93,0,799,0,0,0,0,0,0,0,0,768,0,508,0,0,0,920,121,0,0,0,0,0,0,0,817,0,585,2041,0,637,325,0,0,0,0,835,0,0
0,0,0,0,0,0,0,0,0,0,0,0,0,0,0,534,0,1363,48,163,0,809,0,0,0,0,0,0,0,0,833,0,597,0,0,0,899,121,0,0,0,0,0,0,0,772,0,502,1819,0,456,325,196,0,0,0,793,0,188
0,0,0,0,0,0,0,0,0,0,0,0,0,0,0,184,0,1365,0,200,0,819,0,0,0,0,0,0,0,0,867,0,738,0,0,0,887,123,0,0,0,0,0,236,0,799,0,498,2414,0,190,327,179,240,0,276,791,0,452
0,0,0,0,0,0,0,0,0,0,0,0,0,0,0,159,0,1319,0,171,0,785,0,0,0,0,0,0,0,0,867,0,780,0,0,228,859,99,0,0,0,0,0,460,0,974,726,524,2479,0,0,329,0,415,0,198,1031,0,411
0,0,0,0,0,0,0,0,0,0,0,0,0,0,0,161,0,1263,0,486,0,758,0,0,0,0,0,0,0,0,803,0,714,0,0,0,843,99,0,0,0,0,0,420,0,1150,343,607,2654,0,0,331,0,415,0,0,1204,0,325
0,0,0,0,0,0,0,0,0,0,123,0,0,0,0,212,0,996,77,2057,0,734,0,0,0,0,0,0,0,0,698,0,581,0,0,0,817,99,0,0,0,0,0,579,0,1137,0,655,2951,0,0,333,303,173,0,242,1194,0,327
0,0,0,0,0,0,0,0,0,0,200,0,0,0,0,204,0,974,115,2680,0,720,0,0,0,0,0,0,0,0,714,250,478,0,0,0,772,99,0,0,0,0,0,696,0,1097,0,706,3249,0,173,335,161,0,0,486,462,0,327
0,0,0,0,0,0,0,0,0,0,200,0,0,0,0,159,0,938,115,2233,0,595,0,0,0,0,0,0,0,0,797,510,444,0,0,0,718,91,0,151,0,0,0,557,0,1101,0,744,3578,0,420,337,0,0,0,490,738,0,327
0,0,0,10,0,0,0,0,0,0,167,0,0,0,0,103,0,944,117,1585,0,538,0,0,0,0,0,0,0,0,768,266,319,0,0,248,674,91,0,109,0,0,0,462,0,1039,0,688,3582,0,192,339,204,0,0,492,696,0,327
0,0,0,0,0,0,0,0,0,0,30,0,0,0,0,0,0,950,117,1176,0,470,0,0,0,0,0,0,0,0,653,0,395,0,0,0,666,149,0,0,0,0,0,438,0,996,0,589,3372,0,0,143,490,0,0,494,696,0,327
0,0,0,0,0,0,0,0,0,0,0,0,0,0,0,0,0,978,119,1156,0,500,0,0,0,0,0,0,0,0,593,0,395,0,0,0,676,0,0,155,0,0,0,415,0,1000,0,551,3140,0,0,0,492,0,0,496,696,0,329
0,0,0,0,0,0,0,0,0,0,0,0,0,0,0,0,0,994,119,1162,0,357,0,0,0,0,0,0,0,0,593,0,393,0,0,182,647,93,0,149,0,0,0,397,0,1002,0,547,2918,0,270,0,165,0,0,500,698,0,151
0,0,0,0,0,0,0,0,0,0,0,0,0,0,0,0,0,1002,121,1218,0,300,0,0,0,0,0,0,0,0,593,0,131,0,0,216,623,93,0,157,0,0,0,432,0,1053,0,444,2876,0,462,0,0,0,0,502,641,0,0
0,0,0,0,0,0,0,0,0,0,0,0,0,0,0,0,0,1008,123,1190,0,353,0,0,0,0,0,0,0,0,595,0,262,0,0,0,629,52,0,89,0,0,0,504,0,1148,0,373,2586,0,559,204,0,0,0,504,484,0,0
0,0,0,30,0,0,0,0,0,0,0,0,0,0,0,0,0,1012,123,1192,0,472,0,0,0,0,0,0,0,0,629,0,609,0,0,0,643,0,0,0,0,0,0,540,0,1192,0,377,1785,0,436,363,0,252,0,212,426,0,0
0,0,0,0,0,0,0,0,0,0,0,0,0,0,0,0,0,1018,123,1254,0,268,0,0,0,0,0,0,0,0,655,313,315,0,0,0,653,83,0,153,0,0,0,456,186,1196,1140,563,1628,0,0,365,333,434,0,0,428,0,0
0,0,0,0,0,0,0,0,0,0,0,0,0,0,0,0,0,1021,125,1258,0,0,0,0,0,0,0,0,0,0,659,177,198,0,0,0,659,161,0,117,0,0,0,397,0,1200,1190,579,1620,0,0,369,502,434,0,0,428,0,0
0,0,0,0,0,0,0,0,0,0,0,0,0,0,0,0,0,1002,125,1261,0,0,0,0,0,0,0,0,0,0,660,0,198,0,0,0,662,0,0,184,0,0,0,399,0,1202,1190,496,1785,0,242,375,210,436,0,0,430,0,0
0,0,95,0,0,0,0,0,0,0,0,339,0,0,0,0,0,994,125,1212,0,0,0,0,0,0,0,0,0,0,625,274,198,0,0,0,704,182,0,254,0,0,0,478,0,1311,1868,498,1728,0,593,377,0,256,0,0,524,0,196
0,0,0,0,0,0,0,0,0,0,0,0,0,0,0,0,0,1014,127,1170,0,258,0,0,0,0,0,0,0,0,595,91,141,0,0,250,736,0,0,89,0,0,0,599,440,1277,5121,500,1914,0,696,159,0,0,0,0,599,0,141
0,0,0,0,0,0,0,0,0,0,0,0,0,0,0,0,0,1031,127,1289,0,365,0,0,0,0,0,0,0,0,631,145,420,0,0,0,664,123,0,161,0,0,0,633,440,1008,3622,504,2083,0,694,0,0,0,0,0,599,0,0
0,0,0,0,0,0,0,0,0,0,0,0,0,0,0,0,0,1000,127,1619,0,234,0,0,0,0,0,0,0,0,137,0,420,0,0,0,541,16,0,0,0,0,0,617,0,750,3275,530,2198,0,694,0,0,0,0,0,601,0,190
0,0,0,0,0,0,0,0,0,0,0,0,0,0,0,0,0,908,129,1751,0,0,0,0,992,0,0,0,0,0,0,0,157,0,0,230,520,0,0,0,0,0,0,621,0,752,3370,500,2339,0,694,0,0,0,0,0,603,0,339
0,0,107,16,0,0,0,0,0,0,0,0,0,0,0,0,0,944,117,1914,0,0,0,0,591,0,0,0,0,0,0,145,448,0,0,230,514,103,0,0,0,0,0,563,0,853,3792,395,2331,0,694,0,0,0,0,692,722,0,339
0,0,0,0,0,0,24,0,0,0,0,0,0,0,0,0,0,1053,111,2229,0,0,0,0,0,0,0,0,0,0,0,145,696,0,0,0,532,111,0,87,0,0,0,611,0,897,4022,399,1140,0,559,234,0,0,0,1593,793,0,339
0,0,0,0,0,0,0,0,0,0,0,0,0,0,0,0,0,1172,111,2212,0,0,0,0,0,0,0,0,0,0,0,83,758,0,0,0,577,111,0,0,0,0,0,678,0,809,3981,403,776,0,464,407,0,0,0,2517,855,0,339
0,52,0,0,0,0,0,0,0,0,0,0,0,0,0,0,0,1232,113,2221,0,0,0,0,0,0,0,0,0,0,0,75,684,0,0,0,601,141,0,0,0,0,0,631,0,813,4019,405,764,0,464,171,0,0,0,3088,954,0,341
0,0,0,0,0,0,0,0,0,0,0,0,0,0,0,0,0,1369,38,2321,0,99,0,883,0,0,0,0,0,0,286,1212,498,0,0,0,607,131,0,153,0,0,0,597,0,772,3985,171,764,0,194,0,0,0,0,2501,1172,0,341
0,0,0,24,0,0,198,0,0,0,0,42,0,0,0,0,240,1375,0,1954,0,232,0,1696,0,0,0,0,0,0,827,2787,724,0,0,0,625,111,0,262,0,0,0,575,0,714,3846,0,764,0,0,0,0,0,0,2146,1585,0,341
0,0,0,0,0,0,0,0,0,0,0,0,0,0,0,597,361,1379,0,1835,0,399,0,2029,331,0,0,0,0,0,1020,2977,1071,0,0,0,672,256,34,89,0,0,0,498,0,647,3747,0,764,0,274,282,0,0,0,2229,1928,0,341
0,0,0,0,0,0,0,0,0,0,0,0,0,0,0,758,121,1220,0,1914,0,184,0,2454,438,0,0,0,0,0,1261,3031,1014,0,0,373,740,399,0,0,0,0,0,500,0,599,3792,87,764,0,468,426,0,0,0,2075,1890,0,341
0,0,0,0,0,0,0,0,0,0,0,0,0,0,0,1644,0,1180,0,1787,0,0,0,2606,403,0,0,0,0,0,1293,3229,623,0,0,242,774,401,58,0,0,0,0,452,0,601,4175,252,764,0,468,430,0,0,0,2106,1981,0,341
0,0,0,0,0,0,0,0,0,0,0,0,0,0,0,1849,288,1496,0,744,0,0,0,3612,252,0,0,0,0,0,1150,3326,722,0,0,0,660,403,0,0,0,0,0,420,0,657,4374,444,764,1571,468,434,415,222,0,2346,2075,0,200
0,0,0,0,153,0,232,0,0,0,0,0,0,0,0,2735,494,1599,0,597,0,0,0,3961,0,0,730,0,0,0,1053,3445,1055,0,0,266,581,407,0,0,0,0,0,420,0,698,4342,454,764,2975,468,438,998,488,0,2537,1466,0,0
0,0,0,0,0,0,397,0,0,0,0,0,0,0,0,3612,496,1708,0,744,0,228,0,4100,149,0,411,0,0,0,1029,3297,1196,0,0,292,585,411,0,0,0,0,0,524,0,698,4251,153,764,2579,470,530,1000,204,0,2577,1807,0,0
0,0,0,0,0,0,175,0,0,0,0,0,0,0,0,4177,498,1809,0,551,0,393,0,4177,149,0,99,0,0,0,1140,2277,1025,0,0,149,536,413,0,0,0,0,0,595,0,694,3834,0,764,843,276,603,1002,0,748,2749,1807,0,0
0,0,0,0,0,159,0,0,0,0,0,0,0,0,0,6238,766,1860,0,549,0,395,0,4181,149,0,99,0,0,0,1400,2721,1121,0,0,149,498,415,0,0,0,0,0,595,0,799,3636,0,672,0,0,609,1002,331,2644,3142,1803,0,236
0,0,0,24,0,75,0,301,0,0,0,0,0,0,996,6440,720,2007,0,686,0,182,0,4280,149,986,133,0,0,0,1539,2999,996,0,0,206,500,417,0,0,0,0,0,597,0,853,3513,298,611,292,256,613,335,498,2969,3832,1801,0,357
0,0,0,0,0,0,0,559,0,0,0,0,0,0,4302,6563,976,2116,0,676,0,0,0,4266,149,494,137,0,0,0,1541,3045,1123,0,0,307,502,522,0,198,0,0,0,538,0,795,3414,250,613,502,474,617,540,498,2969,4270,1894,0,359
0,0,0,0,0,0,0,573,0,0,0,0,0,0,6284,6591,1178,2190,0,645,0,0,0,4169,149,0,137,0,0,0,1472,3049,1184,0,0,1864,470,603,0,301,0,0,0,496,359,893,2388,0,617,502,474,623,712,498,2969,4423,1928,206,359
0,0,0,149,0,0,0,740,0,0,0,0,0,0,8269,6165,992,2339,0,649,0,224,0,4209,149,0,133,0,0,0,1388,3053,980,0,0,1220,448,605,0,81,0,0,0,498,609,934,1620,0,619,506,476,627,226,498,2267,4784,1904,837,363
0,0,0,0,0,0,0,549,0,0,0,0,0,0,9015,5962,906,2460,0,738,0,401,0,3997,149,0,133,0,0,0,932,5008,653,0,0,1234,450,466,0,0,0,0,0,208,774,950,1521,81,643,514,169,534,0,498,2507,4907,2120,992,369
0,0,0,0,0,0,0,551,0,198,0,0,0,0,9100,5933,1097,2567,0,833,0,403,0,3606,149,0,133,0,0,0,879,5568,266,0,0,1053,490,399,0,0,0,0,0,0,893,992,1422,300,698,520,0,468,365,500,3683,4861,2275,994,375
0,0,26,0,0,0,0,555,0,0,0,0,0,0,9134,5504,1414,2539,0,780,0,405,0,3679,175,341,133,0,0,0,835,5814,385,0,0,736,518,456,0,0,0,0,1736,0,760,992,1331,500,502,524,0,468,660,502,4465,4342,2275,994,381
0,0,0,0,0,0,0,522,0,0,0,0,0,1087,9128,5189,2842,2537,0,740,1660,405,0,3618,303,0,137,0,0,0,799,5704,232,0,0,367,541,500,0,0,0,0,2975,288,694,992,1174,504,1287,317,321,470,754,169,4479,3572,2384,998,385
0,0,0,0,0,0,0,357,0,0,0,0,0,3257,9136,4822,3138,2487,0,899,2995,407,0,3542,649,0,137,0,0,0,670,5617,0,0,0,460,559,746,0,0,0,1323,2975,528,694,992,1033,506,1884,0,482,474,869,0,4191,3168,2571,803,194
0,0,0,0,0,0,0,327,0,0,0,0,454,2418,9134,4294,3495,2416,0,966,3487,409,0,3535,1365,1018,137,0,0,0,764,5613,311,0,149,494,748,1012,0,0,0,1983,2912,597,637,978,926,621,1942,0,700,478,1240,278,3771,2904,2555,498,0
0,0,0,0,0,0,0,363,0,0,0,0,629,438,9116,3836,4550,2317,0,1025,3981,409,0,3580,2577,1989,682,0,0,0,899,5609,490,0,0,817,897,1111,0,175,0,1983,1281,492,770,1206,835,756,2216,0,700,482,1382,514,4086,2898,2696,500,0
0,0,0,0,0,373,0,379,0,1335,0,250,1805,581,9128,3027,4794,2180,0,1196,3380,240,1976,5369,2985,1985,1091,841,1777,2231,1404,5883,305,1922,1365,1021,942,1111,0,498,662,1983,1085,434,954,1329,736,926,2711,0,482,484,1382,516,4832,2993,2834,502,266
0,0,0,0,0,992,0,381,1025,2021,1101,0,2295,1841,9144,2977,5260,2182,0,1238,3229,0,2967,5274,2333,2426,1089,2265,2977,2108,2128,6254,399,3475,3646,1228,960,1168,0,498,2910,405,1061,436,1563,1398,290,292,3207,0,482,486,900,518,4883,3003,2660,502,403
0,0,121,0,0,1214,0,1039,1541,2031,3227,0,2267,1866,9132,2301,5587,2184,1244,1619,3451,220,2969,4744,1585,2463,1087,2604,2975,1379,2281,6424,426,3281,3975,1260,1142,1373,1273,500,2975,234,1004,438,1743,1448,0,99,3372,0,482,488,557,520,5373,3013,2463,506,405
0,0,198,0,0,1684,0,1379,1926,2021,3283,0,2184,1700,9134,2210,5699,2297,1972,1970,3816,395,2523,4820,1488,1690,1085,1063,3421,1273,2204,6264,494,2148,3644,1730,1500,1523,2479,500,2553,647,1041,438,1785,1517,0,0,3429,0,482,492,807,524,6198,3021,2688,512,409
0,0,121,367,0,1932,510,1759,1664,454,688,2233,629,1894,9136,2190,5552,2402,1954,4145,4026,397,1896,4971,1644,1531,1081,2503,5381,1337,2362,5907,1446,1757,3388,2406,1597,1779,1587,502,595,793,1196,442,1843,1716,0,0,3658,0,480,494,984,526,6506,2940,2582,516,413
0,0,0,597,0,3431,1531,2333,549,234,567,2963,1002,2063,9132,2194,6157,2840,1940,4314,4167,496,2781,5054,1789,962,1079,3185,6145,1186,2229,5948,1716,3487,3064,4001,1849,2059,833,460,395,793,1156,442,1884,1581,0,0,3826,300,482,496,984,528,6553,3043,2297,504,417
0,0,0,595,0,4124,1531,3245,549,0,696,1488,895,2438,9130,2229,6748,3191,1972,4316,4302,557,2745,5455,1803,932,1075,3513,6906,1825,2450,6325,1896,5324,2789,4259,2529,2269,597,397,476,530,1131,444,1993,1646,0,462,3923,563,482,498,932,530,6553,3225,2259,1075,420
0,0,0,528,0,4074,1220,3437,720,0,908,335,799,2904,9132,2124,7002,3860,1983,4971,4264,690,2820,6113,1906,1426,1073,3485,7747,2731,2590,6754,841,6014,2688,4401,3102,2499,597,399,534,413,1154,446,2095,1728,0,793,3880,599,482,502,897,532,6240,3443,2106,1014,422
0,0,0,397,192,4022,597,2846,990,0,914,528,809,3158,9009,1868,7232,4266,1962,5885,4237,795,3297,6369,2348,1607,1355,1934,7749,2739,2680,7041,502,5980,2321,4649,3695,2864,601,405,442,415,1170,448,2182,1785,0,910,3519,655,482,504,966,532,5992,3628,1912,498,426
0,0,0,290,184,4520,597,3566,1258,117,845,315,1057,3045,8934,1791,7488,4233,1357,6420,4421,930,2801,6486,2592,1309,1529,2241,7293,2797,2573,7035,920,5736,2142,4590,4284,3263,482,405,377,419,1269,450,2608,1728,0,1299,3312,696,482,764,1000,534,5808,3618,1793,631,468
0,0,0,202,617,6012,597,4235,1230,0,1071,0,1410,2908,8938,1779,6811,4548,996,6282,4520,1202,1874,6264,2364,1295,1388,2342,5937,2880,2297,6700,992,5486,2402,3675,4270,3412,399,405,375,424,1434,452,3074,1724,0,1734,3312,593,482,895,849,536,5250,3576,1793,698,500
0,0,0,837,990,6206,813,4334,873,0,1140,0,1704,3225,8939,1981,6284,4953,926,6044,4602,1428,1904,5653,2801,1400,978,2469,4145,3106,2463,6538,847,5647,3053,3344,4427,3608,399,353,399,252,1488,454,3074,1785,0,2051,3392,522,484,897,768,740,5157,3818,1777,756,502
0,0,0,1127,785,6196,996,4223,1111,0,1204,0,1868,3336,8951,2255,6032,5288,799,6014,4562,1619,4641,5474,2940,1436,728,1476,4332,3382,2842,6534,625,5744,3842,2791,4153,3900,401,357,415,0,1809,454,3991,2017,0,2009,3618,218,202,897,787,873,5391,4030,1660,799,504
0,0,0,607,198,6502,956,4711,1535,0,1418,67,1843,3283,8945,2368,5032,5804,1041,5988,4802,1712,4040,5500,2747,1498,855,2073,5010,3548,2872,6718,601,5978,4161,3418,2963,4378,401,381,413,0,2414,649,4413,2182,0,1942,3818,0,0,899,787,863,5462,4058,1238,805,466
0,0,0,343,571,6899,498,5155,1622,0,1525,686,1775,3336,8930,3136,4294,6105,1325,6129,4935,1900,3251,5593,2682,1549,897,2067,5506,3888,3168,7109,595,6460,5066,3420,2418,4750,200,383,488,0,2579,793,4098,2223,0,1666,3907,0,0,954,787,1089,5341,4183,986,801,448
0,0,0,256,875,7210,532,5111,1589,99,1640,405,1944,3677,8936,3550,7730,5986,1390,6300,5088,2114,3412,5659,2955,1728,895,2124,5219,2779,3634,6662,651,6353,5318,3420,2519,4929,0,361,458,0,2406,793,4592,2281,0,1123,3907,0,0,1297,904,1142,5256,4213,982,857,452
0,0,0,202,242,7337,595,5215,1587,307,1682,415,2059,3975,8930,3777,7045,5710,1930,6474,5405,2138,3191,5845,3239,2590,893,2696,5119,1125,3901,6373,750,7065,5615,3140,3037,5036,298,349,484,0,2335,631,6613,2281,595,843,4205,0,0,1670,988,1095,5256,4235,978,1131,458
0,151,0,343,377,7265,657,5002,1642,403,1680,438,2715,4122,8928,3935,6833,5651,2033,6833,5716,2261,2924,5784,4040,2985,891,3148,5482,912,3931,7402,793,7422,5802,4546,3544,5096,1190,351,520,0,3372,585,6823,2281,1248,1103,4449,0,0,1789,1047,982,4913,4155,986,1468,462
0,472,0,276,651,7470,720,4584,1795,409,1676,456,3168,4471,8936,3900,6657,5764,1646,7260,5839,2396,3025,4742,4342,3239,970,3356,6020,974,4020,8029,2114,8150,5978,6208,3634,5080,1190,379,512,317,3987,617,6625,2223,1388,1613,4671,0,276,1853,1152,781,4788,4264,1107,1708,466
0,597,0,210,526,7966,756,3181,2612,415,942,472,3231,4665,8938,3888,5841,6117,1884,7450,6103,3009,3358,4443,4663,3306,1079,3602,6000,545,3860,8454,2781,8725,6383,7579,3304,4705,1039,444,520,464,3665,740,6081,1736,1517,1628,4711,0,492,2007,1196,605,4873,4546,1382,1498,541
0,682,0,212,246,8259,817,3289,2033,420,1222,678,3326,4673,8943,4120,5873,7160,2317,7797,6303,3870,4824,4354,4871,3360,1113,3818,5578,926,3550,8993,2894,8932,6387,6724,2949,4241,1119,524,444,464,2973,813,5488,1388,1587,1349,4826,0,494,2085,1079,543,4873,4770,1527,1055,597
0,587,0,343,605,8569,877,3719,2134,424,1289,851,3523,4649,9493,4348,6105,7500,2430,8174,6639,4076,5810,4332,5040,3467,891,3747,5700,1079,3650,9773,2983,8382,6214,5236,2707,4326,1250,557,399,214,3249,895,5570,1575,1587,1190,4909,0,494,1976,994,545,4856,5030,1480,900,603
0,581,0,752,1180,8354,950,3834,2225,575,1501,859,3598,4836,9727,4713,6184,7611,2446,8479,6549,4136,6540,4372,5560,3580,702,3743,6918,1037,3777,10461,2989,7950,6200,4159,2638,4328,1285,742,399,341,3769,952,6623,2711,1587,484,5403,0,496,1537,857,635,4842,4982,1470,908,825
0,575,0,795,1617,7890,1073,3830,2374,700,1767,1162,3654,4961,9408,5076,6022,7507,1684,8547,6145,4128,6865,4362,6151,3616,797,3784,7640,1131,3858,11157,2815,7859,6327,4199,2354,4249,1355,873,375,468,3594,859,6662,3035,1587,0,5893,0,498,1279,787,611,4770,4671,1500,960,1069
0,379,0,801,1299,7254,1488,2565,2705,706,1859,1658,3913,4961,9277,5262,6208,7706,321,8126,5756,3642,6938,4782,7000,3443,795,3848,7622,1624,3983,11570,2438,8063,6577,4673,2108,4145,1388,875,329,470,3570,742,6746,3273,1587,0,6363,0,555,1353,787,549,4536,4387,1519,1012,1174
0,157,0,805,500,6067,1303,2176,2908,645,2027,1702,3898,4729,9314,4546,5191,8021,0,8033,5478,3475,7063,5232,7012,3519,793,4136,7716,2442,3792,11474,2398,8313,6891,4844,2029,4145,1492,877,309,520,3544,722,6807,3505,1587,0,6702,0,540,1513,787,724,4568,4266,1396,998,1063
0,198,0,738,500,5098,1168,1940,2809,486,2170,1115,3017,4332,9330,4332,4308,8515,0,7704,4330,3977,6821,5092,5966,3582,791,4064,7739,2590,3053,10292,2075,9084,7414,4362,1609,4078,1567,807,188,553,3364,734,6605,3669,1587,0,6282,323,500,1472,672,845,5012,3911,889,1051,403
0,198,660,518,502,3765,1505,1406,2507,401,2253,87,2059,4574,9519,3529,4524,8430,0,6161,3719,4165,4848,4282,5375,3001,762,3969,6478,2856,2229,9618,1815,9503,6831,4140,1234,3981,1277,662,0,522,3471,734,6133,3646,2041,0,3533,603,500,1218,595,837,5046,3277,464,1260,317
0,196,0,0,0,2616,0,0,0,405,0,0,0,4475,0,0,0,7533,0,0,0,4159,0,0,0,1757,0,0,0,2890,0,0,0,8003,0,0,0,3723,0,0,0,474,0,0,0,3838,0,0,0,605,0,0,0,837,0,0,0,1216,0
0,194,990,375,448,2580,1845,349,2386,409,3233,171,1827,4364,9570,2965,3461,3943,0,4104,3866,5012,3128,4205,5066,1656,718,4471,4802,2725,1765,7968,567,6180,5681,3892,1115,3168,1071,549,0,476,3620,734,6186,3529,2579,0,2128,609,502,1037,597,653,5046,3463,365,1075,494
0,420,1142,250,399,2523,1585,276,2664,510,2390,518,1839,4294,9622,3201,3423,3255,0,2501,4104,4969,1035,3856,5191,1480,653,4358,3374,2727,1831,6363,0,5516,5308,3792,1164,2586,776,494,0,149,4183,734,6496,3570,2579,0,2158,613,502,992,657,563,5121,3675,369,1208,498
0,492,1313,395,444,2521,1611,357,3539,651,2333,543,2035,4181,9759,3388,3394,3451,0,1821,4114,4949,599,3320,5316,1323,599,3731,2894,2840,1831,5524,770,5181,5219,3769,1208,2091,583,482,0,198,4887,734,7012,3636,2926,0,2331,686,230,992,643,305,5175,3249,373,1333,147
0,492,996,500,476,2696,1650,551,4643,748,2204,922,2297,4443,9866,3388,3511,3656,0,1855,4019,5004,603,3064,5466,1240,522,2097,3033,3338,1833,5236,1765,5538,5272,3957,1464,1563,795,516,0,264,5488,734,6988,3471,3406,0,2400,793,0,1111,605,0,5040,2967,375,1622,0
0,490,994,714,478,2739,1730,666,4165,789,2344,1297,2541,4675,9933,3348,3747,3634,0,1809,3957,5270,1726,3080,5443,1196,458,1813,3031,3330,1835,5167,1985,5962,5195,4151,1496,1190,942,540,0,0,5885,734,6879,3074,3739,0,2400,793,0,1194,607,331,4844,2602,448,1700,0
0,494,992,845,994,2773,1775,1140,3673,1012,2442,1327,2737,4580,9981,3636,3951,3671,0,1456,3782,5516,3209,3189,4865,1174,458,2269,3021,2791,1741,4586,2114,6117,5149,4385,1392,1236,942,633,0,0,6258,783,6184,3074,3868,0,2285,702,0,1129,609,567,4812,2380,504,1638,0
0,177,990,1065,1563,2285,1781,1464,4100,1252,2388,1210,2898,4395,10060,4064,4173,3961,0,1347,3927,5790,3223,3328,4149,1232,456,2011,3174,2963,1732,4387,2102,6367,5137,4372,1311,1315,942,732,0,0,5843,787,5353,3189,4354,0,2229,1004,0,1031,609,569,4861,2374,619,1690,0
0,0,1174,1660,1773,2838,1872,1402,4485,1480,2430,1305,2963,4502,10084,4520,4518,3578,260,1492,4193,6028,3598,2648,3792,1269,456,1375,3505,3259,1890,4493,2162,6599,4871,3850,1337,1349,772,760,0,198,6149,718,4800,3273,4421,0,2493,1430,0,902,611,708,4858,2789,702,1579,0
0,0,1607,1976,2089,3132,2178,1472,5687,1702,2640,1478,3027,4685,10175,5016,4643,2725,799,1535,4616,6212,3870,2297,3408,1271,426,1369,3669,3193,2075,4489,2295,6385,4818,3626,1349,1349,797,688,0,292,6750,694,3965,3330,4463,0,2735,1884,0,756,611,853,5000,2983,666,1615,0
0,0,1892,1987,2142,3620,2981,2333,5887,1902,1944,1793,3374,4794,10239,5913,4590,2110,992,1575,4772,6173,4124,2579,2731,1317,401,1805,3755,2765,2380,4748,2344,6294,4699,3421,1382,1349,791,682,0,504,7359,694,3606,3372,4463,827,2662,2083,0,692,611,1002,5050,2864,641,1698,0
0,0,2095,2402,2515,3909,3217,4062,6180,2099,2029,2027,4306,4816,10280,6528,4493,2210,982,1611,4697,6129,3886,2826,2471,1430,401,1918,3995,3195,2555,4778,2293,6611,4693,2963,1454,1222,734,750,0,508,7801,627,4259,3372,4873,1289,2579,2140,0,813,611,1704,4939,2779,676,1795,0
0,0,2003,2555,2854,4171,3350,4818,6543,2237,2337,3306,3898,4625,10294,6585,4740,2275,972,1615,4804,6284,4050,3076,2372,1406,401,1985,4381,3364,2622,4326,2231,6674,5127,2662,1212,1166,768,845,0,510,8075,516,4520,3487,5189,1908,2346,2297,309,948,613,1847,4764,2779,813,1991,0
0,0,1956,2690,3057,4479,3394,5363,6768,2674,2527,4034,4024,4241,10022,6897,4980,2235,960,1620,4629,6381,4181,2985,2297,1339,399,1981,4610,3469,2555,3487,1978,6545,5318,2838,1033,1226,926,893,0,494,8229,599,5792,3429,5353,2138,2156,2495,532,1045,613,1724,4939,2662,1010,1845,361
0,0,2059,2638,3384,4808,3394,5671,6833,3253,2579,4413,4064,3790,9872,7200,4669,2073,980,1654,4524,6345,4649,3209,2089,1432,399,2162,4832,3584,2313,3390,1884,6024,4959,3499,1014,1250,992,893,0,353,8394,772,6476,3372,5455,2138,2283,2231,534,1089,613,1565,5298,2168,1091,1505,545
0,0,2182,2670,3975,5034,3406,3979,7176,3775,2348,5191,2686,3251,9892,7436,4120,1920,966,1908,4558,6311,4691,3997,1908,1638,149,2289,5232,3505,1755,2719,1829,5361,4538,3110,1033,1285,992,893,0,379,8785,912,6952,3487,5340,2140,2418,2521,536,1089,615,2382,5891,1983,1091,1386,182
198,0,2299,2711,4298,5167,3439,1002,7622,3913,2005,6504,2533,3469,9913,7444,4358,1862,948,2124,4455,6179,4506,4959,1950,1795,99,2319,4772,3570,1299,2243,1783,4911,4219,3283,1008,1345,992,916,0,274,9261,946,7527,3685,5443,2138,2465,3586,536,1089,617,2192,6202,1999,918,1626,0
754,0,2414,2100,4508,5250,3455,1916,7916,3919,1747,7678,2771,3515,9366,7408,6541,1926,1002,2440,4463,5942,4685,5298,2003,1900,0,1847,4134,4169,1656,1916,1779,4280,4175,3441,920,1369,968,932,0,347,9588,982,8247,3884,5867,2140,2460,3727,538,1089,619,2148,6341,1819,801,2033,347
1111,0,2483,2206,4677,5821,3487,2916,7985,3907,1706,7682,2844,3479,8208,7396,7668,1910,1021,2696,4469,5484,5082,6095,2116,1950,149,1343,3987,4548,1736,1724,1688,4197,3991,3479,1168,1148,998,1012,0,472,9620,916,8711,4181,6303,2142,2477,4001,538,1093,619,2882,6186,1682,807,2257,599
1236,0,2406,2287,4832,6924,3616,3568,7898,3884,1769,8408,2662,3544,7166,7016,7460,1862,2549,2884,4413,5074,5451,7428,2255,1898,99,1478,3733,4832,1684,1740,1626,4094,3919,3667,1301,946,1101,1333,0,595,8709,833,8777,4578,6655,2144,2384,4280,540,1097,621,2696,5952,1682,1035,2471,599
1468,0,2235,2350,4842,7279,3846,3848,7694,4253,1801,8781,2569,3540,5913,6944,7533,1797,2767,3239,4356,5048,4409,8386,2319,1823,165,1833,3749,4360,1218,1620,1622,3925,3995,3830,1289,1016,1196,1529,157,496,8005,984,8263,5213,6647,2229,2218,4711,541,1097,621,2444,6012,1734,1099,2309,601
1634,0,2380,2360,4925,7517,4104,2612,7295,5088,1880,8969,2553,3455,5895,7107,7220,1446,2545,3400,4497,4758,3784,8941,2329,1868,307,1636,4996,4423,895,1771,1716,3921,3832,3999,1246,1184,1137,1632,159,347,8142,1075,6861,5488,6323,2344,2368,5349,543,974,623,2602,5895,1827,347,1515,603
1747,0,2584,2465,5040,7970,4320,1807,7055,5651,1882,9199,2426,3578,5925,7178,7416,1313,2245,3582,4764,4576,3614,8779,2225,2126,399,1496,6119,4649,861,3267,1876,4028,3489,3957,1250,1482,1140,1666,0,397,8688,1250,5562,5379,5960,2505,3130,5831,633,849,625,3047,5314,2465,540,982,466
1801,0,2787,2493,5014,8134,4461,1422,6948,5768,1775,9499,2311,3180,6087,7125,6567,1293,2166,3820,4917,3739,3806,8039,2150,2299,399,1496,5849,4659,833,3798,1936,4030,3398,4013,1230,2017,1577,1620,0,397,9068,1099,3898,5570,5885,2642,3759,6462,698,821,625,3271,4532,3025,500,1133,258
1797,0,3090,2253,4957,8198,4520,1743,6746,5336,1730,9485,2396,2600,6153,6984,5488,1430,2297,4504,5020,2820,4056,7708,2293,2301,397,1496,7158,5042,839,4407,1932,3808,3511,3979,1260,2212,1928,1517,0,508,8130,992,1970,5653,5996,2594,3372,6990,698,821,785,3273,3983,3487,502,1402,565
1795,0,3080,1993,5034,8261,4618,2301,6397,4346,1650,9493,2446,1944,6179,6645,5314,1488,2539,4665,4919,2388,4193,7458,2610,2039,175,1745,7448,5552,845,5048,1932,3915,2684,3622,1269,1815,1751,1513,0,496,6536,928,1148,5835,6252,2218,2880,7238,754,926,900,3118,3888,3874,502,1418,639
1795,0,3172,1845,5217,8360,4717,2469,6105,4221,1563,9497,2376,1569,5695,6198,5258,1492,2339,4697,4598,2398,3701,6869,2709,2073,0,2124,7906,6226,752,6248,1928,4020,1932,3529,1291,1488,1743,1617,0,321,5383,774,1273,6313,6323,1656,3011,7537,1065,938,950,2446,3822,4231,502,1377,698
1789,0,3358,1851,5320,8275,4776,2251,5651,4060,1494,9592,2317,1099,5147,6242,5395,1498,2245,4447,4280,2406,3402,6746,2886,2087,0,2521,8112,6311,601,6748,1920,4189,1743,3850,1242,1620,1821,1620,0,373,4788,843,1535,6980,6248,1488,3219,8210,1275,780,986,2156,3824,4030,504,1559,615
1892,0,3443,1857,5316,7513,4800,2116,5224,2880,1406,9654,1952,902,4959,6272,5665,1517,2301,4290,4290,2152,4020,6432,2914,2108,0,2545,7569,6714,809,7613,2114,4372,1628,4024,1315,1571,1908,1632,0,496,4602,1021,1726,7099,6020,1488,3374,9068,1448,700,986,2325,3800,3675,506,1581,575
2029,0,3154,1759,5030,7529,4911,2398,5169,2309,1375,9737,1593,936,4998,6385,5792,1507,2370,4637,4433,1983,4685,6022,2749,2192,0,2551,7224,6684,1004,7428,2398,4590,1436,4126,1446,1488,1914,1630,0,595,4479,1220,1936,6577,5478,1488,3497,9158,1571,627,986,2624,3963,3513,506,1382,655
2186,0,3070,1630,5034,7382,4986,2822,5096,2723,1349,9870,1476,1053,4909,6557,5603,1492,2551,4947,4376,1894,4856,5607,3138,2291,224,2452,7117,6651,966,7222,2614,4550,1496,4368,1087,1418,1795,1503,0,595,4508,1254,2257,6327,5151,1488,3703,8465,1571,575,986,2676,4336,3302,508,1418,750
2220,0,3201,1603,5088,7355,5054,2333,5006,2654,1269,9939,1454,1101,4735,5853,6121,1741,2698,5131,4304,1617,4879,5345,3636,2368,399,1954,6928,6855,670,7585,2571,4017,1793,4508,1337,1287,1700,1428,0,653,4739,1299,2225,6762,5595,1551,3435,8277,1571,764,1275,2656,4491,3235,567,1382,904
2221,0,3166,1613,4933,7501,5145,1325,4949,2481,1303,9935,1414,1067,4278,5109,6040,1841,2991,5280,4193,1333,4961,4709,4360,2301,399,1478,6643,7081,553,5338,2551,3667,1872,4671,1341,1045,1666,1476,0,730,5036,1297,1968,7097,5933,1587,3146,8370,1702,1178,1539,2765,4669,2989,611,1418,1049
2210,0,3156,1688,4971,7438,5209,774,4905,2450,1355,9921,1375,811,3594,4516,5857,1498,3306,5441,4066,1448,5724,3788,4915,2073,171,1950,6662,7500,829,3796,2606,3782,2259,4729,1529,912,1799,1533,530,708,4518,1321,2001,7061,5952,1587,3074,8602,1795,1392,1527,2918,4990,2892,960,1609,1037
2267,0,3090,1355,5064,7252,5268,780,4770,2497,1382,9866,1327,647,3293,4608,7184,1398,2884,5445,4017,1603,6224,4485,5127,1882,0,2116,7428,7700,982,3842,2670,4118,2707,4852,1728,1105,1954,1622,595,694,4427,1428,2404,6895,5833,1587,2565,9269,1795,1501,1373,2983,5950,4132,1204,1509,877
1833,173,3049,1103,5040,7073,5240,664,4570,2301,1083,9860,1321,641,3316,4744,7611,1553,2227,5419,4024,1783,6799,6200,4992,1837,0,2015,7702,7809,1035,4653,2815,4098,3104,5101,1642,1287,2049,1601,0,674,4413,1335,2610,6920,5780,1587,2632,10167,1950,1581,1174,2997,6732,5135,1204,1160,851
1714,397,2979,1113,5028,6793,5262,577,4564,2271,1000,9905,1347,676,3231,4459,7706,1468,1740,5607,3832,1902,7307,6785,4889,1740,135,2005,7924,7692,1121,5357,2985,3937,3057,4887,1664,1365,2140,1531,0,766,4614,1343,2977,6885,5851,1587,2580,10582,2174,1472,1037,3521,7591,4284,1073,1000,1014
1716,393,2832,1279,4975,6278,5457,1105,4637,2273,1012,9775,1311,680,2991,3683,7416,1396,1125,5758,3600,1755,7541,7462,4869,1684,488,2227,8299,7845,1331,4897,3076,3671,2951,4758,1809,1563,2239,1404,349,912,5599,1513,4453,6540,5976,1650,2422,9421,2091,1392,998,4122,7872,4116,758,1174,1428
1714,389,2838,1694,4633,6411,5580,1220,4681,2140,942,9249,1319,702,2997,3449,7192,1456,978,5873,3634,1638,7539,8192,4499,1624,520,2291,8811,7960,1670,4461,3237,3352,3176,4683,2029,1686,2372,1202,0,1002,6660,1547,4453,6635,6579,1686,2247,8711,1857,1392,1049,4502,7803,3925,599,1462,1698
1767,385,2830,1829,4036,6587,5564,635,4685,2182,950,9271,1327,720,2584,3037,6865,1494,916,5849,3511,1591,7835,8630,4011,1404,518,2277,9031,8150,1924,4558,3511,3374,3174,4861,2182,1547,2479,1156,0,1140,7400,1605,4453,7696,6569,1686,1960,7351,1791,1394,1085,4211,7470,4312,891,1644,1730
2033,381,2801,1924,3663,6547,5405,791,4179,2152,1043,9271,1597,766,2051,2753,6970,1593,936,5332,3217,1938,7591,9059,3965,1234,226,2511,8817,7783,2124,4159,3586,3616,3245,5161,2231,1448,2594,1190,0,1236,8333,1531,4604,8329,6676,1686,1728,6456,1662,1500,1085,3624,7075,4756,1277,1870,1182
2059,454,2577,2007,3624,6512,5026,837,3251,1569,1071,9521,2795,803,1803,2880,7039,1740,1041,4467,2676,2305,6567,9501,3921,1133,0,2579,8102,7747,2374,4235,3798,3852,3640,5320,2146,1448,2759,1190,530,1166,8737,1448,4929,8491,6811,1686,1686,6129,1642,1634,1085,3396,7154,5044,1281,2075,780
2085,470,2452,2019,3217,6307,4836,922,2696,1579,1079,10030,2892,807,1805,3098,5677,1801,1158,4328,2805,2688,5341,9562,3660,1059,450,2450,7892,7674,2493,3812,4015,3987,3749,5282,2093,1622,2840,1305,331,1091,9144,1273,5361,9128,6581,1686,1749,5831,1599,1678,970,3481,7398,5827,1023,1785,637
2007,298,2331,2142,3219,4824,4616,781,2676,1535,1101,10003,5088,940,1805,3138,5691,1672,1210,4504,3392,2765,5455,9459,3295,1212,397,2642,7864,7293,2565,3493,4019,4038,3600,5260,2223,1781,2892,1388,331,1170,9939,1244,5564,9134,6298,1686,1676,5312,1480,1573,835,3733,7993,6280,912,1595,712
1851,290,2202,2376,3225,3521,4447,615,2773,1444,1077,10036,6736,1095,1803,2971,5359,1563,1311,4512,3519,2456,5058,8846,3378,1178,397,2579,7884,7388,2650,3531,4157,3870,3072,5484,2416,1904,2916,1323,264,1295,10538,1355,5474,9066,6561,1686,1426,4582,1158,1486,847,3828,8237,6430,904,1985,793
1658,331,2063,2660,3233,3011,4389,700,2908,1404,986,9979,6780,1232,1658,2481,3749,1825,1224,4298,3558,2035,4705,8856,4066,891,395,2525,7664,7966,2692,3412,4290,3515,2636,5810,2519,1470,2777,1133,298,1428,10663,1331,4929,8920,7513,1686,1301,3759,1067,1599,748,3991,7763,6222,899,2196,795
1660,391,1993,2781,2989,2743,4334,889,3011,1200,932,9967,5919,1464,1630,2091,3148,1989,1275,4181,3489,1317,4725,9594,4984,722,180,2658,7553,8259,2908,3656,4362,3804,2577,6026,2563,787,2678,1240,403,1563,10514,1289,4417,8920,8164,1720,1317,3082,1287,1914,1194,3687,7634,6046,764,2253,976
1662,373,1972,2809,2848,2811,4070,1025,2862,1107,938,10028,5984,1549,1930,2241,3007,2005,1529,3943,2882,1083,4715,9786,5338,619,0,2674,7999,8340,3017,4151,4225,4233,2622,6248,2404,430,2723,1373,726,1587,10536,1289,4342,8539,8277,1736,1553,2999,1666,2148,1533,3281,7613,6165,768,2509,1105
1640,434,2019,2832,2856,2757,3779,1083,2555,1180,946,10112,8535,1553,2283,2834,1860,2049,2051,3640,2444,1301,5232,9243,5359,585,274,2824,8358,8412,2817,4138,3602,4675,2769,6506,2321,399,2721,1355,833,1472,10760,1438,4334,8104,8126,1736,1942,2630,2134,2194,1605,2846,7747,6250,847,2600,1045
1547,536,2057,3029,2753,2747,2531,1115,2539,1246,952,10145,9207,1494,2319,3178,1821,1997,2414,3592,2130,1444,5845,9525,5322,541,397,3059,8670,7872,2769,4195,3628,4996,2684,6567,2253,401,2755,1603,869,1133,11088,1680,4241,7847,7831,1736,2285,2007,2509,2077,1785,2846,8358,6385,772,2444,1002
1549,569,2055,3308,2674,2787,1740,1170,2511,1254,958,10116,9324,1519,2479,3213,1454,1819,2460,3872,1797,1492,6214,9580,5280,557,397,2995,8862,7410,3041,4437,4009,4475,2434,6335,2515,405,2820,1591,835,1240,11712,1803,4175,7698,7321,1736,2672,1535,2763,1783,2003,2967,8783,6454,639,2346,1055
1527,526,2055,3459,2057,2680,1583,1202,2265,1261,926,10034,9304,1343,2660,3255,1250,1678,2688,4211,1345,1537,5839,9082,5627,698,395,3166,9229,7442,3221,4691,4374,3322,2329,6857,2579,171,2767,1390,793,1587,12436,1809,4175,7281,7154,1736,3126,1293,2279,1367,2108,3049,8880,6446,524,2380,1377
1503,563,2063,3596,1575,2836,1611,1470,1753,1226,843,10019,9318,1164,2797,3136,1200,1759,3035,4370,1299,1355,5722,9205,7269,801,180,3225,8731,7476,3299,5282,4239,3033,2346,6968,2579,0,2602,1200,793,1964,12516,1740,4175,7414,7206,1767,3677,1131,1813,1394,3582,3082,8979,6446,474,2525,1710
1505,700,2033,3679,1382,3049,1377,1728,1642,1200,799,9919,9235,1192,2930,2850,1146,1859,3757,4433,1240,1248,6026,9338,7979,799,175,3181,9049,7422,3318,6163,3810,3277,2251,8023,2656,0,2519,1190,793,1983,12557,1642,4314,7734,7234,1785,4969,1079,1597,1718,5074,2963,8630,6498,476,2608,1847
1507,758,1974,3767,1238,2848,1018,1749,1662,1140,758,9862,9263,1198,3064,2275,1099,1884,4546,4395,1079,1339,7369,9336,8477,746,397,3308,9713,7876,3330,6601,3586,3451,2358,8450,2555,0,2634,956,843,1825,11871,1436,4679,8212,7388,1785,5496,1539,1843,2124,5899,2801,8247,6770,1077,2448,2057
1490,742,1819,3715,1192,2755,809,1886,1630,1095,702,9937,9249,1059,3445,1589,1097,1888,4502,4098,1061,1486,7722,9269,8636,704,155,3425,9820,8977,3370,6651,3782,3854,2592,8616,2346,0,2602,655,956,1674,11078,1359,5078,8846,7541,1785,5326,1942,2202,2533,6315,2636,7964,6843,1559,2354,1950
1345,736,1779,3638,1200,3838,496,2049,1577,1018,676,9987,9158,879,3903,1696,1031,1862,4334,3634,1375,1595,7801,9279,8834,823,349,3293,10022,8854,3152,6869,3856,4445,2614,8432,2261,0,2368,680,932,1567,10719,1166,5478,9168,7541,1785,5385,2555,1987,2840,6500,2749,8279,6653,1275,2077,1676
1144,655,1952,3558,1139,4199,500,2261,1478,952,678,9987,9150,974,3911,1720,980,1698,4054,3429,1940,1601,8099,9086,8428,936,228,3168,9991,8573,2658,7488,3544,4560,2273,8239,2579,0,2261,734,956,1613,10994,795,5917,9727,7307,1785,5800,3886,1692,2146,6724,3358,9098,6611,1162,1835,1601
1135,573,1656,3425,1095,3481,504,2519,1196,732,682,9939,9183,1067,4552,1728,1012,1583,4092,3382,2257,1537,8844,9060,8575,1014,331,3293,9971,8616,2463,7983,3142,4354,1991,8346,2826,0,2192,676,1031,1785,11403,599,6149,9473,7073,1987,6089,5389,1809,1666,6893,3870,9354,6704,1565,2108,2214
1081,597,1035,2902,1144,3170,559,2819,922,470,639,9943,9209,1119,5054,1676,1379,1589,4374,3213,2519,1620,9108,9316,8924,1057,290,3342,9951,8686,2650,8093,2878,4040,2352,8487,2916,266,2106,595,1067,1884,11714,559,5974,9572,6926,2097,6060,5728,1888,1634,7329,4056,8936,6329,1771,2446,3187
413,625,718,2436,1192,3229,633,2739,859,333,601,9973,8801,1150,5205,1523,2271,1644,4362,2924,2731,1690,9019,9632,9537,1123,290,3299,9588,6857,2795,8410,2545,4088,2886,8696,2180,403,2083,595,1226,1884,11954,563,5716,10026,6583,2097,5855,5570,2031,1728,7809,3953,8333,5058,1775,2745,5903
177,736,625,2257,1180,4312,778,3047,899,282,726,9979,8763,1154,5163,1436,2438,1743,4979,2789,2765,1751,9027,10022,10066,1402,290,3423,9380,5340,3013,8499,2426,4223,3527,9041,1926,405,2267,734,1418,1849,11740,567,5802,10320,5740,3233,5405,5740,2374,1934,7868,3654,8229,4572,1997,2878,6593
50,885,599,2194,1089,4796,950,3546,803,300,906,9979,8612,1139,5000,1646,2634,1894,4895,2791,2723,1876,10245,10362,10181,1402,292,3802,9523,4873,3711,8459,2337,4322,4134,9031,1640,407,2503,873,1557,1726,10965,571,5675,10544,4764,4229,4895,6674,2678,2037,7498,3273,8896,5022,2156,2725,7269
149,936,633,2146,986,5201,1037,3701,702,359,996,9665,7527,1085,5306,1827,2729,1983,4927,2914,2688,2039,9862,10457,9761,1537,476,4114,9610,4385,3872,8509,2287,4500,4457,8783,1527,409,2136,902,1607,1488,10608,575,5286,10614,4548,4542,4842,7559,2848,2154,7002,3445,9295,5752,2156,2402,6833
149,942,690,2152,897,5603,1065,4383,678,397,942,8281,5879,1119,5568,1860,2751,1906,4871,3269,2438,2136,10546,10106,9507,1706,397,4264,9517,4433,4094,8640,2295,4489,4403,8670,1527,514,1859,1263,1577,1523,10530,579,5137,10239,4086,4542,5034,8505,2858,2212,6799,3909,9771,6357,2085,2188,6843
149,827,726,2481,900,5657,1196,4586,827,401,873,6787,5518,1216,5560,1890,2753,1884,4655,3953,1942,2184,11078,9784,9901,1734,397,4403,9299,4550,4280,8771,2271,4237,3866,8852,1597,690,2358,1190,1472,1849,10665,583,5056,10139,4270,4510,5387,8676,2614,2168,6778,4237,10074,6623,1811,2301,8108
149,827,795,2690,906,5605,1567,4516,1184,403,799,5748,5520,1232,5744,1898,2729,2140,4858,4395,1872,2053,11054,9892,10221,1710,214,4520,9082,4701,4451,9102,2452,3878,3606,8815,1646,778,2287,1091,1438,2275,10719,706,4735,10508,4899,4076,5675,8602,2461,2160,6641,4387,9283,6349,1626,2650,10143
60,847,926,2876,914,5647,1803,3842,1351,407,756,5744,4572,1012,5740,2025,2779,2337,4639,4590,1597,1948,11002,10017,10270,1708,270,4574,9064,4980,4500,9283,2299,4098,3636,8701,1692,621,2166,1254,1567,2959,10249,700,4641,10756,5183,3370,5772,8826,2656,2614,6587,4326,7462,5958,1563,2896,11187
30,887,1180,3001,906,5564,2045,4062,1555,456,760,5865,4860,730,5625,2329,2890,2283,4818,4528,1252,2283,10863,10112,10266,1571,228,4673,9033,5375,4502,9263,2263,4241,3602,8753,1829,498,2416,1589,1716,3275,9842,635,4816,10754,5320,2755,5677,9078,3086,3263,6649,4022,7033,6113,1724,3009,11827
85,924,1154,3015,756,5538,2144,4153,1884,559,714,5103,4725,639,5462,2559,2995,2194,5145,4314,1115,2838,10754,10173,10429,1496,0,4877,8850,5387,4508,9239,2223,4572,3620,9078,1880,613,2795,1745,2083,3350,9749,684,4996,10695,5355,2438,5514,9782,3632,3539,6797,3507,7109,6660,1966,2963,11734
147,932,1085,2965,762,4370,2114,4005,2317,647,676,5276,5409,547,5552,2690,3156,1974,5181,4009,1388,2908,10661,10096,10493,1519,83,5276,8485,5318,4419,9277,2438,5230,3556,9060,1864,1242,2912,1797,2182,3080,9788,833,5177,10629,5288,2388,5679,10342,4084,3499,6906,3562,6968,7200,2202,2654,11865
284,988,1212,2834,768,3096,2029,3935,2594,783,680,5407,6996,577,5879,2507,3295,1620,4927,3771,1563,2983,10586,10122,10366,1557,0,5681,7472,5008,4651,9386,2773,5558,3477,8866,1864,1601,3245,1785,2410,3074,9888,1041,5427,10233,4925,2388,5974,10510,4499,3273,6664,3898,6732,7519,2333,2275,11962
301,1057,1361,2674,865,2408,1946,3773,2735,932,684,5439,6877,696,6218,2259,3291,1432,5101,3794,1686,3025,10401,10372,10471,1521,83,5649,6940,5082,4955,9245,2914,5286,3189,9078,2009,1769,2535,1686,2870,3203,10439,2089,5359,9138,5058,2388,6188,10614,4376,2870,6897,3868,6976,7676,2095,2378,11964
317,1107,1365,2630,1027,1216,1912,3136,2866,1071,637,5320,7063,837,6801,2190,3293,1573,5409,3810,1896,2874,10136,10463,10580,1472,0,5736,6702,5258,5195,9392,2771,4695,3241,9423,2212,1688,2263,1686,3174,3279,10996,2479,5062,9094,5441,2325,6163,10489,3642,2838,7787,3729,8083,7252,1888,2620,11968
317,1186,1515,2584,1248,839,1803,2628,2985,1115,565,5272,7738,1014,7103,2033,3271,1597,5300,3715,1859,2458,9665,10007,10625,1444,58,5984,7037,5332,5468,9652,2650,5002,3251,9927,2408,1428,2053,1797,3322,3312,11141,2396,4939,9445,5917,2289,6012,10050,3318,3126,8872,3741,8253,6748,1817,2896,11980
357,1226,1851,2547,1706,906,2251,2654,3011,1091,607,5133,8277,1073,7446,1609,3507,1607,5248,3725,1761,2368,9396,10205,10764,1432,0,6270,7593,5411,5546,10659,2370,5060,3029,10270,2535,1418,2081,1813,3308,3267,10992,2432,5260,9376,6264,2467,5548,9820,4128,3479,9709,3550,8051,6627,2035,3285,11330
486,1295,2043,5518,1860,1553,2212,2757,2894,1202,649,4933,8567,1031,7775,1269,3784,1747,5268,3818,1894,2670,8630,10219,10820,1458,0,6319,8029,5393,5113,10705,2632,5183,3009,10449,2231,1815,2277,1636,3416,3130,10784,2495,5459,8840,6315,2392,5605,10354,4992,3876,9977,3142,8255,6694,2235,3475,10828
589,1430,1908,6508,2039,1813,2158,2757,2789,1345,672,4955,8928,1025,8130,1384,4009,1668,5141,4040,2035,2904,7964,9429,10554,1517,99,6198,8122,5835,4132,10776,2884,5377,3098,9854,1908,2342,2454,1611,3521,3055,10673,2426,5278,8021,5720,2285,6514,10546,5278,3983,9582,3178,8586,6837,2269,3299,11336
643,1438,1914,6510,2156,2194,2134,2922,2759,1390,722,4975,9735,1176,8577,1525,4374,2327,5127,4586,2162,3013,7851,8045,10015,1591,0,6536,8114,6204,3903,10879,2924,5302,2916,9098,1968,2463,2626,1626,3406,3122,10657,2281,6117,8039,5399,2283,6553,10598,5046,3586,9112,3519,9007,7053,2337,3207,11460
789,1450,1940,6434,2414,2602,2170,3166,2840,1396,748,4949,9951,1377,9078,1741,4631,2652,5407,4885,2291,2890,7644,7724,9915,1615,0,6795,8021,6801,3917,10748,2717,5068,2636,9033,1974,2404,2840,1500,3124,3348,10264,2043,6734,7599,5466,2281,6514,10600,4620,3051,9213,3898,9330,7010,2100,3291,11468
821,1452,1966,6389,3055,2846,1583,3316,3053,1400,704,4871,10042,1478,9398,1843,4824,2981,5578,5088,2495,2660,7553,7807,9907,1613,99,6857,8160,7466,3868,10451,2606,4913,2797,9185,1878,2426,2878,1359,3223,3531,9667,1775,7004,7868,5915,2277,6813,10207,4211,3265,8711,4062,10792,6526,1859,3388,11556
823,1498,2087,6629,3731,3418,1379,3390,3118,1341,674,5135,10088,1517,9378,1884,4812,3203,5855,5514,2450,2414,7714,7974,9876,1613,0,6881,8463,7922,3947,10235,2957,5268,2928,9578,1809,2344,2781,1363,3392,3671,9445,1468,7111,7972,6641,2307,6651,9765,4465,3572,7981,4102,12093,6018,1811,3433,11716
1051,1571,2097,6889,4372,3751,1359,3687,3144,1291,676,5459,10243,1496,8995,1914,5205,3283,5986,5825,2364,2390,7823,8350,9160,1541,0,7103,8729,8247,3844,9991,4695,5750,2983,9356,1658,2261,2844,1543,3451,3652,9624,1329,7295,7708,7261,2386,6069,9665,5131,3786,7662,4364,12458,6303,2045,3318,11603
1198,1577,2027,7093,4534,4120,1373,3949,3136,1295,680,5459,10427,1416,9025,2299,5504,3312,6089,5625,2481,2489,7898,8561,8676,1428,0,7412,8735,8440,3378,9892,6016,5869,3160,8666,1474,2525,3154,1591,3677,3485,10570,1519,7626,7603,7662,2418,4697,10108,6127,4038,7349,4673,11689,6492,2291,3039,10818
1258,1575,1970,7182,4830,4457,2051,3838,3126,1321,742,5401,10497,1529,8811,2701,5740,3312,6347,5060,2741,2555,8150,8477,8138,1456,0,7418,8065,8414,3094,10161,6732,6052,3402,8190,1432,2658,3314,1539,3856,3406,11050,1920,8493,7644,7539,2416,4590,10413,7117,4195,6883,5064,11597,4848,2323,2584,9271
1260,1757,2033,7178,4977,4719,2265,3773,3326,1394,793,5449,10423,1692,8579,2999,6256,3120,6331,4723,3364,2577,8166,8559,7694,1494,167,7240,8051,8713,3096,10407,7162,6198,3378,7634,1529,2694,3372,1333,3588,3531,11078,2184,8684,7283,7027,2414,5762,10719,7987,3999,6300,6038,10348,4675,2582,2426,8967
1174,1960,2247,7174,4861,5042,2414,3894,3539,1474,750,5211,10211,1968,8400,3227,6369,2985,6641,4820,3701,2624,7492,8479,7962,1539,399,7307,7862,9080,2918,10048,7755,5940,3136,7837,1587,3542,3302,1107,2983,3630,11026,2406,8358,7095,6815,2410,6192,10826,7664,3786,6117,6783,9965,5197,2525,2420,8271
1218,1980,2696,7329,4677,5004,2701,4100,3638,1404,712,5123,10096,2255,8446,3364,6052,3181,6851,5014,4044,2553,6458,8894,8529,1595,399,7339,7597,9826,2803,9322,8079,5294,3138,7948,1529,3850,3019,1008,2878,3729,10911,2662,8085,7174,6918,2440,6254,10705,6573,4052,6430,6908,9967,4596,2390,2396,7371
1263,2001,2485,6613,4623,5030,3019,4227,3665,1250,714,5304,10072,2410,7430,3632,5758,3338,7000,5064,2846,2531,6420,9378,8979,1561,397,7212,7708,10227,2908,9158,7958,4929,3578,8412,1488,3525,2846,992,3178,3937,10651,2824,7979,7644,7238,2557,7222,10153,6534,4709,6730,6853,9517,3824,2497,2366,6399
2027,2011,2158,6486,4239,5282,4570,4342,3667,1198,801,5490,9979,2426,7460,4038,5750,3487,7269,4977,1416,3360,6724,9360,9320,1492,198,6998,8031,10278,2918,8733,7511,5238,4032,8882,1418,3205,3043,662,3433,4130,10612,2678,8241,8539,7922,2620,7730,9933,7053,5578,6910,6466,9515,3842,2682,2392,7035
1458,2047,1972,5633,3721,5032,4889,4463,3580,1359,873,5744,8985,2311,7527,4155,5693,3665,7208,4806,1012,4241,7349,9015,9279,1430,300,7021,8348,10284,3078,8085,7557,5554,4649,9088,1369,3011,3344,422,3689,4304,10693,2678,8686,9725,8031,2608,7273,10344,7490,6516,7101,5651,10235,4564,2938,2469,7261
1133,2182,1974,5681,3293,5022,5940,4495,3517,1494,936,5994,8071,2196,7678,4312,5538,3784,6912,4788,1014,4735,8081,8811,9062,1523,399,7517,8567,10102,3336,8043,7573,6534,4848,9080,1369,2979,3618,399,3654,4514,10729,2836,9404,10264,7642,2561,7380,10737,8348,6692,6956,5407,10497,5447,3142,2602,6839
1144,2210,2037,5956,3096,4982,6573,4449,3747,1646,992,6305,6904,2313,8093,4437,5411,3695,6787,5209,962,4917,8112,8632,9090,1722,428,7932,8656,9820,3656,8136,7573,7196,4697,8820,1496,3017,3800,401,3219,4649,10786,2807,10060,10391,7279,2547,7745,10774,8767,6696,6619,6258,10612,5978,3237,2755,7150
1234,2212,2019,6760,3112,4947,7450,4784,4338,1910,996,6103,7706,2527,9275,4489,5115,3884,6972,5784,966,5030,7706,8652,9419,1825,500,8104,8755,9995,3979,8337,7638,6891,4524,8741,1668,3342,3896,401,2995,5639,10776,3015,10721,10485,7291,2858,8160,10703,8793,6623,6670,7408,10750,6258,3176,2979,7486
1420,2225,1928,6781,3166,5008,7305,5048,4512,2186,936,5768,9245,2610,9737,4429,4739,4282,7460,6280,1234,5359,7144,9023,9285,1872,496,8061,9521,10312,4282,8515,7531,6417,4598,9529,1934,3741,4001,563,3102,6329,10663,3495,10623,10538,8769,3705,8331,9953,8428,7004,6766,8348,10844,6321,3015,4179,9043
1462,2317,1964,6089,3201,5179,8069,5272,4788,2362,895,5794,9578,2680,9919,4177,4504,4207,7781,6998,1569,5512,7214,9342,9374,1884,401,8138,10211,10439,4485,8606,7279,6589,4621,9659,2753,3761,4270,982,3253,6541,10532,3671,9804,10348,11121,3907,8029,8122,8400,7363,8658,8600,11052,6532,3011,5451,9299
1501,2350,2067,6040,3209,5292,9239,5387,4879,2422,1033,6117,10145,2719,9806,3697,4780,4274,7964,7416,1853,5363,7517,9812,9511,1783,371,8077,10334,10554,4437,8596,6950,6817,4832,9707,3189,3719,4865,1545,3461,6708,10427,3679,10017,11308,11929,3759,7498,7258,8299,7373,10199,7886,10959,7154,3193,6081,7743
1759,2390,2091,5546,3356,5502,9814,5455,4861,2957,1109,6353,10594,2725,8749,2632,4740,4671,8114,7242,1989,4965,8007,10078,9433,1654,450,8017,10358,9852,4076,8374,6988,6758,5228,10465,3360,3870,5990,2083,3759,6764,9164,3749,10066,11806,11597,3511,6783,8031,8696,7862,11419,7164,10909,8797,3421,6651,6508
2178,2428,2186,5591,3687,5399,9870,5558,4861,3461,1137,6805,10471,2878,8212,2924,4455,4643,8003,7117,2575,4532,8339,10104,9092,1670,502,8372,10378,8884,4013,8551,7309,6593,5407,11524,2688,4034,6109,2763,3915,6972,9025,4378,10262,12038,10122,3473,6746,9636,9201,8519,12595,7232,10927,9102,3701,6597,6543
2245,2382,2386,5639,3931,5189,9852,6317,5217,3913,1178,7093,9903,3435,8039,4098,4403,4280,7626,7650,4120,4651,8549,9606,8461,1708,541,8817,10393,8007,4403,9443,7759,6688,5415,11562,2461,4038,6052,3445,4155,7607,9461,4576,10548,12050,8049,3467,7192,10173,9217,8575,12543,8023,10852,9318,3806,6351,6504
2315,2346,2545,6244,4173,5373,9832,6563,5524,4312,1196,7200,9279,4042,8079,5115,4399,4130,7734,8017,4850,4378,8535,9461,8543,1708,647,8961,10403,7979,4653,10145,8053,6966,5470,11433,2856,4106,5944,3554,4354,8021,9596,4620,10699,12059,7906,3160,7392,10161,8811,8065,12541,8091,11191,9955,3529,6333,6272
2370,2335,2678,6280,5082,5518,9836,6831,5663,4457,1200,7404,9136,4229,8146,5302,4177,4413,7890,7960,5776,4380,8511,9540,9304,1740,672,8822,10397,8339,4717,10604,8152,7430,5772,11411,3388,4082,5780,3461,4782,8041,9769,4861,10538,12083,8285,2713,7620,8703,8350,7962,12538,7944,11143,9566,3320,7020,6696
2158,2281,2826,6276,5593,5639,9773,7107,5732,4389,1202,7954,8586,4582,8178,5449,4643,5161,7589,7615,6097,4739,8763,9850,9777,1714,540,8646,10381,7974,4867,10802,8037,8225,6175,11576,3915,3245,5665,3681,5399,7908,10056,5030,10588,12054,8797,2910,7579,7343,8402,8071,12415,8035,11034,8670,3386,7716,7593
2245,2321,2834,6147,6357,6054,9580,7254,5671,4312,1829,8497,8602,4984,7942,6361,4875,5538,7293,7226,6030,5399,8908,10528,9511,1394,448,8918,10330,8110,4931,10854,7589,8836,6456,11708,4141,3709,5818,3283,5978,7912,10427,4975,10655,11948,9273,2842,7305,7190,8745,8108,12002,7726,10854,8761,3759,7779,7894
2275,2378,2961,5897,6902,6581,9497,7361,6022,4651,2319,8884,8372,4867,7755,6678,5215,5625,6954,6591,5966,5861,9009,10979,9461,1214,547,9146,10370,8214,4846,10881,7739,9382,6694,12133,4032,3907,6036,2741,6480,8053,10487,5802,10812,11857,9320,2678,7244,8043,9053,8303,11145,7448,10530,8860,4086,7438,6970
2384,2515,3086,5895,7523,7567,8860,7307,6448,5219,2511,9005,7872,3822,8184,7093,5470,5625,6290,6179,6478,5700,9249,11137,9275,1575,678,9425,10419,8075,5262,11213,7983,9866,6470,12458,3971,4778,6270,2541,6595,7660,10848,6653,10858,11821,8926,2678,7450,8717,8832,7979,9372,7660,10425,8666,4233,7140,6557
3035,2580,3493,5899,7299,7946,7874,7214,6680,5766,2624,8880,7728,4314,8537,7678,5998,5580,6188,6075,6897,5712,10173,10659,9753,2136,823,9634,10411,8134,5700,11683,8188,9836,5923,12464,4056,5526,6466,2366,6591,7470,11145,6885,10893,11238,8686,2709,8301,9485,8130,6964,8368,8138,10677,8668,4276,6692,5738
3229,2620,4088,5980,7252,8116,8753,7406,6841,6385,2787,8182,7763,5296,8727,8337,6672,5605,6609,6153,7172,6073,11395,10705,10171,2565,1410,9802,10374,8983,6188,11829,8563,9138,6071,12484,4169,5700,6472,2150,6716,7438,11042,7099,10610,10475,8920,3102,8844,10165,7507,6141,8313,8136,10961,8263,4276,6833,5280
3239,2739,4241,6147,6968,8140,8741,7892,6946,6877,3102,7783,8711,5784,8880,8614,6754,5853,7061,6434,7297,6184,11232,11205,10564,3047,1579,9775,10268,10342,6545,11877,8682,8154,6988,12385,4504,5873,6006,2146,6645,7123,11314,7218,9362,10249,9287,3868,8473,10516,6781,5994,8366,9041,11161,7422,4132,7501,5451
3245,3019,4497,6234,6335,8610,8801,7970,6966,6950,3582,7910,10574,6208,8850,8509,6871,5857,7325,6724,6704,6089,11004,11256,10419,3745,1611,9709,10171,12133,7357,11895,8402,7940,7660,12440,4969,5663,5084,2275,7180,7144,11177,6918,8660,10231,9951,5008,8212,9235,6700,6190,8761,8553,10994,6871,4022,8110,5486
3279,3166,4691,5899,6149,8922,9031,8337,6837,6887,4251,8301,10907,6783,8543,8003,7555,5520,7624,6835,6256,6200,10479,11244,10441,4102,1555,9969,10052,12706,7545,11827,8188,7952,7666,12319,4913,5401,4756,2454,7418,7517,11405,6216,9128,10727,10397,6050,8626,9308,7400,6347,9174,7476,10951,7109,4314,8295,5421
3352,3215,5048,5762,6145,9229,7807,8456,6649,6922,5201,8662,11044,6962,8422,7250,8126,6018,7888,6637,6300,6129,10078,11219,10885,4237,1551,10052,9945,12968,7186,11827,8573,8580,7474,11203,4600,5587,5066,2662,7371,7287,11681,6131,9773,11518,10223,6373,8795,9669,8059,6534,9370,6526,10939,8967,4556,8190,5179
3451,3314,5389,5893,6305,9366,6817,8279,6623,6956,5320,9078,11064,7010,8676,7470,9219,5972,7811,6450,6692,5827,9763,11193,10621,4316,1549,10110,9991,12730,5913,12034,8628,9539,7357,10034,4568,5516,5576,2870,7012,6341,11827,6198,10253,11816,9804,6462,8819,9088,7924,6605,8733,6202,10953,10947,4731,7924,4881
3604,3527,5609,6115,6635,9374,7424,8233,6926,7000,5677,9324,11064,7267,9051,7573,9612,5387,7767,6738,6944,5857,9735,10982,10019,4338,1607,10344,9957,11341,5808,12861,8636,9564,7025,9174,5010,5504,5881,3092,6081,6248,12032,6290,10451,11076,9495,6781,8884,8616,7426,6327,7859,6317,10671,11296,4860,7674,5012
3741,3689,5768,6256,7033,9346,7472,8493,7224,6843,5665,9255,11052,7678,9521,7492,9874,4959,8176,7496,7406,5710,9860,10788,10149,3943,1704,10376,9616,10725,6186,13027,8934,8894,6274,9600,5365,5643,6030,3017,5171,6466,12141,6409,10627,10122,9671,7513,8763,8434,6837,5649,7831,6184,10399,10820,4483,7946,5219
3987,3695,6044,6710,7117,9364,7636,8743,7456,6912,5310,8985,11068,7908,9761,7018,9136,5056,8487,7970,7763,5349,10011,11034,10417,3648,1829,10221,9134,10812,6236,13037,9007,8404,5788,10211,5552,5667,5810,2840,4778,6563,12200,6760,10810,10231,10034,7924,8773,7894,6432,5449,8331,6345,10217,10731,4217,8340,5338
4084,3703,6514,7133,6728,9525,7912,8676,7444,6867,4437,9049,11076,8285,9713,6785,8001,5123,8666,8374,7698,5111,10197,11157,10861,3715,1896,9935,9257,10994,6194,13055,8612,8612,5054,10832,5877,5464,5683,2961,4883,6577,12202,6811,10895,10786,10054,8126,8783,7420,6559,5697,8434,6522,10600,10768,4604,8642,5667
4110,3733,6621,7327,6052,9606,8422,8567,7331,6657,4437,9332,11050,8305,9191,7041,8487,5207,8727,8325,7331,5593,10485,10953,11044,3729,1845,10126,9745,11016,5978,13071,8168,8809,4834,11171,6042,5355,5956,3174,4893,6298,12159,6236,10909,10969,9784,8384,8152,7557,6807,6081,8543,6446,10681,10766,5258,8596,6095
4209,3780,6708,7460,6254,9632,8527,8682,7123,6428,4397,9265,11050,6986,8787,7398,8868,5564,8218,7979,7123,5909,10588,11076,11042,3749,1888,10340,10253,10005,5756,13045,8263,9092,4848,11343,5990,5671,6220,3271,4879,5931,12111,5704,10907,10957,9622,8327,7287,8461,6801,6494,8598,5849,10532,10560,5587,8505,6198
4245,3784,6958,7523,6331,9711,8400,8519,6895,6000,4358,9082,11056,6873,8872,7928,9045,5645,7587,7293,7188,6196,10717,10869,10848,4493,1944,10401,10435,9713,5768,13031,8555,9473,4917,10955,6095,6135,6258,3332,4828,5889,12079,5875,10729,10782,9342,7900,7121,9267,6926,6964,8065,5560,10774,10143,5754,8204,6115
4270,3878,7107,7597,6361,9721,8285,8430,6811,5940,4340,8930,11054,6998,8963,8539,9207,5496,7402,7263,7341,6553,10685,10385,10451,5391,2362,10372,10344,9340,6044,13039,8747,9564,5185,10290,6551,6464,6226,3326,4750,5758,12228,6067,10772,10211,8844,8106,7426,9431,7039,7460,7571,6079,10984,9981,5861,7537,6510
4314,4090,6752,8206,6393,8672,8059,8626,6851,5893,4272,8711,11038,7208,9029,8977,9084,5203,7652,7180,7587,6742,10282,10207,10657,5744,2592,10368,9737,9640,6238,13051,8807,9297,5341,10522,6393,6823,6182,3277,4516,5952,12296,6323,10806,9334,8953,8465,7962,9170,6827,7365,7593,6585,11149,9796,5405,7168,6910
4344,4314,5730,8565,7192,8676,7970,8848,7065,5754,4522,8467,11000,7089,9086,8985,8920,5330,7831,6992,7694,6724,9878,10499,11016,5923,2356,10372,9138,9324,6500,12486,8723,9074,5841,11318,5939,6881,5915,3437,4516,5665,12861,6244,10748,9562,9277,8650,8408,8906,6272,7388,7950,6639,10744,9334,5105,7347,6952
4338,4594,5988,8533,7144,8826,7851,9334,7710,5367,4842,8507,10973,6883,9271,8723,8850,5294,7954,6498,8458,7218,9838,9622,11181,5921,2164,10374,9229,9300,6627,10840,8231,9086,6216,12000,5673,6478,5879,4227,5117,5179,12982,6063,10957,10411,9348,8575,8648,8769,6149,7886,8864,6228,10588,8959,5135,7386,6932
4326,4606,6141,8350,6934,8850,7533,9898,7587,5056,4883,8803,10977,6553,8906,8148,9037,5032,8309,5935,8904,7619,9838,9287,11034,5708,2212,10324,9973,9352,6476,9757,7728,9245,6440,11859,5496,6089,6545,4860,5792,5326,12565,5490,11004,11459,9433,8202,8200,8862,6918,8412,9429,5572,10550,9265,5518,7432,6734
4364,4625,6103,8172,6803,8820,7317,9995,6292,4998,4598,8906,10917,6034,8579,6972,9017,4959,8471,5603,8515,7323,9975,9334,10572,5409,2368,10320,10485,8947,6440,9098,7672,9715,6752,11552,4965,6276,6801,5572,6623,5320,11290,5330,10975,11821,9570,7634,7738,8961,7162,8467,9108,5026,10552,9947,5954,7283,6240
4417,4618,6198,8130,6817,8420,7339,9989,6028,5217,4566,9013,10608,5724,8765,7117,8987,4846,8156,5427,8664,7069,9993,9425,10011,5278,2555,10342,10368,8227,6052,9201,8027,10215,6722,11185,4572,6526,7055,5772,6893,5351,11060,5683,11010,11883,8924,7095,7753,9062,7472,8342,8493,5341,10863,10746,6210,6853,5754
4471,4711,6478,8081,6859,8194,7357,9985,6244,5488,4510,9027,9533,6234,9265,7238,9134,4758,7870,5736,8951,7041,9899,9312,9624,5163,2668,10348,9544,7698,6046,9548,8354,10552,6361,10713,4842,6557,7351,5762,7476,5758,11423,6202,11141,11159,8491,7367,8130,8943,7579,8049,7972,6383,11078,11105,6155,6355,5821
4598,4802,6617,8168,6760,7849,7563,9985,6395,5689,4451,8866,8741,6857,9864,7269,9019,4750,8221,6403,9306,6839,9632,8906,9669,4689,2765,10364,8894,7815,6238,10274,8797,10528,6004,10762,5050,6389,8364,5631,8134,6165,11677,6363,11292,10532,8698,8124,8975,8753,7079,7662,8063,7680,11010,10869,5931,6518,6311
4568,4852,6551,8110,6718,7611,7736,9983,6401,5722,3221,8793,8723,7275,10074,7345,8848,5213,8761,6950,9862,6498,9299,8981,9854,4120,2690,10320,8529,8287,6363,11581,9267,10421,5879,11000,5078,5974,9039,5371,8672,6222,11689,6428,11361,10788,9348,8832,9529,8737,6250,7831,8255,8277,10977,10465,5786,7065,6179
4544,4939,6595,6970,6714,7738,7829,10169,6605,5635,3352,9158,8557,7605,9937,7363,8884,5548,9144,7418,9937,6391,9344,9396,10518,4082,2620,10318,8820,8642,6458,11865,9322,11072,6065,11175,5312,5220,8807,5510,9037,6186,11639,6498,11524,11552,10114,9451,9622,8099,6280,8412,8622,8333,11411,10143,6063,7678,5835
4606,5052,6780,7075,6837,7805,7874,10463,6413,5675,3632,9485,8569,7741,9499,7418,9011,5774,9334,7714,9471,6748,9673,10044,10744,4296,2654,10374,9289,8636,6583,11821,9148,11570,5964,11248,5538,4790,9051,5367,9118,6065,12653,6744,11347,11510,10356,9352,9384,7501,7103,9003,9277,8152,11591,10179,6115,7960,6091
4812,5226,6924,7025,6904,7857,7896,10483,6202,6127,3870,9675,8579,7549,8912,8156,9134,5697,9548,7341,9053,7476,9890,10205,10792,4304,2737,10370,9102,8592,6690,10826,9423,11457,5306,11217,5437,5046,9360,4778,9076,5683,12916,7271,11262,11351,10485,8580,9100,8172,7777,9626,9469,7440,11562,10959,6099,8095,6371
4965,5421,6960,6974,6873,7916,7888,10378,6157,6954,4084,9741,8430,7230,9122,8582,9616,5629,10489,7287,9136,8065,10036,10153,10205,4255,2773,10356,9009,8313,6230,10608,10276,10919,5266,10859,5359,5605,9523,4405,8910,5399,12881,7874,11312,11205,10195,8212,9291,8916,8158,9933,9168,7367,11625,11161,6260,7619,6246
5050,5526,6922,6974,6996,7940,7868,10231,6532,7206,4316,9570,8013,7486,9535,8027,10207,5520,10130,7317,9148,8305,10068,9997,9804,4465,2820,10360,9060,8132,6353,11034,11284,10996,5363,10512,5260,6135,9435,4405,8501,5564,12906,8218,11238,10907,9312,8729,9788,9390,8218,9362,8749,7470,11816,11151,6085,7021,6510
5014,5675,7047,7049,7275,7966,7817,10255,6817,6740,4445,9227,8305,7853,9656,7726,10780,5603,10467,7605,9197,8533,9675,9650,9935,4606,2874,10352,8759,8511,6780,11578,11193,10871,4691,10699,4812,6458,9152,4262,8166,5740,12922,8350,11181,10276,9572,9275,10225,9374,7581,8636,8715,7466,12038,11193,5770,7049,7113
4982,5655,7119,7129,7154,7944,7888,10453,6897,5820,4322,8834,9047,8041,9687,7712,10955,5726,10961,7692,9352,8557,9146,9969,10124,4951,2858,10352,8469,9146,7392,11873,10725,10068,5115,10776,4925,6643,8939,4128,8335,5734,12857,8450,11462,10419,10177,9535,10358,8779,6839,8846,8943,7619,12018,10673,5389,7252,7549
4947,5617,7101,7176,6502,8039,7934,10491,6926,5482,4308,8848,9461,8120,9669,7505,10925,5492,11084,7789,9267,7394,9213,10413,10020,5127,2751,10387,8916,9905,7968,12516,10197,10493,5778,10905,5546,6048,8614,4362,8569,5492,12468,8089,11423,10653,10705,9757,10318,8035,7154,8749,8928,7180,11911,10262,4721,7561,7934
4953,5699,7039,7166,6454,8047,7900,10491,6893,5296,4782,9021,10731,7985,9461,7085,10951,4842,11181,7787,8890,6849,9451,10760,9975,4973,2680,10344,9412,10770,7833,12688,9570,11026,6180,11260,6006,5714,8529,4810,8567,4532,11972,7166,11403,10536,10768,9951,9792,7946,7543,7954,9162,6056,11387,10540,4064,7739,8249
5000,5792,6938,7025,6508,8005,7862,10487,6726,5209,5401,8987,10802,7519,9237,7194,11034,3733,11238,7525,8616,6583,9775,11131,9689,4570,2612,10342,9723,11488,7585,12688,9812,11161,6422,11375,5829,5829,8301,5046,8499,4120,11310,6855,11449,10399,10395,9648,9181,8281,7755,7057,9223,5367,11139,11012,3822,7698,7734
5092,5812,6920,6742,6577,8075,7857,10493,6498,4663,5603,9122,10750,7027,9558,7470,11131,3667,10931,7642,8824,6395,9822,11165,9265,4586,2519,10350,10040,11476,7073,12498,10157,11109,6500,10689,5581,6171,8339,4957,8620,3806,11125,6946,11474,9790,9527,9378,9211,8553,7815,6476,8747,5492,11451,11189,3794,7414,7283
5151,5901,6926,6738,7232,8257,7813,10409,6381,4643,5710,9181,10508,7246,9777,7789,11173,3525,10497,8025,10052,5415,9727,10778,8822,4669,2543,10356,10169,11153,6278,12093,10409,10889,6286,9860,5528,6702,7835,4867,8108,3983,11181,7208,11494,9451,8497,9537,9374,8860,7698,6032,8269,5556,11554,11141,3683,7216,7377
5155,6109,6980,6672,7505,8376,7813,10409,6085,4840,5474,8989,10149,7418,9905,7924,11064,3295,10207,8505,10713,5246,9289,10332,8920,4629,2598,10338,9862,11355,7299,11814,11155,10042,6032,10118,5395,6857,7226,4580,7109,4217,11268,7271,11540,8973,8618,9788,9249,9070,7051,5738,8303,5871,11619,11127,3471,7638,7743
5165,6141,7035,6754,7474,8339,8142,10465,6073,4818,4552,8715,10282,7531,9941,7186,10794,3771,11131,9126,11090,4925,8529,10705,9193,4443,2557,10312,9471,11583,8600,11758,11401,9140,6079,10643,5492,6625,6825,4288,7039,4383,11683,6817,11540,9289,9007,10409,9451,8366,6222,5818,8491,6438,11603,10861,3449,8400,8061
5151,6133,7299,6879,7428,8469,8085,10489,6069,4661,4439,8886,10889,7567,9705,6645,10885,4046,11228,9745,11213,4723,8594,10996,9455,3963,2442,10318,9550,11645,8654,11746,10931,9062,6161,10683,5548,6597,6008,4421,7305,4564,12309,5919,11429,9558,9461,10679,9416,7646,6432,6111,8444,6534,11092,10655,3300,8392,8150
5280,6121,7422,6895,7382,8858,7962,10491,5948,4796,4606,9215,11004,7878,9178,6351,11435,4211,11262,9771,10980,4986,8719,11094,9681,3404,2323,10328,9537,11687,7644,11570,10467,8638,6292,10425,5619,6563,6107,4604,7565,4441,12524,5242,11276,9903,10143,11131,8848,7884,7067,6198,8745,6054,10667,10774,3433,8221,7978
5228,6157,7400,6785,7333,9051,7954,10479,5619,5080,4653,9414,10856,7684,8660,6587,11474,4554,11258,9669,10497,5334,8616,11121,9683,3308,2525,10344,9439,11706,7525,10977,10685,7874,6387,10116,5496,6849,6464,4715,7698,4169,11956,4746,11006,10020,10013,10752,8305,8505,7277,6407,8854,5530,10850,11101,3624,8511,7420
5191,6248,7440,6807,7503,9219,7880,10481,5312,5494,4685,9574,10600,7583,8789,7004,11391,4651,11181,8969,10635,5629,8757,11127,9546,3618,2610,10364,9491,11532,7839,11064,11516,7503,6317,9638,5270,7353,6629,4754,7698,3993,12081,4685,10992,9870,9064,10054,8354,8904,7190,6409,8265,5627,11256,11169,3346,8418,7021
5222,6407,7589,6902,7654,9076,7783,10445,5453,5855,4752,9519,9761,8085,9049,7361,11383,4709,11119,9003,10859,5792,8868,11094,9505,4005,2660,10383,9475,11209,8465,11447,11843,7121,6149,9086,5455,7728,6744,4659,7406,4132,12468,4897,11048,9299,8245,10195,8584,8787,6339,6032,7658,6052,11443,11199,3164,7690,7083
5343,6557,7591,6992,7662,8939,7841,10445,5691,5968,4735,9205,8951,8497,9191,7658,11377,4715,11107,9324,11086,5859,8563,11084,9828,4280,2771,10306,9279,11445,8957,11722,11806,6613,5665,9364,5796,7815,6730,4500,7242,4403,12692,4951,11064,8928,8434,10606,8664,8495,5417,5903,7741,6327,11502,11187,3005,7478,7577
5415,6262,7559,7460,7642,8949,7906,10481,5792,5782,4532,8888,9287,8680,9201,7670,11159,4756,10921,9487,11244,5389,8483,11099,10153,4752,2759,10239,9031,11649,9142,11873,11762,6500,5669,9775,5804,7652,6847,4471,7503,4744,12752,4806,11036,9245,8755,10891,9021,8362,4717,6385,7948,6254,11867,10619,2789,7551,8001
5411,6071,7444,7442,7575,8955,7857,10538,5835,5474,3529,9140,9665,8682,9090,7148,10667,4641,10863,9604,11244,4643,8890,11096,10437,5058,2656,10253,9043,11679,9308,11766,11462,7174,5786,10128,5818,7198,6682,4842,7630,4863,12674,4540,11004,9584,8654,11062,8924,8003,4679,6970,7710,6018,11681,10459,2908,7722,8420
5451,6063,7261,7466,7492,8945,7857,10550,5728,5157,3199,9439,9886,8598,8569,6428,10903,4453,11050,9574,10812,4437,9219,11096,10356,5135,2692,10251,9209,11568,8801,11679,10723,7682,5821,10098,5812,6829,6474,5845,7857,4854,12063,3878,10979,9618,8519,10994,8102,8007,4758,7347,7676,5488,11101,10881,3033,7587,8670
5464,6119,7135,7454,7476,8967,7900,10504,5476,4199,4560,9495,10070,8307,8029,5691,11199,4887,11022,9239,10068,4770,9293,11054,9911,4971,2898,10237,9606,11365,7394,11336,10518,8491,6014,9834,5611,6694,6365,6498,8216,4756,11322,3892,10925,9810,8120,9418,7061,8339,4832,7519,7789,4957,11074,10822,3066,6976,7862
5540,6220,7020,7488,7511,8973,7706,10471,5413,4243,4739,9451,10076,8029,8065,5706,11177,4469,10996,8860,10239,4752,9786,11014,9160,4990,3578,10223,9780,10774,5387,11451,10449,8995,5905,9584,5159,6430,6415,6682,8374,4740,11514,4937,10893,9713,7254,8356,6906,8678,4844,7500,7180,4915,11240,10431,3090,6633,7420
5581,6228,7069,7258,7444,8858,7373,10433,5449,4272,4707,9368,9681,8079,8487,5560,11153,4213,10969,8981,10548,4762,10009,11010,8561,4754,4019,10211,9685,10598,4810,11457,10538,8819,5574,9231,4782,6048,6361,7014,7815,5008,11948,5157,11177,9072,6288,9144,7271,8928,4975,7113,6553,5699,11292,10217,3025,6159,7559
5492,6260,7204,7004,7121,8584,7398,10421,5314,4255,4159,9070,9106,8206,8914,5593,11155,3963,11022,8219,10982,4713,9414,10977,8747,4020,4235,10191,9302,10891,4975,11355,10826,8567,4977,9356,4748,5470,6242,6938,7799,5252,12442,5157,11417,8317,6335,9671,7620,9166,4703,6809,6458,5419,11308,10253,2852,5607,7835
5373,6264,7188,6547,6599,8382,7698,10465,5232,4239,2801,8709,9330,8152,9291,5520,11048,4209,11044,8388,11401,4348,8951,10929,9104,3457,4032,10092,8951,11419,5113,11262,10633,8126,4405,9675,5024,4143,5790,6615,8467,5111,12286,5157,11397,8477,6831,10005,7767,8703,3991,6734,6702,5314,11397,9590,2634,5282,7720
5367,6250,7127,6327,6655,8335,7926,10483,5250,4147,2622,8947,9907,8325,9273,5631,10867,4596,11040,8452,11443,3784,9183,10828,9546,3231,3717,10032,9090,11381,5203,11197,9888,8344,4544,10003,5550,3374,5375,6645,8626,4879,12169,5094,11383,8517,7839,10040,7559,7462,3743,7035,6976,5498,11183,8836,2690,5096,7557
5347,6248,7073,6180,6621,8372,7841,10500,5228,2906,2741,9453,9126,8358,8961,4786,11060,4826,11038,8337,11016,3925,9558,10822,9334,2969,3386,10054,9132,11115,5179,11090,9360,8579,4975,10094,5558,2961,5470,6734,8170,4941,11338,5171,11341,8323,8021,9870,6863,6980,4193,7932,7065,5090,10758,9092,2856,5135,7712
5328,6228,6994,6097,6541,8446,7728,10491,4895,3408,2842,9441,9015,8192,8612,4844,11139,5058,11000,7860,10403,4502,9667,10808,8727,2801,3031,9979,8965,10992,5213,11008,9354,8678,5228,10026,5211,3086,5397,6309,7763,4725,10132,5548,11256,7803,7747,9364,5837,7099,4292,8606,7055,4280,10677,9842,2985,5135,7248
5421,6234,6887,6042,6442,8452,7519,10504,4350,3872,2878,9404,10116,7513,8878,5476,11145,5137,10953,7434,10395,4923,9598,10788,8214,2983,2947,9927,9410,11115,5415,10911,9336,8656,5159,9671,4905,3146,5334,5691,7008,4128,10094,6244,11306,7952,7380,8458,5855,7478,4086,8755,6734,3993,10582,9630,3120,4998,6551
5528,6280,6867,6165,7353,8894,7258,10493,3892,4054,2963,9251,10217,7783,9277,5851,11161,4364,10988,7730,10512,5385,9312,10762,7797,3733,2745,9921,9681,11123,6085,10975,9346,8628,4973,8842,5111,3051,5488,5008,6470,3971,10179,6825,11306,7672,7085,8400,6399,7507,4124,8110,6292,4260,10592,9130,3122,4354,6593
5520,6369,6845,6912,7676,9172,7142,10489,4084,4197,2904,8846,9751,8112,9441,6058,11135,4138,10988,7983,10564,5480,8582,10701,7968,3955,2374,9892,9295,11266,6728,11020,9084,8515,4540,8888,5312,3120,5615,4397,5976,4153,10013,6902,11219,7196,7041,8747,6603,7281,4009,7073,6286,4578,10566,8870,2715,3796,6785
5228,6343,6871,6988,7632,9203,7226,10487,4259,4247,2666,8487,9769,8138,9354,5972,11113,4151,10925,8231,10598,4695,8033,10655,8319,4300,1819,9860,8741,11092,7021,11014,8569,8208,4635,9249,5133,3037,5441,3523,6121,4383,9973,6831,10937,7496,6778,8930,6726,6736,3505,6125,6583,4790,10100,8402,2690,3394,7091
4590,6294,6922,6920,7392,9412,7226,10445,4298,4108,2571,8694,10955,8176,8916,5806,11072,4124,10935,8517,9941,3941,8313,10625,8384,4836,1569,9832,8910,11510,7142,11074,7771,7513,4842,9556,4459,2481,4834,3491,6399,4623,9667,6536,10859,8057,6484,9025,6926,6228,3691,6058,7061,4717,9275,7876,3072,3475,7250
3838,6301,6958,6861,7242,9370,7204,10435,4233,3917,2985,9229,11024,8221,8325,5211,11064,3907,10935,8590,9074,3901,8626,10663,8350,4832,1414,9868,8900,11649,6565,11028,7139,7256,5105,9501,4124,2069,4770,3658,6198,4687,9053,5956,11046,8690,6290,8892,6607,6298,3903,6371,7932,4368,8307,7964,3402,3570,7293
3775,6355,6902,6774,7222,9249,6450,10417,3977,3794,3890,9338,11054,7866,7970,4475,11064,3735,10883,8333,8666,3862,8872,10677,8192,4625,1466,9874,8331,11601,4752,10911,7323,7724,5504,9386,3983,2176,4933,3949,6085,3717,8289,5748,11026,8939,6303,8398,6305,6728,4017,6623,8071,3745,8116,8428,3562,3535,7148
3717,6298,6793,6706,7204,9215,6462,10415,3711,3314,4011,9540,11046,7123,8465,4324,11080,3594,10826,7813,9009,3517,9098,10695,7674,4705,1567,9836,8037,11510,2959,10967,7388,7845,5286,9138,3475,2386,4612,3900,5814,2664,8404,5675,10889,8775,6149,7452,6619,7222,4264,6143,7521,3540,8376,8567,3550,3241,7089
3683,6288,6831,6841,7148,9172,6436,10354,3854,3314,4042,9439,11044,6518,8836,4270,11066,3255,10733,7654,9416,2854,9120,10580,6865,4397,1682,9729,7626,11278,3072,10971,7127,7482,4739,8362,3374,2390,3969,3660,4961,2763,8652,5810,10485,8087,5581,7507,7180,7367,4221,4832,6601,4068,8297,8545,2904,3041,7073
3699,6272,6833,6817,7053,9047,6284,10368,4058,3112,3782,9134,11056,6361,8959,4268,11072,2668,10814,7926,9479,2721,8646,10417,6702,3699,1680,9445,7119,11359,3283,10911,7073,5673,4257,8346,3455,2218,3328,3324,4318,3176,9005,5907,10124,7535,5383,7557,7615,7313,3749,4088,5581,4187,8719,8606,2337,3035,6186
3743,6210,6889,6696,7021,8932,6363,10340,4042,2600,2711,8868,11050,6415,9017,4260,11064,2967,10917,8323,9483,2406,8192,10459,6496,3225,1424,9219,6712,11395,3487,11028,6861,4681,4286,8604,3566,2130,3072,3009,4189,3358,9320,5141,9370,7571,6337,7396,7950,6835,3259,4034,5447,3832,9191,8093,2208,3049,5619
3727,6171,6885,6615,6910,8953,6395,10298,3921,2541,2547,8914,11058,6419,9015,4217,11048,3390,10923,8458,9406,2200,8471,10510,6222,2850,1139,8957,6960,11361,3687,11026,5960,5107,4169,8947,3729,2013,2959,3019,4522,3328,9505,4546,9144,7692,6774,7152,8134,5899,3259,4405,5911,3499,9126,7260,2400,3316,5387
3671,6127,6750,6381,6815,9114,6460,10268,3650,2567,2682,8973,11040,5203,8678,4441,11094,3876,10941,8450,8795,2442,8608,10483,6095,2456,1004,8846,7230,11405,3614,11044,4352,5443,3517,9342,3679,1859,3062,3029,4737,3239,9416,3961,9689,7398,6839,6809,7543,5942,3588,4746,6305,3086,8686,7561,2598,3566,5377
3660,5986,6680,5728,6791,9205,6595,10249,3251,3168,2743,9039,11054,4727,8267,4913,11101,4183,10921,8132,8265,2918,8541,10518,6010,2360,1168,8805,7339,11322,3312,11014,4419,5699,3213,9261,3386,1938,2652,3049,4383,3066,9108,4022,10130,6968,6456,6151,6797,6115,4616,4665,6044,2634,8969,8243,2737,3483,4923
3443,5972,6557,5695,6839,9251,6571,10179,3265,3709,2795,9146,11070,4433,8573,5544,11145,4495,10897,7083,8112,3626,8755,10276,5825,2779,1410,8696,7325,10800,2959,10861,4715,5921,3080,8838,2664,2128,2356,3017,3911,2620,9203,4122,10185,6831,6042,5687,6224,6180,5355,4177,5375,2731,9328,8573,2900,3078,4282
2983,5990,6557,5607,6855,9160,6440,10120,3483,3777,2692,9108,11082,4673,8922,5952,11161,4336,10895,6714,8160,3804,9300,10098,5466,3146,1537,8634,7140,10393,3055,10661,5117,5946,3112,8291,2604,2178,2340,2940,3416,2529,9699,4102,10116,6286,5526,5917,6060,6097,5472,3467,4723,2979,9098,8654,2819,2571,3901
2940,6077,6534,5679,6635,9148,6301,10108,3423,3735,2567,8765,11062,4871,8900,6093,11131,3973,10861,6770,8640,3187,8612,9985,5625,3663,1595,8592,6514,10703,3263,10699,5964,5617,3235,8527,2965,2142,2251,2846,3146,2727,10185,4181,10193,5907,5076,6216,6212,5572,5205,2807,4651,3154,8880,8590,2483,2644,3687
2922,6054,6520,5940,5831,9112,6286,10110,3180,3352,2283,8287,11044,5028,8908,5942,11101,4090,10863,6768,8906,2386,7946,10001,5958,3915,1561,8551,5839,10979,3306,10723,6563,5379,3364,8559,3148,2180,1991,2678,3304,2701,10284,4245,9814,6097,5254,6077,6732,5044,4804,2961,4943,3102,8604,7811,2220,2616,3717
2924,6119,6506,6103,5784,9114,6345,10120,2910,3070,2176,8333,10915,5022,8737,5433,10945,4324,10879,6543,8598,2118,8051,9971,6026,3703,1426,8511,6192,10451,3299,9402,6361,5619,3443,8454,3221,1983,1642,2650,3606,2640,9737,3929,9495,6389,5338,5970,6863,4344,4919,3195,5286,3134,7960,6936,2279,2672,3999
2878,6212,6476,6105,5776,9191,6250,10132,2902,1950,2618,8759,10836,5046,8239,3919,10907,4215,10891,6163,7654,2263,8122,9981,5855,3737,1301,8567,6506,9564,3511,8644,6180,5804,3302,8444,3421,1811,1757,2658,3727,2531,8856,3421,9759,6309,5306,5798,6337,4415,5207,3306,5399,2981,6764,7275,2606,2832,4054
2840,6224,6424,5966,5756,9281,6081,10139,2594,2033,3191,8773,10903,4735,7916,3804,10915,3973,10871,5643,6109,2446,8039,10064,5760,3608,1345,8588,6159,8997,3459,8095,6460,5917,2920,8216,3130,1916,1926,2700,3749,2259,8190,3556,9949,5766,5252,5326,5808,4854,5280,3362,5395,2584,6922,7636,2840,2888,3757
2890,6133,6417,5831,5718,9267,5929,9919,2227,2164,3132,8707,10941,4526,8289,3421,10850,3374,10217,4685,5784,2501,7906,9299,6169,3544,1375,8545,5952,8483,3176,8305,6627,6274,2850,7710,2610,2085,1878,2588,3650,1995,8188,3673,9907,5389,4852,4846,6123,5266,5101,3285,5038,2662,7589,7593,3017,2606,3418
2824,6075,5976,5441,5724,9168,5700,9763,2210,2186,3027,8773,10929,4223,8682,3062,10816,2662,9733,4594,6214,2432,7613,5538,5639,2622,1377,8575,5800,7938,3308,8225,6660,6331,2735,6906,2553,2192,1926,2471,3166,2067,8273,3747,10038,4933,4292,4971,6339,5203,4405,2910,4550,3170,8027,7428,2563,2162,3326
2737,6077,5397,5092,5710,9142,5554,9779,2249,2136,2727,8426,10185,3788,8370,2783,10798,2380,9586,4473,6319,2235,7222,4038,5685,2043,1319,8592,5165,7634,3336,7948,6545,5925,2430,6795,2430,2257,1983,2339,2807,2097,7698,3769,9725,4417,4058,5445,6436,4931,3334,2465,4336,3465,8097,6930,1793,1989,3519
2824,5901,5379,5038,5683,9183,5522,9642,2245,2013,1692,7747,10604,3515,7763,2428,10780,2402,9491,4342,6085,1960,6690,3937,5641,2180,1271,8458,4594,7918,3449,7801,6538,5151,2446,7014,2340,2218,1866,2033,2876,1978,7029,3820,9330,4407,4340,6294,5942,4197,2412,2465,4612,3505,7236,5913,1585,2223,3761
2809,5550,5439,5002,5691,9172,5534,8218,2214,1761,1446,7488,10584,3231,7454,1964,10729,2469,9342,4140,5679,1716,6680,3945,5667,2126,1198,8122,4528,8259,3505,7787,5857,4893,2539,7361,2438,2037,1517,1942,3059,1864,6555,3634,8882,4659,4463,6823,4530,3509,2126,2745,4746,3503,6409,5123,1567,2616,3870
2664,5421,5371,4915,5665,9001,5538,7924,2035,1611,1458,7440,10558,3045,6873,2174,10683,2563,9372,3757,5252,1753,6714,3961,5788,1872,1031,7958,4618,8531,3306,7882,5478,4988,2668,7656,2378,1708,1541,2148,3279,1765,5921,2991,8828,4901,4469,6688,3193,3346,2612,2943,4752,3197,5621,5373,1747,2777,3804
2198,5391,5135,4861,6323,8900,5655,7543,1763,1728,1486,7369,10600,2753,6337,2874,10578,2569,9390,3176,4296,1843,6684,3979,5695,1660,986,7849,4671,8509,3021,7267,5504,5082,2648,7815,2136,1593,1716,2079,3542,1632,5474,2830,9108,5141,4483,5954,2563,3550,3037,2969,4691,2703,5591,5764,1938,2842,3191
2011,5260,5022,4818,5897,8953,5962,6766,1575,2085,1503,7226,9919,2602,6367,2995,10514,2156,8838,2093,3822,1853,6752,4066,5423,1749,1071,5431,4314,8156,2894,6932,5716,5006,2616,7652,1720,1732,1970,2093,3412,1412,5508,2934,9449,5082,4453,5125,2648,3858,3237,2884,4110,2622,6284,5907,2041,2656,2694
1918,4877,4891,4159,5700,8783,5760,6024,1543,2269,1523,7200,8249,2777,6569,3122,10485,2003,8519,2184,3838,1765,6904,3927,5133,2071,1184,4169,4070,7698,3059,7119,5823,5000,2545,6986,1617,1904,2023,2144,2985,1379,5423,3051,9437,4618,4445,4919,3009,4193,3267,2614,3338,2934,6698,6034,1972,2362,2729
1801,4485,4903,3632,5823,8505,5607,5960,1559,2311,1406,6764,6867,2987,6785,3459,10544,1815,8416,2231,4114,1722,6623,3790,5232,2513,1224,4804,3747,7692,3469,7204,5917,4873,2329,6833,1694,1948,1999,2051,2666,1547,5165,2858,8936,4038,4358,5048,3501,4330,2930,1920,3269,3047,6849,6010,1605,2273,2888
1734,4078,4979,3358,5790,8319,5530,5568,1601,2311,1200,6303,6752,3148,7363,2912,10574,2136,8309,2329,4104,1609,6121,4108,5379,2860,1180,5109,3531,8043,3705,7285,6060,4352,2289,6900,1777,1787,1859,1811,2707,1736,5040,2745,8041,4066,4558,5445,3822,3901,2430,2239,3677,3134,6300,5536,1343,2442,2947
1726,4011,5064,2924,5443,8079,5728,4697,1620,1997,1101,6391,6857,2949,8680,1940,10479,2501,8241,2612,4147,1494,6105,4264,5048,2941,1107,5137,3802,8448,3872,7591,5976,4308,2233,7732,1736,1589,1597,1906,2547,1851,5153,2186,6746,4217,4871,5812,3763,3539,2392,2733,3796,3158,5345,5016,1305,2703,3136
1666,4064,5002,2658,5127,6270,5558,4413,1466,1710,1148,6351,6692,2241,9047,1700,10425,2908,8210,2934,4052,1573,6375,3737,4953,2727,1059,5028,3961,8479,3691,7105,5722,4431,2156,8418,1785,1450,1801,2049,2295,1835,5143,1676,6595,4493,5123,5877,3493,3769,2586,2975,3763,2608,4497,5197,1650,2844,3273
1690,3818,4921,2604,4697,5439,5585,4282,1055,1767,1265,6058,6664,2045,8733,1811,10290,2981,8660,2900,3729,1702,6649,3665,4820,2075,1053,5078,3878,7710,3086,6522,5837,4374,1916,8416,2093,1404,1894,2152,2267,1684,4980,1801,6831,4661,5084,5340,3160,3933,2822,3118,3624,2130,4558,5512,1896,2759,2852
2059,3644,4842,2561,4106,5149,5314,3927,988,1886,1353,5865,6660,1585,9084,1906,10149,2977,8551,2898,3804,1841,6536,3588,4483,1749,1051,5078,3769,6020,2543,6466,6020,4213,1660,8089,2051,1402,1902,2233,2071,1517,4923,1894,6708,4594,4774,4905,3086,4481,2815,3237,3201,2174,5000,5550,1839,2448,2493
2083,3414,4788,2513,4024,4861,5064,4905,976,1936,1380,5419,7228,1436,9156,2057,10120,2888,8223,3062,3884,1890,6524,3433,4189,1450,1117,5048,3646,5072,2475,6536,6202,4106,1466,7668,2045,1398,1958,2241,1775,1460,4881,1835,6581,4243,4401,4865,3249,4963,2626,2930,2709,2412,5441,5197,1740,2099,2553
2164,2753,4762,2525,3842,4651,4921,5827,1004,1892,1351,5084,7662,1545,8682,2231,10038,2586,8317,3263,4082,1896,6557,3330,3901,1043,1115,5094,3326,5040,2473,6633,6417,3858,1373,7702,2227,1396,1924,2093,1668,1589,5022,1918,6242,3675,4538,5062,3332,5115,2225,2450,2840,2479,5105,4659,1408,2013,2727
2180,2463,4056,2358,3594,4487,4800,5986,1077,1529,1240,4497,7609,1587,8208,2186,10011,2196,8382,3414,4378,1757,5853,3358,3199,976,1057,5048,2969,5181,2505,6845,7004,3485,1589,7660,2001,1337,1714,1763,1674,1749,5177,1924,5726,3546,4786,5252,3332,4671,2019,2553,3245,2600,4683,4017,1202,2358,2872
1870,2358,3227,2301,3326,4506,4653,6186,1115,1236,1178,4259,7638,1622,7668,2033,9507,1910,8337,3374,4512,1589,5209,3356,2868,869,986,5018,3090,5292,2503,7008,7831,3703,1983,7674,1860,1220,1527,1730,1864,1841,5016,1678,5153,3888,5326,5431,3531,3816,2237,3059,3477,2519,4441,3618,1208,2579,2844
1660,2315,2789,2186,3049,4433,4497,6323,952,1148,1244,3919,7509,1543,7396,1926,9644,1841,8461,3217,4032,1646,4949,3806,3420,807,902,5389,3185,5865,2499,6530,7529,3832,2216,7926,1890,1109,1620,1763,2057,1809,4352,1503,5032,3993,5693,5500,3302,3917,2622,3336,3358,2102,4157,3806,1438,2577,2805
1603,2156,2446,2037,2947,4286,4310,6369,825,1172,1303,3634,7200,1331,7029,1803,9715,1751,8311,2886,3749,1741,4532,4366,3445,764,908,5702,3183,5970,2388,5939,7769,4009,2563,7843,1736,1166,1686,1753,2091,1660,4052,1494,5304,4086,5679,5090,2678,4368,2886,3374,3098,1599,4427,4104,1545,2461,2571
1470,2174,2414,1956,2830,4455,4175,6083,748,1194,1359,3548,6688,1164,6460,1670,9404,1785,8067,2410,3921,1859,4391,4290,2612,956,877,5927,3033,5708,2156,6008,7878,4709,2717,7426,1553,1206,1293,1666,2047,1418,4086,1704,5593,3913,5292,4685,2577,4461,2900,3172,2820,1736,4895,4530,1511,2146,2325
1176,2077,2402,2081,2737,4719,4030,5875,625,1204,1357,3233,5734,1297,5970,1666,8985,1708,7890,2614,3995,1859,4078,4266,3108,1184,859,6067,2963,5260,2206,6220,7912,5167,2614,6887,1557,1260,960,1603,2011,1414,4282,2035,6335,3624,4572,4768,2638,4540,2313,2692,2610,2099,4822,5137,1507,1886,2487
760,2108,2346,2210,2450,4132,3907,5538,716,1172,1250,2842,5012,1468,5143,1668,8281,1611,7855,2727,3935,1761,3491,4260,3725,1406,934,5318,2809,5240,2297,6799,8126,5209,2795,6506,2128,1380,926,1515,1636,1646,4566,2077,6456,3152,4395,4957,2882,4340,1859,2293,2668,2241,4802,5167,1271,1866,2759
730,2099,2059,2235,1878,4094,3951,5621,823,1117,1115,2598,4967,1490,4610,1672,8065,1698,7855,2682,3806,1605,3195,4397,4058,1440,944,4973,2473,5445,2523,6714,7985,4834,3231,6799,2696,1375,821,1323,1654,1843,4637,2077,6280,2938,4810,5159,3487,3842,1390,2295,2902,2408,4453,4762,1115,1896,2918
718,2053,1934,2202,1700,4088,4076,5270,841,1008,996,2654,5044,1517,4610,1561,7749,1749,7924,2592,3632,1458,3302,4643,4225,1396,823,4818,2525,5665,2795,6621,7456,4980,3421,6758,2517,1182,694,1333,2055,1940,4572,1845,5948,3221,5367,5161,3636,3217,1535,2674,3114,2378,4072,4493,1045,2120,3203
732,2061,1847,2150,1581,4138,4255,4840,823,902,1097,2815,4784,1462,4479,1432,7845,1763,7914,2396,3094,1545,3237,4750,4344,1333,664,4931,2999,5700,2860,5895,6875,5123,3503,6381,2277,1029,770,1388,2184,1866,4564,1529,5752,3414,5661,5036,3183,3144,1880,2965,3172,2015,3535,4721,1008,2281,3368
750,2087,1309,2069,1404,4239,4481,4854,813,978,1210,2834,4477,1267,4260,1501,8017,1783,7811,2132,2862,1652,3265,4748,4314,1198,692,5012,3223,5659,2785,4915,6641,5228,3644,6018,2293,1105,1133,1384,2176,1674,4336,1585,5867,3554,5474,4469,2987,3469,1958,2940,3049,1567,3658,5187,1018,2277,2920
756,2039,1238,1565,1379,4145,4504,4790,825,1099,1261,2442,4633,1162,4229,1565,8202,1716,7609,1823,2860,1704,3191,4304,3963,1250,736,5262,3221,5873,2705,4411,6704,5395,3745,5240,1948,1234,1250,1379,2144,1426,4447,1759,5578,3602,4739,4177,3189,3681,1932,2799,2698,1585,3967,5480,1008,1914,2467
738,1952,1218,1410,1424,5121,4205,4788,831,1154,1202,2077,4776,1258,4378,1549,8388,1509,7226,1970,2519,1757,2888,4062,3539,1347,807,5623,3219,5829,2775,3985,6159,5615,3786,4889,1912,1305,1442,1305,1983,1351,4639,1801,5256,3392,4038,4264,3338,3782,1960,2301,2382,2095,3973,5603,1000,1420,2503
708,2612,1220,1462,1511,5407,3820,4858,873,1172,1117,1866,4699,1355,4471,1549,8344,1410,7123,2146,2499,1674,2503,3915,3519,1394,867,6075,3100,5911,2757,3229,6607,5611,3763,4951,2063,1367,1438,1168,1783,1498,4750,1686,5250,2975,3743,4421,3245,3838,1650,1565,2418,2432,3858,5207,938,1196,2777
706,2888,1341,1474,1646,4340,3346,4739,936,1152,994,1728,4746,1380,4530,1547,8067,1466,6750,2216,2475,1452,2206,3622,3652,1006,837,6123,2763,6016,2525,2773,6440,5318,3802,4731,2160,1331,1279,976,1825,1668,4885,1365,4951,2987,4009,4463,3279,3378,1285,1577,2509,2448,3880,4141,897,1509,2961
645,2926,1382,1482,1400,3755,2450,4138,968,1041,873,1807,4842,1339,4544,1460,7823,1464,6042,2218,2275,1287,2221,3249,3798,218,706,5837,2711,5998,1692,2672,5046,5151,3612,4387,2245,1125,1043,1133,2071,1712,4957,1150,4776,3299,4215,4405,3324,2868,1357,1847,2392,2352,3435,3253,1012,1835,2971
