Date,WaterYear,DayOfYear,Month,Day,WaterYearType,TotalIn,Inflow,BaseFlow,KondolfFlow,Diversion,Level,Spill,NetInflow
1951-10-01,1952,1,10,1,1,146076,1557,516,694.2145,605,146076.0,0.0,-258.21450000000004
1951-10-02,1952,2,10,2,1,147738,1662,417,694.2145,569,146057.7855,0.0,-18.214500000000044
1951-10-03,1952,3,10,3,1,149243,1505,417,694.2145,557,145894.571,0.0,-163.21450000000004
1951-10-04,1952,4,10,4,1,150786,1543,417,694.2145,563,145763.3565,0.0,-131.21450000000004
1951-10-05,1952,5,10,5,1,152873,2087,417,694.2145,547,146192.142,0.0,428.78549999999996
1951-10-06,1952,6,10,6,1,154870,1997,417,694.2145,510,146567.9275,0.0,375.78549999999996
1951-10-07,1952,7,10,7,1,156887,2017,415,694.2145,512,146963.713,0.0,395.78549999999996
1951-10-08,1952,8,10,8,1,158337,1450,415,694.2145,496,146808.4985,0.0,-155.21450000000004
1951-10-09,1952,9,10,9,1,159811,1474,415,694.2145,494,146679.28399999999,0.0,-129.21450000000004
1951-10-10,1952,10,10,10,1,161479,1668,413,694.2145,478,146762.06949999998,0.0,82.78549999999996
1951-10-11,1952,11,10,11,1,163004,1525,413,694.2145,456,146723.85499999998,0.0,-38.214500000000044
1951-10-12,1952,12,10,12,1,164642,1638,409,694.2145,470,146788.64049999998,0.0,64.78549999999996
1951-10-13,1952,13,10,13,1,165673,1031,409,694.2145,490,146226.42599999998,0.0,-562.2145
1951-10-14,1952,14,10,14,1,166540,867,409,694.2145,488,145502.21149999998,0.0,-724.2145
1951-10-15,1952,15,10,15,1,167905,1365,381,694.2145,494,145297.99699999997,0.0,-204.21450000000004
1951-10-16,1952,16,10,16,1,169466,1561,353,694.2145,482,145329.78249999997,0.0,31.785499999999956
1951-10-17,1952,17,10,17,1,171106,1640,353,694.2145,466,145456.56799999997,0.0,126.78549999999996
1951-10-18,1952,18,10,18,1,172590,1484,353,694.2145,460,145433.35349999997,0.0,-23.214500000000044
1951-10-19,1952,19,10,19,1,174072,1482,351,694.2145,454,145416.13899999997,0.0,-17.214500000000044
1951-10-20,1952,20,10,20,1,175429,1357,351,694.2145,446,145281.92449999996,0.0,-134.21450000000004
1951-10-21,1952,21,10,21,1,176607,1178,351,694.2145,438,144976.70999999996,0.0,-305.21450000000004
1951-10-22,1952,22,10,22,1,178160,1553,351,694.2145,444,145040.49549999996,0.0,63.785499999999956
1951-10-23,1952,23,10,23,1,179731,1571,351,694.2145,460,145106.28099999996,0.0,65.78549999999996
1951-10-24,1952,24,10,24,1,181336,1605,351,694.2145,436,145230.06649999996,0.0,123.78549999999996
1951-10-25,1952,25,10,25,1,183058,1722,349,694.2145,401,145507.85199999996,0.0,277.78549999999996
1951-10-26,1952,26,10,26,1,184861,1803,349,694.2145,387,145880.63749999995,0.0,372.78549999999996
1951-10-27,1952,27,10,27,1,186640,1779,349,694.2145,361,146255.42299999995,0.0,374.78549999999996
1951-10-28,1952,28,10,28,1,187713,1073,349,694.2145,355,145930.20849999995,0.0,-325.21450000000004
1951-10-29,1952,29,10,29,1,189330,1617,345,694.2145,349,146158.99399999995,0.0,228.78549999999996
1951-10-30,1952,30,10,30,1,191202,1872,345,694.2145,353,146638.77949999995,0.0,479.78549999999996
1951-10-31,1952,31,10,31,1,193039,1837,345,694.2145,379,147057.56499999994,0.0,418.78549999999996
1951-11-01,1952,32,11,1,1,194497,1458,345,1388.429,405,146377.13599999994,0.0,-680.4290000000001
1951-11-02,1952,33,11,2,1,195887,1390,345,1388.429,407,145626.70699999994,0.0,-750.4290000000001
1951-11-03,1952,34,11,3,1,197293,1406,345,1388.429,407,144892.27799999993,0.0,-734.4290000000001
1951-11-04,1952,35,11,4,1,198326,1033,345,1388.429,411,143780.84899999993,0.0,-1111.429
1951-11-05,1952,36,11,5,1,199929,1603,345,1388.429,415,143235.41999999993,0.0,-545.4290000000001
1951-11-06,1952,37,11,6,1,201651,1722,343,1388.429,417,142808.99099999992,0.0,-426.4290000000001
1951-11-07,1952,38,11,7,1,203307,1656,343,1388.429,407,142326.56199999992,0.0,-482.4290000000001
1951-11-08,1952,39,11,8,1,204985,1678,343,1388.429,409,141864.1329999999,0.0,-462.4290000000001
1951-11-09,1952,40,11,9,1,206633,1648,343,1388.429,545,141235.7039999999,0.0,-628.4290000000001
1951-11-10,1952,41,11,10,1,207813,1180,343,1388.429,520,140164.2749999999,0.0,-1071.429
1951-11-11,1952,42,11,11,1,208977,1164,343,694.2145,520,139771.0604999999,0.0,-393.21450000000004
1951-11-12,1952,43,11,12,1,210211,1234,343,694.2145,520,139447.8459999999,0.0,-323.21450000000004
1951-11-13,1952,44,11,13,1,211925,1714,343,694.2145,508,139616.6314999999,0.0,168.78549999999996
1951-11-14,1952,45,11,14,1,213069,1144,343,694.2145,480,139243.4169999999,0.0,-373.21450000000004
1951-11-15,1952,46,11,15,1,214309,1240,343,694.2145,430,139016.2024999999,0.0,-227.21450000000004
1951-11-16,1952,47,11,16,1,215620,1311,343,694.2145,397,138892.9879999999,0.0,-123.21450000000004
1951-11-17,1952,48,11,17,1,216253,633,343,694.2145,393,138095.7734999999,0.0,-797.2145
1951-11-18,1952,49,11,18,1,216999,746,343,694.2145,387,137417.5589999999,0.0,-678.2145
1951-11-19,1952,50,11,19,1,218881,1882,343,694.2145,377,137885.3444999999,0.0,467.78549999999996
1951-11-20,1952,51,11,20,1,221045,2164,341,694.2145,335,138679.1299999999,0.0,793.7855
1951-11-21,1952,52,11,21,1,223251,2206,341,694.2145,161,139688.9154999999,0.0,1009.7855
1951-11-22,1952,53,11,22,1,224284,1033,341,694.2145,0,139686.70099999988,0.0,-2.2145000000000437
1951-11-23,1952,54,11,23,1,225694,1410,341,694.2145,0,140061.48649999988,0.0,374.78549999999996
1951-11-24,1952,55,11,24,1,227243,1549,341,694.2145,0,140575.27199999988,0.0,513.7855
1951-11-25,1952,56,11,25,1,228447,1204,341,694.2145,0,140744.05749999988,0.0,168.78549999999996
1951-11-26,1952,57,11,26,1,230069,1622,314,694.2145,0,141357.84299999988,0.0,613.7855
1951-11-27,1952,58,11,27,1,231684,1615,298,694.2145,0,141980.62849999988,0.0,622.7855
1951-11-28,1952,59,11,28,1,233796,2112,298,694.2145,0,143100.41399999987,0.0,1119.7855
1951-11-29,1952,60,11,29,1,235908,2112,298,694.2145,0,144220.19949999987,0.0,1119.7855
1951-11-30,1952,61,11,30,1,237858,1950,298,694.2145,0,145177.98499999987,0.0,957.7855
1951-12-01,1952,62,12,1,1,239764,1906,298,694.2145,0,146091.77049999987,0.0,913.7855
1951-12-02,1952,63,12,2,1,241940,2176,298,694.2145,0,147275.55599999987,0.0,1183.7855
1951-12-03,1952,64,12,3,1,244128,2188,298,694.2145,0,148471.34149999986,0.0,1195.7855
1951-12-04,1952,65,12,4,1,246514,2386,298,694.2145,0,149865.12699999986,0.0,1393.7855
1951-12-05,1952,66,12,5,1,249221,2707,298,694.2145,0,151579.91249999986,0.0,1714.7855
1951-12-06,1952,67,12,6,1,253795,4574,298,694.2145,0,155161.69799999986,0.0,3581.7855
1951-12-07,1952,68,12,7,1,256824,3029,270,694.2145,0,157226.48349999986,0.0,2064.7855
1951-12-08,1952,69,12,8,1,259127,2303,256,694.2145,0,158579.26899999985,0.0,1352.7855
1951-12-09,1952,70,12,9,1,261779,2652,256,694.2145,0,160281.05449999985,0.0,1701.7855
1951-12-10,1952,71,12,10,1,262118,339,256,694.2145,0,159669.83999999985,0.0,-611.2145
1951-12-11,1952,72,12,11,1,264413,2295,256,694.2145,0,161014.62549999985,0.0,1344.7855
1951-12-12,1952,73,12,12,1,267067,2654,258,694.2145,0,162716.41099999985,0.0,1701.7855
1951-12-13,1952,74,12,13,1,270203,3136,258,694.2145,0,164900.19649999985,0.0,2183.7855
1951-12-14,1952,75,12,14,1,273277,3074,258,694.2145,0,167021.98199999984,0.0,2121.7855
1951-12-15,1952,76,12,15,1,276294,3017,258,694.2145,0,169086.76749999984,0.0,2064.7855
1951-12-16,1952,77,12,16,1,278180,1886,258,694.2145,0,170020.55299999984,0.0,933.7855
1951-12-17,1952,78,12,17,1,280753,2573,258,694.2145,0,171641.33849999984,0.0,1620.7855
1951-12-18,1952,79,12,18,1,283250,2497,258,694.2145,0,173186.12399999984,0.0,1544.7855
1951-12-19,1952,80,12,19,1,286112,2862,258,694.2145,0,175095.90949999983,0.0,1909.7855
1951-12-20,1952,81,12,20,1,288655,2543,256,694.2145,0,176688.69499999983,0.0,1592.7855
1951-12-21,1952,82,12,21,1,291412,2757,222,694.2145,0,178529.48049999983,0.0,1840.7855
1951-12-22,1952,83,12,22,1,294050,2638,198,694.2145,0,180275.26599999983,0.0,1745.7855
1951-12-23,1952,84,12,23,1,296035,1985,198,694.2145,0,181368.05149999983,0.0,1092.7855
1951-12-24,1952,85,12,24,1,297775,1740,200,694.2145,0,182213.83699999982,0.0,845.7855
1951-12-25,1952,86,12,25,1,300284,2509,200,694.2145,0,183828.62249999982,0.0,1614.7855
1951-12-26,1952,87,12,26,1,301962,1678,200,694.2145,0,184612.40799999982,0.0,783.7855
1951-12-27,1952,88,12,27,1,304243,2281,200,694.2145,0,185999.19349999982,0.0,1386.7855
1951-12-28,1952,89,12,28,1,306800,2557,202,694.2145,0,187659.97899999982,0.0,1660.7855
1951-12-29,1952,90,12,29,1,309265,2465,202,694.2145,0,189228.76449999982,0.0,1568.7855
1951-12-30,1952,91,12,30,1,328094,18829,202,694.2145,0,207161.5499999998,0.0,17932.785499999998
1951-12-31,1952,92,12,31,1,339390,11296,202,694.2145,0,217561.3354999998,0.0,10399.7855
1952-01-01,1952,93,1,1,1,344952,5562,202,694.2145,0,222227.1209999998,0.0,4665.7855
1952-01-02,1952,94,1,2,1,348155,3203,202,694.2145,0,224533.9064999998,0.0,2306.7855
1952-01-03,1952,95,1,3,1,351918,3763,202,694.2145,0,227400.6919999998,0.0,2866.7855
1952-01-04,1952,96,1,4,1,355524,3606,202,694.2145,0,230110.4774999998,0.0,2709.7855
1952-01-05,1952,97,1,5,1,358616,3092,202,694.2145,0,232306.2629999998,0.0,2195.7855
1952-01-06,1952,98,1,6,1,361754,3138,206,694.2145,0,234544.0484999998,0.0,2237.7855
1952-01-07,1952,99,1,7,1,364731,2977,206,694.2145,0,236620.8339999998,0.0,2076.7855
1952-01-08,1952,100,1,8,1,367960,3229,206,694.2145,0,238949.6194999998,0.0,2328.7855
1952-01-09,1952,101,1,9,1,370796,2836,206,694.2145,0,240885.4049999998,0.0,1935.7855
1952-01-10,1952,102,1,10,1,373914,3118,206,694.2145,0,243103.1904999998,0.0,2217.7855
1952-01-11,1952,103,1,11,1,376054,2140,206,694.2145,52,244290.9759999998,0.0,1187.7855
1952-01-12,1952,104,1,12,1,378283,2229,206,694.2145,0,245619.7614999998,0.0,1328.7855
1952-01-13,1952,105,1,13,1,382343,4060,206,694.2145,0,248779.5469999998,0.0,3159.7855
1952-01-14,1952,106,1,14,1,386292,3949,206,694.2145,0,251828.3324999998,0.0,3048.7855
1952-01-15,1952,107,1,15,1,389890,3598,206,694.2145,0,254526.11799999978,0.0,2697.7855
1952-01-16,1952,108,1,16,1,400658,10768,206,694.2145,0,264393.9034999998,0.0,9867.7855
1952-01-17,1952,109,1,17,1,410228,9570,206,694.2145,0,273063.6889999998,0.0,8669.7855
1952-01-18,1952,110,1,18,1,415569,5341,206,694.2145,0,277504.4744999998,0.0,4440.7855
1952-01-19,1952,111,1,19,1,421506,5937,208,694.2145,0,282539.2599999998,0.0,5034.7855
1952-01-20,1952,112,1,20,1,425429,3923,208,694.2145,0,285560.0454999998,0.0,3020.7855
1952-01-21,1952,113,1,21,1,429759,4330,208,694.2145,0,288987.8309999998,0.0,3427.7855
1952-01-22,1952,114,1,22,1,433559,3800,208,694.2145,0,291885.61649999977,0.0,2897.7855
1952-01-23,1952,115,1,23,1,437135,3576,206,694.2145,0,294561.40199999977,0.0,2675.7855
1952-01-24,1952,116,1,24,1,440791,3656,208,694.2145,0,297315.18749999977,0.0,2753.7855
1952-01-25,1952,117,1,25,1,449905,9114,208,694.2145,0,305526.97299999977,0.0,8211.7855
1952-01-26,1952,118,1,26,1,470055,20150,208,694.2145,0,324774.75849999976,0.0,19247.785499999998
1952-01-27,1952,119,1,27,1,477263,7208,208,694.2145,0,331080.54399999976,0.0,6305.7855
1952-01-28,1952,120,1,28,1,481972,4709,208,694.2145,0,334887.32949999976,0.0,3806.7855
1952-01-29,1952,121,1,29,1,486740,4768,208,694.2145,0,338753.11499999976,0.0,3865.7855
1952-01-30,1952,122,1,30,1,491131,4391,210,694.2145,0,342239.90049999976,0.0,3486.7855
1952-01-31,1952,123,1,31,1,494943,3812,210,694.2145,0,345147.68599999975,0.0,2907.7855
1952-02-01,1952,124,2,1,1,499176,4233,210,694.2145,0,348476.47149999975,0.0,3328.7855
1952-02-02,1952,125,2,2,1,504535,5359,210,694.2145,0,352931.25699999975,0.0,4454.7855
1952-02-03,1952,126,2,3,1,511076,6541,210,694.2145,0,358568.04249999975,0.0,5636.7855
1952-02-04,1952,127,2,4,1,515626,4550,210,694.2145,0,362213.82799999975,0.0,3645.7855
1952-02-05,1952,128,2,5,1,519837,4211,210,694.2145,0,365520.61349999974,0.0,3306.7855
1952-02-06,1952,129,2,6,1,524764,4927,210,694.2145,0,369543.39899999974,0.0,4022.7855
1952-02-07,1952,130,2,7,1,529145,4381,210,694.2145,0,373020.18449999974,0.0,3476.7855
1952-02-08,1952,131,2,8,1,533753,4608,210,694.2145,0,376723.96999999974,0.0,3703.7855
1952-02-09,1952,132,2,9,1,537932,4179,210,694.2145,0,379998.75549999974,0.0,3274.7855
1952-02-10,1952,133,2,10,1,542161,4229,210,694.2145,0,383323.54099999974,0.0,3324.7855
1952-02-11,1952,134,2,11,1,546302,4141,210,694.2145,0,386560.32649999973,0.0,3236.7855
1952-02-12,1952,135,2,12,1,550870,4568,210,694.2145,0,390224.11199999973,0.0,3663.7855
1952-02-13,1952,136,2,13,1,555722,4852,210,694.2145,0,394171.89749999973,0.0,3947.7855
1952-02-14,1952,137,2,14,1,560084,4362,208,694.2145,0,397631.6829999997,0.0,3459.7855
1952-02-15,1952,138,2,15,1,564370,4286,208,694.2145,0,401015.4684999997,0.0,3383.7855
1952-02-16,1952,139,2,16,1,568575,4205,210,694.2145,0,404316.2539999997,0.0,3300.7855
1952-02-17,1952,140,2,17,1,572814,4239,210,694.2145,0,407651.0394999997,0.0,3334.7855
1952-02-18,1952,141,2,18,1,578098,5284,210,694.2145,0,412030.8249999997,0.0,4379.7855
1952-02-19,1952,142,2,19,1,582299,4201,210,694.2145,151,415176.6104999997,0.0,3145.7855
1952-02-20,1952,143,2,20,1,586085,3786,212,694.2145,472,417584.3959999997,0.0,2407.7855
1952-02-21,1952,144,2,21,1,589705,3620,212,694.2145,597,419701.1814999997,0.0,2116.7855
1952-02-22,1952,145,2,22,1,593462,3757,212,694.2145,682,421869.9669999997,0.0,2168.7855
1952-02-23,1952,146,2,23,1,596657,3195,212,694.2145,587,423571.7524999997,0.0,1701.7855
1952-02-24,1952,147,2,24,1,599483,2826,212,694.2145,581,424910.5379999997,0.0,1338.7855
1952-02-25,1952,148,2,25,1,603269,3786,214,694.2145,575,427213.3234999997,0.0,2302.7855
1952-02-26,1952,149,2,26,1,606863,3594,214,694.2145,379,429520.1089999997,0.0,2306.7855
1952-02-27,1952,150,2,27,1,609906,3043,214,694.2145,157,431497.8944999997,0.0,1977.7855
1952-02-28,1952,151,2,28,1,613532,3626,214,694.2145,198,434017.6799999997,0.0,2519.7855
1952-02-29,1952,152,2,29,1,617134,3602,210,694.2145,198,436517.4654999997,0.0,2499.7855
1952-03-01,1952,153,3,1,1,620607,3473,208,991.735,196,438594.7304999997,0.0,2077.265
1952-03-02,1952,154,3,2,1,624072,3465,208,991.735,194,440665.9954999997,0.0,2071.265
1952-03-03,1952,155,3,3,1,627837,3765,208,991.735,420,442811.26049999974,0.0,2145.265
1952-03-04,1952,156,3,4,1,631534,3697,208,991.735,492,444816.52549999976,0.0,2005.2649999999999
1952-03-05,1952,157,3,5,1,634961,3427,208,991.735,492,446551.79049999977,0.0,1735.2649999999999
1952-03-06,1952,158,3,6,1,638141,3180,208,991.735,490,448042.0554999998,0.0,1490.2649999999999
1952-03-07,1952,159,3,7,1,641840,3699,208,991.735,494,450047.3204999998,0.0,2005.2649999999999
1952-03-08,1952,160,3,8,1,645749,3909,208,991.735,177,452579.5854999998,0.0,2532.265
1952-03-09,1952,161,3,9,1,649399,3650,208,991.735,0,455029.8504999998,0.0,2450.265
1952-03-10,1952,162,3,10,1,652755,3356,208,991.735,0,457186.11549999984,0.0,2156.265
1952-03-11,1952,163,3,11,1,656670,3915,210,991.735,0,459899.38049999985,0.0,2713.265
1952-03-12,1952,164,3,12,1,661355,4685,210,991.735,0,463382.64549999987,0.0,3483.265
1952-03-13,1952,165,3,13,1,665933,4578,210,991.735,0,466758.9104999999,0.0,3376.265
1952-03-14,1952,166,3,14,1,670201,4268,210,991.735,0,469825.1754999999,0.0,3066.265
1952-03-15,1952,167,3,15,1,675259,5058,210,991.735,0,473681.4404999999,0.0,3856.265
1952-03-16,1952,168,3,16,1,687616,12357,210,2975.205,0,482853.2354999999,0.0,9171.795
1952-03-17,1952,169,3,17,1,697365,9749,210,2975.205,0,489417.0304999999,0.0,6563.795
1952-03-18,1952,170,3,18,1,705097,7732,290,2975.205,0,493883.82549999986,0.0,4466.795
1952-03-19,1952,171,3,19,1,712545,7448,369,2975.205,0,497987.62049999984,0.0,4103.795
1952-03-20,1952,172,3,20,1,722159,9614,480,2975.205,0,504146.4154999998,0.0,6158.795
1952-03-21,1952,173,3,21,1,729315,7156,568,2975.205,0,507759.2104999998,0.0,3612.795
1952-03-22,1952,174,3,22,1,735793,6478,568,2975.205,0,510694.0054999998,0.0,2934.795
1952-03-23,1952,175,3,23,1,741759,5966,568,2975.205,0,513116.8004999998,0.0,2422.795
1952-03-24,1952,176,3,24,1,746989,5230,568,2975.205,0,514803.59549999976,0.0,1686.795
1952-03-25,1952,177,3,25,1,753380,6391,568,2975.205,0,517651.39049999975,0.0,2847.795
1952-03-26,1952,178,3,26,1,761018,7638,568,2975.205,0,521456.795,289.3904999997467,4094.795
1952-03-27,1952,179,3,27,1,770900,9882,568,2975.205,0,521456.795,6338.7949999999255,6338.795
1952-03-28,1952,180,3,28,1,781847,10947,568,2975.205,0,521456.795,7403.7949999999255,7403.795
1952-03-29,1952,181,3,29,1,791998,10151,568,2975.205,0,521456.795,6607.7949999999255,6607.795
1952-03-30,1952,182,3,30,1,803044,11046,568,2975.205,0,521456.795,7502.7949999999255,7502.795
1952-03-31,1952,183,3,31,1,812146,9102,568,2975.205,0,521456.795,5558.7949999999255,5558.795
1952-04-01,1952,184,4,1,1,820467,8321,568,4958.675,0,519473.325,4777.7949999999255,2794.325
1952-04-02,1952,185,4,2,1,828694,8227,568,4958.675,0,519473.325,2700.3249999999534,2700.325
1952-04-03,1952,186,4,3,1,838266,9572,568,4958.675,0,519473.325,4045.3249999999534,4045.325
1952-04-04,1952,187,4,4,1,848314,10048,568,4958.675,0,519473.325,4521.324999999953,4521.325
1952-04-05,1952,188,4,5,1,858892,10578,568,4958.675,173,519300.325,5051.324999999953,4878.325
1952-04-06,1952,189,4,6,1,870523,11631,568,4958.675,397,519076.325,5931.324999999953,5707.325
1952-04-07,1952,190,4,7,1,882440,11917,568,4958.675,393,519080.325,5993.324999999953,5997.325
1952-04-08,1952,191,4,8,1,896047,13607,568,4958.675,389,519084.325,7687.324999999953,7691.325
1952-04-09,1952,192,4,9,1,906758,10711,568,4958.675,385,519088.325,4795.324999999953,4799.325
1952-04-10,1952,193,4,10,1,916767,10009,568,4958.675,381,519092.325,4097.324999999953,4101.325
1952-04-11,1952,194,4,11,1,927549,10782,566,4958.675,454,519021.325,4874.324999999953,4803.325
1952-04-12,1952,195,4,12,1,938129,10580,564,4958.675,470,519007.325,4601.324999999953,4587.325
1952-04-13,1952,196,4,13,1,947227,9098,564,4958.675,298,519179.325,3105.3249999999534,3277.325
1952-04-14,1952,197,4,14,1,956278,9051,566,4958.675,290,519185.325,3230.3249999999534,3236.325
1952-04-15,1952,198,4,15,1,966291,10013,570,4958.675,331,519140.325,4198.324999999953,4153.325
1952-04-16,1952,199,4,16,1,975290,8999,562,7933.88,391,516113.12,3139.3249999999534,112.11999999999898
1952-04-17,1952,200,4,17,1,984247,8957,548,7933.88,373,516145.12,70.11999999999534,102.11999999999898
1952-04-18,1952,201,4,18,1,994240,9993,548,7933.88,434,516084.12,1138.1199999999953,1077.119999999999
1952-04-19,1952,202,4,19,1,1005655,11415,546,7933.88,536,515984.12,2499.1199999999953,2399.119999999999
1952-04-20,1952,203,4,20,1,1017504,11849,546,7933.88,569,515951.12,2833.1199999999953,2800.119999999999
1952-04-21,1952,204,4,21,1,1029740,12236,544,7933.88,526,515996.12,3187.1199999999953,3232.119999999999
1952-04-22,1952,205,4,22,1,1042186,12446,544,7933.88,563,515959.12,3442.1199999999953,3405.119999999999
1952-04-23,1952,206,4,23,1,1055416,13230,544,7933.88,700,515822.12,4189.119999999995,4052.119999999999
1952-04-24,1952,207,4,24,1,1069739,14323,544,7933.88,758,515764.12,5145.119999999995,5087.119999999999
1952-04-25,1952,208,4,25,1,1085309,15570,544,7933.88,742,515780.12,6334.119999999995,6350.119999999999
1952-04-26,1952,209,4,26,1,1101927,16618,544,7933.88,736,515786.12,7398.119999999995,7404.119999999999
1952-04-27,1952,210,4,27,1,1116680,14753,544,7933.88,655,515867.12,5539.119999999995,5620.119999999999
1952-04-28,1952,211,4,28,1,1129454,12774,544,7933.88,573,515949.12,3641.1199999999953,3723.119999999999
1952-04-29,1952,212,4,29,1,1144427,14973,540,7933.88,597,515929.12,5922.119999999995,5902.119999999999
1952-04-30,1952,213,4,30,1,1158627,14200,540,7933.88,625,515901.12,5129.119999999995,5101.119999999999
1952-05-01,1952,214,5,1,1,1174400,15773,540,4958.675,736,518765.325,6674.119999999995,9538.325
1952-05-02,1952,215,5,2,1,1188776,14376,544,4958.675,885,518612.325,8141.324999999953,7988.325
1952-05-03,1952,216,5,3,1,1206857,18081,544,4958.675,936,518561.325,11693.324999999953,11642.325
1952-05-04,1952,217,5,4,1,1224512,17655,544,4958.675,942,518555.325,11216.324999999953,11210.325
1952-05-05,1952,218,5,5,1,1240267,15755,546,4958.675,827,518668.325,9310.324999999953,9423.325
1952-05-06,1952,219,5,6,1,1257860,17593,566,4958.675,827,518648.325,11261.324999999953,11241.325
1952-05-07,1952,220,5,7,1,1276973,19113,597,4958.675,847,518597.325,12761.324999999953,12710.325
1952-05-08,1952,221,5,8,1,1295380,18407,599,4958.675,887,518555.325,12004.324999999953,11962.325
1952-05-09,1952,222,5,9,1,1311476,16096,601,4958.675,924,518516.325,9651.324999999953,9612.325
1952-05-10,1952,223,5,10,1,1327040,15564,603,4958.675,932,518506.325,9080.324999999953,9070.325
1952-05-11,1952,224,5,11,1,1344165,17125,605,4958.675,988,518448.325,10631.324999999953,10573.325
1952-05-12,1952,225,5,12,1,1363298,19133,599,4958.675,1057,518385.325,12581.324999999953,12518.325
1952-05-13,1952,226,5,13,1,1384759,21461,599,4958.675,1107,518335.325,14846.324999999953,14796.325
1952-05-14,1952,227,5,14,1,1406992,22233,601,4958.675,1186,518254.325,15568.324999999953,15487.325
1952-05-15,1952,228,5,15,1,1430798,23806,603,4958.675,1226,518212.325,17060.324999999953,17018.325
1952-05-16,1952,229,5,16,1,1455109,24311,599,4958.675,1295,518147.325,17523.324999999953,17458.325
1952-05-17,1952,230,5,17,1,1476136,21027,599,4958.675,1430,518012.325,14174.324999999953,14039.325
1952-05-18,1952,231,5,18,1,1495909,19773,603,4958.675,1438,518000.325,12785.324999999953,12773.325
1952-05-19,1952,232,5,19,1,1516537,20628,593,4958.675,1450,517998.325,13628.324999999953,13626.325
1952-05-20,1952,233,5,20,1,1539658,23121,591,4958.675,1452,517998.325,16119.324999999953,16119.325
1952-05-21,1952,234,5,21,1,1563710,24052,597,4958.675,1498,517946.325,17050.324999999953,16998.325
1952-05-22,1952,235,5,22,1,1585625,21915,597,4958.675,1571,517873.325,14861.324999999953,14788.325
1952-05-23,1952,236,5,23,1,1607786,22161,601,4958.675,1577,517863.325,15034.324999999953,15024.325
1952-05-24,1952,237,5,24,1,1631804,24018,601,4958.675,1575,517865.325,16881.324999999953,16883.325
1952-05-25,1952,238,5,25,1,1657212,25408,601,4958.675,1757,517683.325,18273.324999999953,18091.325
1952-05-26,1952,239,5,26,1,1683441,26229,601,4958.675,1960,517480.325,18912.324999999953,18709.325
1952-05-27,1952,240,5,27,1,1709121,25680,601,4958.675,1980,517460.325,18160.324999999953,18140.325
1952-05-28,1952,241,5,28,1,1735569,26448,603,4958.675,2001,517437.325,18908.324999999953,18885.325
1952-05-29,1952,242,5,29,1,1763195,27626,603,4958.675,2011,517427.325,20063.324999999953,20053.325
1952-05-30,1952,243,5,30,1,1788679,25484,605,4958.675,2047,517389.325,17911.324999999953,17873.325
1952-05-31,1952,244,5,31,1,1814175,25496,607,4958.675,2182,517252.325,17885.324999999953,17748.325
1952-06-01,1952,245,6,1,1,1840200,26025,607,4958.675,2210,517224.325,18277.324999999953,18249.325
1952-06-02,1952,246,6,2,1,1864170,23970,607,4958.675,2212,517222.325,16194.324999999953,16192.325
1952-06-03,1952,247,6,3,1,1886688,22518,607,4958.675,2225,517209.325,14740.324999999953,14727.325
1952-06-04,1952,248,6,4,1,1910454,23766,605,4958.675,2317,517119.325,15975.324999999953,15885.325
1952-06-05,1952,249,6,5,1,1937582,27128,605,4958.675,2350,517086.325,19247.324999999953,19214.325
1952-06-06,1952,250,6,6,1,1969117,31535,605,4958.675,2390,517046.325,23621.324999999953,23581.325
1952-06-07,1952,251,6,7,1,2001374,32257,607,4958.675,2428,517006.325,24303.324999999953,24263.325
1952-06-08,1952,252,6,8,1,2030073,28699,609,4958.675,2382,517050.325,20705.324999999953,20749.325
1952-06-09,1952,253,6,9,1,2058980,28907,611,4958.675,2346,517084.325,20957.324999999953,20991.325
1952-06-10,1952,254,6,10,1,2086614,27634,605,4958.675,2335,517101.325,19718.324999999953,19735.325
1952-06-11,1952,255,6,11,1,2108252,21638,601,4958.675,2281,517159.325,13739.324999999953,13797.325
1952-06-12,1952,256,6,12,1,2128928,20676,601,4958.675,2321,517119.325,12835.324999999953,12795.325
1952-06-13,1952,257,6,13,1,2144937,16009,601,4958.675,2378,517062.325,8128.324999999953,8071.325
1952-06-14,1952,258,6,14,1,2159192,14255,599,4958.675,2515,516927.325,6317.324999999953,6182.325
1952-06-15,1952,259,6,15,1,2173893,14701,599,4958.675,2580,516862.325,6628.324999999953,6563.325
1952-06-16,1952,260,6,16,1,2188493,14600,599,4958.675,2620,516822.325,6462.324999999953,6422.325
1952-06-17,1952,261,6,17,1,2204033,15540,597,4958.675,2739,516705.325,7362.324999999953,7245.325000000001
1952-06-18,1952,262,6,18,1,2221733,17700,599,4958.675,3019,516423.325,9405.324999999953,9123.325
1952-06-19,1952,263,6,19,1,2240659,18926,609,4958.675,3166,516266.325,10349.324999999953,10192.325
1952-06-20,1952,264,6,20,1,2260327,19668,611,4958.675,3215,516215.325,10934.324999999953,10883.325
1952-06-21,1952,265,6,21,1,2278269,17942,609,4958.675,3314,516118.325,9157.324999999953,9060.325
1952-06-22,1952,266,6,22,1,2296259,17990,609,4958.675,3527,515905.325,9108.324999999953,8895.325
1952-06-23,1952,267,6,23,1,2313479,17220,607,4958.675,3689,515745.325,8125.324999999953,7965.325000000001
1952-06-24,1952,268,6,24,1,2330281,16802,603,4958.675,3695,515743.325,7547.324999999953,7545.325000000001
1952-06-25,1952,269,6,25,1,2344921,14640,601,4958.675,3703,515737.325,5383.324999999953,5377.325000000001
1952-06-26,1952,270,6,26,1,2358355,13434,605,4958.675,3733,515703.325,4171.324999999953,4137.325000000001
1952-06-27,1952,271,6,27,1,2370196,11841,605,4958.675,3780,515656.325,2544.3249999999534,2497.3250000000007
1952-06-28,1952,272,6,28,1,2380244,10048,605,4958.675,3784,515652.325,704.3249999999534,700.3250000000007
1952-06-29,1952,273,6,29,1,2389937,9693,599,4958.675,3878,515564.325,345.32499999995343,257.3250000000007
1952-06-30,1952,274,6,30,1,2398942,9005,595,4958.675,4090,514925.64999999997,0.0,-638.6749999999993
1952-07-01,1952,275,7,1,1,2408623,9681,591,694.2145,4314,519007.4354999999,0.0,4081.7855
1952-07-02,1952,276,7,2,1,2418749,10126,591,694.2145,4594,519120.7855,4133.435499999905,4246.7855
1952-07-03,1952,277,7,3,1,2429497,10748,595,694.2145,4606,519104.7855,4868.785499999998,4852.7855
1952-07-04,1952,278,7,4,1,2441437,11940,597,694.2145,4625,519083.7855,6044.785499999998,6023.7855
1952-07-05,1952,279,7,5,1,2453709,12272,595,694.2145,4618,519092.7855,6355.785499999998,6364.7855
1952-07-06,1952,280,7,6,1,2464529,10820,593,694.2145,4711,519001.7855,4912.785499999998,4821.7855
1952-07-07,1952,281,7,7,1,2476537,12008,591,694.2145,4802,518912.7855,6009.785499999998,5920.7855
1952-07-08,1952,282,7,8,1,2490745,14208,591,694.2145,4852,518862.7855,8120.785499999998,8070.7855
1952-07-09,1952,283,7,9,1,2505516,14771,589,694.2145,4939,518777.7855,8633.785499999998,8548.7855
1952-07-10,1952,284,7,10,1,2518559,13043,591,694.2145,5052,518662.7855,6820.785499999998,6705.7855
1952-07-11,1952,285,7,11,1,2530033,11474,597,694.2145,5226,518482.7855,5136.785499999998,4956.7855
1952-07-12,1952,286,7,12,1,2540916,10883,601,694.2145,5421,518283.7855,4365.785499999998,4166.7855
1952-07-13,1952,287,7,13,1,2550397,9481,597,694.2145,5526,518182.7855,2764.785499999998,2663.7855
1952-07-14,1952,288,7,14,1,2558319,7922,597,694.2145,5675,518033.7855,1104.7854999999981,955.7855
1952-07-15,1952,289,7,15,1,2566925,8606,595,694.2145,5655,518055.7855,1639.7854999999981,1661.7855
1952-07-16,1952,290,7,16,1,2575676,8751,597,694.2145,5617,518091.7855,1806.7854999999981,1842.7855
1952-07-17,1952,291,7,17,1,2584231,8555,599,694.2145,5699,518007.7855,1646.7854999999981,1562.7855
1952-07-18,1952,292,7,18,1,2592946,8715,522,694.2145,5792,517991.7855,1722.7854999999981,1706.7855
1952-07-19,1952,293,7,19,1,2602558,9612,595,694.2145,5812,517898.7855,2603.785499999998,2510.7855
1952-07-20,1952,294,7,20,1,2612797,10239,593,694.2145,5901,517811.7855,3137.785499999998,3050.7855
1952-07-21,1952,295,7,21,1,2622653,9856,591,694.2145,6109,517605.7855,2667.785499999998,2461.7855
1952-07-22,1952,296,7,22,1,2632453,9800,589,694.2145,6141,517575.7855,2405.785499999998,2375.7855
1952-07-23,1952,297,7,23,1,2640847,8394,593,694.2145,6133,517579.7855,969.7854999999981,973.7855
1952-07-24,1952,298,7,24,1,2648743,7896,587,694.2145,6121,517597.7855,475.78549999999814,493.78549999999996
1952-07-25,1952,299,7,25,1,2656417,7674,589,694.2145,6157,517559.7855,271.78549999999814,233.78549999999996
1952-07-26,1952,300,7,26,1,2664547,8130,593,694.2145,6248,517464.7855,689.7854999999981,594.7855
1952-07-27,1952,301,7,27,1,2674478,9931,593,694.2145,6407,517305.7855,2395.785499999998,2236.7855
1952-07-28,1952,302,7,28,1,2683070,8592,645,694.2145,6557,517103.7855,897.7854999999981,695.7855
1952-07-29,1952,303,7,29,1,2692156,9086,697,694.2145,6262,517346.7855,1189.7854999999981,1432.7855
1952-07-30,1952,304,7,30,1,2700362,8206,693,694.2145,6071,517541.7855,552.7854999999981,747.7855
1952-07-31,1952,305,7,31,1,2709934,9572,657,694.2145,6063,517585.7855,2113.785499999998,2157.7855
1952-08-01,1952,306,8,1,1,2721914,11980,599,694.2145,6119,517587.7855,4565.785499999998,4567.7855
1952-08-02,1952,307,8,2,1,2730604,8690,599,694.2145,6220,517486.7855,1277.7854999999981,1176.7855
1952-08-03,1952,308,8,3,1,2737826,7222,599,694.2145,6228,517187.571,0.0,-299.21450000000004
1952-08-04,1952,309,8,4,1,2743880,6054,597,694.2145,6260,515690.3565,0.0,-1497.2145
1952-08-05,1952,310,8,5,1,2749908,6028,597,694.2145,6264,514163.142,0.0,-1527.2145
1952-08-06,1952,311,8,6,1,2755761,5853,597,694.2145,6250,512474.9275,0.0,-1688.2145
1952-08-07,1952,312,8,7,1,2760329,4568,595,694.2145,6248,509505.713,0.0,-2969.2145
1952-08-08,1952,313,8,8,1,2765189,4860,595,694.2145,6228,506848.4985,0.0,-2657.2145
1952-08-09,1952,314,8,9,1,2769920,4731,595,694.2145,6234,504056.284,0.0,-2792.2145
1952-08-10,1952,315,8,10,1,2775140,5220,595,694.2145,6280,501707.0695,0.0,-2349.2145
1952-08-11,1952,316,8,11,1,2779281,4141,595,694.2145,6369,498189.855,0.0,-3517.2145
1952-08-12,1952,317,8,12,1,2783547,4266,597,694.2145,6343,494821.6405,0.0,-3368.2145
1952-08-13,1952,318,8,13,1,2787762,4215,498,694.2145,6294,491550.426,0.0,-3271.2145
1952-08-14,1952,319,8,14,1,2791709,3947,306,694.2145,6301,488196.2115,0.0,-3354.2145
1952-08-15,1952,320,8,15,1,2795668,3959,490,694.2145,6355,484615.997,0.0,-3580.2145
1952-08-16,1952,321,8,16,1,2799498,3830,490,694.2145,6298,480963.7825,0.0,-3652.2145
1952-08-17,1952,322,8,17,1,2803148,3650,494,694.2145,6288,477137.56799999997,0.0,-3826.2145
1952-08-18,1952,323,8,18,1,2806679,3531,476,694.2145,6272,473226.35349999997,0.0,-3911.2145
1952-08-19,1952,324,8,19,1,2810216,3537,447,694.2145,6210,469412.13899999997,0.0,-3814.2145
1952-08-20,1952,325,8,20,1,2813931,3715,447,694.2145,6171,465814.92449999996,0.0,-3597.2145
1952-08-21,1952,326,8,21,1,2817505,3574,447,694.2145,6127,462120.70999999996,0.0,-3694.2145
1952-08-22,1952,327,8,22,1,2821063,3558,443,694.2145,5986,458555.49549999996,0.0,-3565.2145
1952-08-23,1952,328,8,23,1,2824651,3588,443,694.2145,5972,455034.28099999996,0.0,-3521.2145
1952-08-24,1952,329,8,24,1,2828140,3489,443,694.2145,5990,451396.06649999996,0.0,-3638.2145
1952-08-25,1952,330,8,25,1,2830469,2329,443,694.2145,6077,446510.85199999996,0.0,-4885.2145
1952-08-26,1952,331,8,26,1,2833904,3435,445,694.2145,6054,442752.63749999995,0.0,-3758.2145
1952-08-27,1952,332,8,27,1,2837381,3477,437,694.2145,6119,438979.42299999995,0.0,-3773.2145
1952-08-28,1952,333,8,28,1,2840793,3412,429,694.2145,6212,435056.20849999995,0.0,-3923.2145
1952-08-29,1952,334,8,29,1,2844272,3479,429,694.2145,6224,431187.99399999995,0.0,-3868.2145
1952-08-30,1952,335,8,30,1,2847600,3328,429,694.2145,6133,427259.77949999995,0.0,-3928.2145
1952-08-31,1952,336,8,31,1,2850103,2503,429,694.2145,6075,422564.56499999994,0.0,-4695.2145
1952-09-01,1952,337,9,1,1,2852531,2428,431,694.2145,6077,417790.35049999994,0.0,-4774.2145
1952-09-02,1952,338,9,2,1,2854467,1936,429,694.2145,5901,412702.13599999994,0.0,-5088.2145
1952-09-03,1952,339,9,3,1,2857343,2876,423,694.2145,5550,408910.92149999994,0.0,-3791.2145
1952-09-04,1952,340,9,4,1,2860322,2979,417,694.2145,5421,405357.70699999994,0.0,-3553.2145
1952-09-05,1952,341,9,5,1,2863349,3027,415,694.2145,5391,401884.49249999993,0.0,-3473.2145
1952-09-06,1952,342,9,6,1,2866729,3380,415,694.2145,5260,398895.27799999993,0.0,-2989.2145
1952-09-07,1952,343,9,7,1,2869583,2854,415,694.2145,4877,395763.06349999993,0.0,-3132.2145
1952-09-08,1952,344,9,8,1,2872221,2638,415,694.2145,4485,392806.84899999993,0.0,-2956.2145
1952-09-09,1952,345,9,9,1,2875002,2781,415,694.2145,4078,390400.6344999999,0.0,-2406.2145
1952-09-10,1952,346,9,10,1,2878080,3078,415,694.2145,4011,388358.4199999999,0.0,-2042.2145
1952-09-11,1952,347,9,11,1,2881327,3247,413,694.2145,4064,386434.2054999999,0.0,-1924.2145
1952-09-12,1952,348,9,12,1,2884485,3158,415,694.2145,3818,384664.9909999999,0.0,-1769.2145
1952-09-13,1952,349,9,13,1,2887726,3241,413,694.2145,3644,383154.7764999999,0.0,-1510.2145
1952-09-14,1952,350,9,14,1,2890800,3074,413,694.2145,3414,381707.5619999999,0.0,-1447.2145
1952-09-15,1952,351,9,15,1,2893196,2396,413,694.2145,2753,380243.3474999999,0.0,-1464.2145
1952-09-16,1952,352,9,16,1,2895872,2676,413,694.2145,2463,379349.1329999999,0.0,-894.2145
1952-09-17,1952,353,9,17,1,2899151,3279,413,694.2145,2358,379162.9184999999,0.0,-186.21450000000004
1952-09-18,1952,354,9,18,1,2901985,2834,409,694.2145,2315,378578.7039999999,0.0,-584.2145
1952-09-19,1952,355,9,19,1,2904724,2739,409,694.2145,2156,378058.4894999999,0.0,-520.2145
1952-09-20,1952,356,9,20,1,2907408,2684,409,694.2145,2174,377465.2749999999,0.0,-593.2145
1952-09-21,1952,357,9,21,1,2910054,2646,409,694.2145,2077,376931.0604999999,0.0,-534.2145
1952-09-22,1952,358,9,22,1,2911718,1664,409,694.2145,2108,375383.8459999999,0.0,-1547.2145
1952-09-23,1952,359,9,23,1,2914402,2684,395,694.2145,2099,374879.6314999999,0.0,-504.21450000000004
1952-09-24,1952,360,9,24,1,2917304,2902,385,694.2145,2053,374649.4169999999,0.0,-230.21450000000004
1952-09-25,1952,361,9,25,1,2920287,2983,389,694.2145,2061,374488.2024999999,0.0,-161.21450000000004
1952-09-26,1952,362,9,26,1,2923209,2922,389,694.2145,2087,374239.9879999999,0.0,-248.21450000000004
1952-09-27,1952,363,9,27,1,2925688,2479,389,694.2145,2039,373596.7734999999,0.0,-643.2145
1952-09-28,1952,364,9,28,1,2928503,2815,389,694.2145,1952,373376.5589999999,0.0,-220.21450000000004
1952-09-29,1952,365,9,29,1,2931339,2836,373,694.2145,2612,372533.3444999999,0.0,-843.2145
1952-09-30,1952,366,9,30,1,2934467,3128,373,694.2145,2888,371706.1299999999,0.0,-827.2145
