Day,Level,Net_Inflow,Inflow,Fixed1,Fixed2,Recommended_Withdrawal,Next_Level,Spill,Total_Level
0,234504.0,1264.7855,2475.0,516.0,694.2145,3042.64298,232726.14252,0.0,232726.14252
1,232726.14252,1738.7855,2850.0,417.0,694.2145,3183.46935,231281.45867,0.0,231281.45867
2,231281.45867,2208.7855,3320.0,417.0,694.2145,3645.61786,229844.62631,0.0,229844.62631
3,229844.62631,2242.7855,3354.0,417.0,694.2145,3847.9318,228239.48001,0.0,228239.48001
4,228239.48001,1607.7855,2719.0,417.0,694.2145,3844.9565949999997,226002.308915,0.0,226002.308915
5,226002.308915,1415.7855,2527.0,417.0,694.2145,3836.5268475,223581.5675675,0.0,223581.5675675
6,223581.5675675,2196.7855,3306.0,415.0,694.2145,3797.9979427499998,221980.35512475,0.0,221980.35512475
7,221980.35512475,1457.7855,2567.0,415.0,694.2145,3722.037983895,219716.102640855,0.0,219716.102640855
8,219716.102640855,1709.7855,2819.0,415.0,694.2145,3647.5972242170997,217778.2909166379,0.0,217778.2909166379
9,217778.2909166379,2948.7855,4056.0,413.0,694.2145,3574.6452797327574,217152.43113690513,0.0,217152.43113690513
10,217152.43113690513,2958.7855,4066.0,413.0,694.2145,3506.9657187594817,216604.25091814564,0.0,216604.25091814564
11,216604.25091814564,3254.7855,4358.0,409.0,694.2145,3482.946655883534,216376.0897622621,0.0,216376.0897622621
12,216376.0897622621,3260.7855,4364.0,409.0,694.2145,3434.7510012951802,216202.12426096693,0.0,216202.12426096693
13,216202.12426096693,2127.7855,3231.0,409.0,694.2145,3390.503602129948,214939.40615883697,0.0,214939.40615883697
14,214939.40615883697,816.7855,1892.0,381.0,694.2145,3335.730537756239,212420.46112108073,0.0,212420.46112108073
15,212420.46112108073,2272.7855,3320.0,353.0,694.2145,3281.185668141329,211412.0609529394,0.0,211412.0609529394
16,211412.0609529394,2108.7855,3156.0,353.0,694.2145,3229.619489898625,210291.2269630408,0.0,210291.2269630408
17,210291.2269630408,1185.7855,2233.0,353.0,694.2145,3173.5086360337627,208303.50382700702,0.0,208303.50382700702
18,208303.50382700702,2794.7855,3840.0,351.0,694.2145,3111.8908098232437,207986.39851718378,0.0,207986.39851718378
19,207986.39851718378,438.78549999999996,1484.0,351.0,694.2145,3049.652993626779,205375.531023557,0.0,205375.531023557
20,205375.531023557,481.78549999999996,1527.0,351.0,694.2145,2988.6599337542434,202868.65658980276,0.0,202868.65658980276
21,202868.65658980276,840.7855,1886.0,351.0,694.2145,2928.8867350791584,200780.5553547236,0.0,200780.5553547236
22,200780.5553547236,1316.7855,2362.0,351.0,694.2145,2870.309000377575,199227.03185434602,0.0,199227.03185434602
23,199227.03185434602,674.7855,1720.0,351.0,694.2145,2812.9028203700236,197088.914533976,0.0,197088.914533976
24,197088.914533976,1086.7855,2130.0,349.0,694.2145,2756.644763962623,195419.05527001337,0.0,195419.05527001337
25,195419.05527001337,860.7855,1904.0,349.0,694.2145,2701.5118686833707,193578.32890133,0.0,193578.32890133
26,193578.32890133,692.7855,1736.0,349.0,694.2145,2647.4816313097035,191623.6327700203,0.0,191623.6327700203
27,191623.6327700203,1047.7855,2091.0,349.0,694.2145,2594.5319986835093,190076.8862713368,0.0,190076.8862713368
28,190076.8862713368,1574.7855,2614.0,345.0,694.2145,2542.641358709839,189109.03041262698,0.0,189109.03041262698
29,189109.03041262698,2221.7855,3261.0,345.0,694.2145,2491.7885315356425,188839.02738109132,0.0,188839.02738109132
30,188839.02738109132,1600.7855,2640.0,345.0,694.2145,2441.9527609049296,187997.86012018638,0.0,187997.86012018638
31,187997.86012018638,398.5709999999999,2132.0,345.0,1388.429,2393.113705686831,186003.31741449956,0.0,186003.31741449956
32,186003.31741449956,731.5709999999999,2465.0,345.0,1388.429,2345.2514315730946,184389.63698292646,0.0,184389.63698292646
33,184389.63698292646,-247.4290000000001,1486.0,345.0,1388.429,2298.3464029416327,181843.86157998483,0.0,181843.86157998483
34,181843.86157998483,-230.4290000000001,1503.0,345.0,1388.429,2252.3794748828,179361.05310510204,0.0,179361.05310510204
35,179361.05310510204,476.5709999999999,2210.0,345.0,1388.429,2207.331885385144,177630.29221971688,0.0,177630.29221971688
36,177630.29221971688,503.5709999999999,2235.0,343.0,1388.429,2163.185247677441,175970.67797203944,0.0,175970.67797203944
37,175970.67797203944,718.5709999999999,2450.0,343.0,1388.429,2119.9215427238923,174569.32742931554,0.0,174569.32742931554
38,174569.32742931554,1069.571,2801.0,343.0,1388.429,2077.5231118694146,173561.37531744613,0.0,173561.37531744613
39,173561.37531744613,1033.571,2765.0,343.0,1388.429,2035.9726496320263,172558.9736678141,0.0,172558.9736678141
40,172558.9736678141,1392.571,3124.0,343.0,1388.429,1995.2531966393858,171956.2914711747,0.0,171956.2914711747
41,171956.2914711747,2604.7855,3642.0,343.0,694.2145,1955.348132706598,172605.72883846812,0.0,172605.72883846812
42,172605.72883846812,1124.7855,2162.0,343.0,694.2145,1916.2411700524663,171814.27316841565,0.0,171814.27316841565
43,171814.27316841565,3139.7855,4177.0,343.0,694.2145,1877.916346651417,173076.14232176423,0.0,173076.14232176423
44,173076.14232176423,277.78549999999996,1315.0,343.0,694.2145,1840.3580197183885,171513.56980204585,0.0,171513.56980204585
45,171513.56980204585,483.78549999999996,1521.0,343.0,694.2145,1803.5508593240206,170193.80444272183,0.0,170193.80444272183
46,170193.80444272183,-347.21450000000004,690.0,343.0,694.2145,1767.4798421375401,168079.11010058428,0.0,168079.11010058428
47,168079.11010058428,-41.214500000000044,996.0,343.0,694.2145,1732.1302452947893,166305.76535528948,0.0,166305.76535528948
48,166305.76535528948,-297.21450000000004,740.0,343.0,694.2145,1697.4876403888936,164311.06321490058,0.0,164311.06321490058
49,164311.06321490058,214.78549999999996,1252.0,343.0,694.2145,1663.5378875811157,162862.31082731945,0.0,162862.31082731945
50,162862.31082731945,824.7855,1860.0,341.0,694.2145,1630.2671298294933,162056.82919748995,0.0,162056.82919748995
51,162056.82919748995,801.7855,1837.0,341.0,694.2145,1597.6617872329034,161260.95291025704,0.0,161260.95291025704
52,161260.95291025704,900.7855,1936.0,341.0,694.2145,1565.7085514882453,160596.0298587688,0.0,160596.0298587688
53,160596.0298587688,416.78549999999996,1452.0,341.0,694.2145,1534.3943804584806,159478.4209783103,0.0,159478.4209783103
54,159478.4209783103,1806.7855,2842.0,341.0,694.2145,1503.706492849311,159781.499985461,0.0,159781.499985461
55,159781.499985461,817.7855,1853.0,341.0,694.2145,1473.6323629923247,159125.65312246868,0.0,159125.65312246868
56,159125.65312246868,522.7855,1531.0,314.0,694.2145,1444.1597157324782,158204.2789067362,0.0,158204.2789067362
57,158204.2789067362,681.7855,1674.0,298.0,694.2145,1415.2765214178287,157470.78788531836,0.0,157470.78788531836
58,157470.78788531836,380.78549999999996,1373.0,298.0,694.2145,1386.970990989472,156464.6023943289,0.0,156464.6023943289
59,156464.6023943289,699.7855,1692.0,298.0,694.2145,1359.2315711696826,155805.1563231592,0.0,155805.1563231592
60,155805.1563231592,655.7855,1648.0,298.0,694.2145,1332.046939746289,155128.8948834129,0.0,155128.8948834129
61,155128.8948834129,1056.7855,2049.0,298.0,694.2145,1305.406000951363,154880.27438246153,0.0,154880.27438246153
62,154880.27438246153,1476.7855,2469.0,298.0,694.2145,1279.2978809323358,155077.7620015292,0.0,155077.7620015292
63,155077.7620015292,1389.7855,2382.0,298.0,694.2145,1253.711923313689,155213.8355782155,0.0,155213.8355782155
64,155213.8355782155,374.78549999999996,1367.0,298.0,694.2145,1228.6376848474154,154359.9833933681,0.0,154359.9833933681
65,154359.9833933681,302.78549999999996,1295.0,298.0,694.2145,1204.0649311504671,153458.70396221764,0.0,153458.70396221764
66,153458.70396221764,374.78549999999996,1367.0,298.0,694.2145,1179.9836325274578,152653.50582969017,0.0,152653.50582969017
67,152653.50582969017,215.78549999999996,1180.0,270.0,694.2145,1156.3839598769086,151712.90736981327,0.0,151712.90736981327
68,151712.90736981327,1149.7855,2100.0,256.0,694.2145,1133.2562806793705,151729.4365891339,0.0,151729.4365891339
69,151729.4365891339,1185.7855,2136.0,256.0,694.2145,1110.5911550657831,151804.63093406812,0.0,151804.63093406812
70,151804.63093406812,1399.7855,2350.0,256.0,694.2145,1088.3793319644674,152116.03710210364,0.0,152116.03710210364
71,152116.03710210364,2115.7855,3066.0,256.0,694.2145,1066.611745325178,153165.21085677846,0.0,153165.21085677846
72,153165.21085677846,2246.7855,3199.0,258.0,694.2145,1045.2795104186744,154366.71684635978,0.0,154366.71684635978
73,154366.71684635978,812.7855,1765.0,258.0,694.2145,1024.3739202103009,154155.1284261495,0.0,154155.1284261495
74,154155.1284261495,2310.7855,3263.0,258.0,694.2145,1003.8864418060948,155462.0274843434,0.0,155462.0274843434
75,155462.0274843434,1389.7855,2342.0,258.0,694.2145,983.8087129699729,155868.00427137341,0.0,155868.00427137341
76,155868.00427137341,953.7855,1906.0,258.0,694.2145,964.1325387105735,155857.65723266284,0.0,155857.65723266284
77,155857.65723266284,2036.7855,2989.0,258.0,694.2145,944.849887936362,156949.59284472646,0.0,156949.59284472646
78,156949.59284472646,3345.7855,4298.0,258.0,694.2145,925.9528901776348,159369.42545454882,0.0,159369.42545454882
79,159369.42545454882,2849.7855,3802.0,258.0,694.2145,907.4338323740822,161311.77712217474,0.0,161311.77712217474
80,161311.77712217474,1745.7855,2696.0,256.0,694.2145,889.2851557266005,162168.27746644814,0.0,162168.27746644814
81,162168.27746644814,1773.7855,2690.0,222.0,694.2145,871.4994526120685,163070.56351383607,0.0,163070.56351383607
82,163070.56351383607,2239.7855,3132.0,198.0,694.2145,854.0694635598271,164456.27955027623,0.0,164456.27955027623
83,164456.27955027623,1977.7855,2870.0,198.0,694.2145,836.9880742886305,165597.0769759876,0.0,165597.0769759876
84,165597.0769759876,1902.7855,2797.0,200.0,694.2145,820.2483128028579,166679.61416318474,0.0,166679.61416318474
85,166679.61416318474,1920.7855,2815.0,200.0,694.2145,803.8433465468007,167796.55631663793,0.0,167796.55631663793
86,167796.55631663793,2267.7855,3162.0,200.0,694.2145,787.7664796158647,169276.57533702205,0.0,169276.57533702205
87,169276.57533702205,2479.7855,3374.0,200.0,694.2145,772.0111500235474,170984.3496869985,0.0,170984.3496869985
88,170984.3496869985,2284.7855,3181.0,202.0,694.2145,756.5709270230765,172512.56425997542,0.0,172512.56425997542
89,172512.56425997542,2469.7855,3366.0,202.0,694.2145,741.439508482615,174240.9102514928,0.0,174240.9102514928
90,174240.9102514928,3314.7855,4211.0,202.0,694.2145,726.6107183129627,176829.08503317984,0.0,176829.08503317984
91,176829.08503317984,7324.7855,8221.0,202.0,694.2145,712.0785039467034,183441.79202923313,0.0,183441.79202923313
92,183441.79202923313,6111.7855,7008.0,202.0,694.2145,697.8369338677694,188855.74059536535,0.0,188855.74059536535
93,188855.74059536535,15373.7855,16270.0,202.0,694.2145,683.880195190414,203545.64590017495,0.0,203545.64590017495
94,203545.64590017495,10415.7855,11312.0,202.0,694.2145,670.2025912866058,213291.22880888835,0.0,213291.22880888835
95,213291.22880888835,4742.7855,5639.0,202.0,694.2145,656.7985394608736,217377.21576942748,0.0,217377.21576942748
96,217377.21576942748,3629.7855,4526.0,202.0,694.2145,643.6625686716561,220363.33870075582,0.0,220363.33870075582
97,220363.33870075582,1319.7855,2220.0,206.0,694.2145,630.789317298223,221052.3348834576,0.0,221052.3348834576
98,221052.3348834576,3603.7855,4504.0,206.0,694.2145,692.23103,223963.8893534576,0.0,223963.8893534576
99,223963.8893534576,3522.7855,4423.0,206.0,694.2145,1592.72641,225893.9484434576,0.0,225893.9484434576
100,225893.9484434576,3843.7855,4744.0,206.0,694.2145,2517.02343,227220.7105134576,0.0,227220.7105134576
101,227220.7105134576,2782.7855,3683.0,206.0,694.2145,3088.26279,226915.2332234576,0.0,226915.2332234576
102,226915.2332234576,1945.7855,2846.0,206.0,694.2145,3026.4975342000002,225834.5211892576,0.0,225834.5211892576
103,225834.5211892576,1902.7855,2803.0,206.0,694.2145,2965.967583516,224771.3391057416,0.0,224771.3391057416
104,224771.3391057416,4542.7855,5443.0,206.0,694.2145,2906.64823184568,226407.47637389592,0.0,226407.47637389592
105,226407.47637389592,3159.7855,4060.0,206.0,694.2145,2848.5152672087665,226718.74660668714,0.0,226718.74660668714
106,226718.74660668714,4482.7855,5383.0,206.0,694.2145,2791.544961864591,228409.98714482255,0.0,228409.98714482255
107,228409.98714482255,3865.7855,4766.0,206.0,694.2145,2735.7140626272994,229540.05858219526,0.0,229540.05858219526
108,229540.05858219526,3669.7855,4570.0,206.0,694.2145,2680.9997813747536,230528.8443008205,0.0,230528.8443008205
109,230528.8443008205,3960.7855,4861.0,206.0,694.2145,2627.3797857472587,231862.25001507322,0.0,231862.25001507322
110,231862.25001507322,5787.7855,6690.0,208.0,694.2145,2749.08942,234900.94609507322,0.0,234900.94609507322
111,234900.94609507322,5196.7855,6099.0,208.0,694.2145,3141.81648,236955.9151150732,0.0,236955.9151150732
112,236955.9151150732,4671.7855,5574.0,208.0,694.2145,3832.06404,237795.6365750732,0.0,237795.6365750732
113,237795.6365750732,5153.7855,6056.0,208.0,694.2145,4270.41091,238679.0111650732,0.0,238679.0111650732
114,238679.0111650732,4323.7855,5224.0,206.0,694.2145,4423.1381,238579.6585650732,0.0,238579.6585650732
115,238579.6585650732,3810.7855,4713.0,208.0,694.2145,4784.12964,237606.3144250732,0.0,237606.3144250732
116,237606.3144250732,4637.7855,5540.0,208.0,694.2145,4907.10478,237336.9951450732,0.0,237336.9951450732
117,237336.9951450732,5212.7855,6115.0,208.0,694.2145,4861.48497,237688.2956750732,0.0,237688.2956750732
118,237688.2956750732,2961.7855,3864.0,208.0,694.2145,4764.255270600001,235885.8259044732,0.0,235885.8259044732
119,235885.8259044732,5918.7855,6821.0,208.0,694.2145,4668.9701651880005,237135.6412392852,0.0,237135.6412392852
120,237135.6412392852,5149.7855,6052.0,208.0,694.2145,4575.59076188424,237709.83597740097,0.0,237709.83597740097
121,237709.83597740097,5041.7855,5946.0,210.0,694.2145,4484.078946646556,238267.5425307544,0.0,238267.5425307544
122,238267.5425307544,4722.7855,5627.0,210.0,694.2145,4394.397367713625,238595.93066304078,0.0,238595.93066304078
123,238595.93066304078,5035.7855,5940.0,210.0,694.2145,4312.8854181744055,239318.83074486637,0.0,239318.83074486637
124,239318.83074486637,4784.7855,5689.0,210.0,694.2145,4241.1326910533935,239862.48355381298,0.0,239862.48355381298
125,239862.48355381298,4232.7855,5137.0,210.0,694.2145,4176.112497805197,239919.15655600777,0.0,239919.15655600777
126,239919.15655600777,4724.7855,5629.0,210.0,694.2145,4113.446746435391,240530.49530957238,0.0,240530.49530957238
127,240530.49530957238,4851.7855,5756.0,210.0,694.2145,4047.884647184709,241334.39616238765,0.0,241334.39616238765
128,241334.39616238765,3191.7855,4096.0,210.0,694.2145,3984.0617592876665,240542.11990309999,0.0,240542.11990309999
129,240542.11990309999,3673.7855,4578.0,210.0,694.2145,3922.831315716043,240293.07408738395,0.0,240293.07408738395
130,240293.07408738395,3520.7855,4425.0,210.0,694.2145,3865.336668680153,239948.5229187038,0.0,239948.5229187038
131,239948.5229187038,4373.7855,5278.0,210.0,694.2145,3811.593848704995,240510.7145699988,0.0,240510.7145699988
132,240510.7145699988,4875.7855,5780.0,210.0,694.2145,3759.0989847452097,241627.40108525357,0.0,241627.40108525357
133,241627.40108525357,2699.7855,3604.0,210.0,694.2145,3710.8335368956887,240616.35304835788,0.0,240616.35304835788
134,240616.35304835788,4066.7855,4971.0,210.0,694.2145,3818.17975,240864.95879835787,0.0,240864.95879835787
135,240864.95879835787,5105.7855,6010.0,210.0,694.2145,4030.41104,241940.33325835786,0.0,241940.33325835786
136,241940.33325835786,1511.7855,2414.0,208.0,694.2145,4058.17962,239393.93913835785,0.0,239393.93913835785
137,239393.93913835785,2530.7855,3433.0,208.0,694.2145,4183.13823,237741.58640835783,0.0,237741.58640835783
138,237741.58640835783,2747.7855,3652.0,210.0,694.2145,4212.89028,236276.48162835784,0.0,236276.48162835784
139,236276.48162835784,2403.7855,3308.0,210.0,694.2145,4234.70845,234445.55867835783,0.0,234445.55867835783
140,234445.55867835783,1753.7855,2658.0,210.0,694.2145,4194.578601607143,232004.76557675068,0.0,232004.76557675068
141,232004.76557675068,2874.7855,3779.0,210.0,694.2145,4264.4605,230615.0905767507,0.0,230615.0905767507
142,230615.0905767507,2554.7855,3461.0,212.0,694.2145,4546.11324,228623.76283675068,0.0,228623.76283675068
143,228623.76283675068,3248.7855,4155.0,212.0,694.2145,4770.24535,227102.30298675067,0.0,227102.30298675067
144,227102.30298675067,3431.7855,4338.0,212.0,694.2145,5030.07992,225504.00856675068,0.0,225504.00856675068
145,225504.00856675068,2628.7855,3535.0,212.0,694.2145,4982.47664,223150.31742675067,0.0,223150.31742675067
146,223150.31742675067,1063.7855,1970.0,212.0,694.2145,4925.292491517857,219288.81043523282,0.0,219288.81043523282
147,219288.81043523282,2770.7855,3679.0,214.0,694.2145,4871.081777080357,217188.51415815245,0.0,217188.51415815245
148,217188.51415815245,2893.7855,3802.0,214.0,694.2145,4821.668757800893,215260.63090035156,0.0,215260.63090035156
149,215260.63090035156,335.78549999999996,1244.0,214.0,694.2145,4767.683468270804,210828.73293208075,0.0,210828.73293208075
150,210828.73293208075,7804.7855,8713.0,214.0,694.2145,4699.042409229438,213934.4760228513,0.0,213934.4760228513
151,213934.4760228513,7808.7855,8713.0,210.0,694.2145,4605.061561044849,217138.19996180644,0.0,217138.19996180644
152,217138.19996180644,4116.265,5316.0,208.0,991.735,4530.917651386793,216723.54731041967,0.0,216723.54731041967
153,216723.54731041967,2297.265,3497.0,208.0,991.735,4466.497458480257,214554.31485193942,0.0,214554.31485193942
154,214554.31485193942,3291.265,4491.0,208.0,991.735,4393.002174025088,213452.57767791435,0.0,213452.57767791435
155,213452.57767791435,2729.265,3929.0,208.0,991.735,4312.865870694008,211868.97680722034,0.0,211868.97680722034
156,211868.97680722034,5336.265,6536.0,208.0,991.735,4226.608553280128,212978.63325394024,0.0,212978.63325394024
157,212978.63325394024,5121.265,6321.0,208.0,991.735,4142.076382214525,213957.82187172573,0.0,213957.82187172573
158,213957.82187172573,5677.265,6877.0,208.0,991.735,4059.234854570235,215575.8520171555,0.0,215575.8520171555
159,215575.8520171555,3935.265,5135.0,208.0,991.735,3978.05015747883,215533.06685967668,0.0,215533.06685967668
160,215533.06685967668,4020.265,5220.0,208.0,991.735,3898.4891543292533,215654.84270534743,0.0,215654.84270534743
161,215654.84270534743,5540.265,6740.0,208.0,991.735,3820.519371242668,217374.58833410477,0.0,217374.58833410477
162,217374.58833410477,6581.265,7783.0,210.0,991.735,3744.1089838178145,220211.744350287,0.0,220211.744350287
163,220211.744350287,5915.265,7117.0,210.0,991.735,3669.226804141458,222457.78254614555,0.0,222457.78254614555
164,222457.78254614555,3622.265,4824.0,210.0,991.735,3595.842268058629,222484.20527808694,0.0,222484.20527808694
165,222484.20527808694,5554.265,6756.0,210.0,991.735,3523.9254226974567,224514.5448553895,0.0,224514.5448553895
166,224514.5448553895,5220.265,6422.0,210.0,991.735,3453.4469142435078,226281.362941146,0.0,226281.362941146
167,226281.362941146,3183.795,6369.0,210.0,2975.205,3384.3779759586378,226080.7799651874,0.0,226080.7799651874
168,226080.7799651874,3294.795,6480.0,210.0,2975.205,3316.690416439465,226058.88454874794,0.0,226058.88454874794
169,226058.88454874794,4267.795,7533.0,290.0,2975.205,3250.3566081106756,227076.32294063727,0.0,227076.32294063727
170,227076.32294063727,3942.795,7287.0,369.0,2975.205,3185.349475948462,227833.76846468882,0.0,227833.76846468882
171,227833.76846468882,4430.795,7886.0,480.0,2975.205,3121.6424864294927,229142.92097825935,0.0,229142.92097825935
172,229142.92097825935,663.7950000000001,4207.0,568.0,2975.205,3059.209636700903,226747.50634155847,0.0,226747.50634155847
173,226747.50634155847,3813.795,7357.0,568.0,2975.205,2998.025443966885,227563.2758975916,0.0,227563.2758975916
174,227563.2758975916,2958.795,6502.0,568.0,2975.205,3024.79175,227497.27914759162,0.0,227497.27914759162
175,227497.27914759162,2395.795,5939.0,568.0,2975.205,3486.94026,226406.13388759163,0.0,226406.13388759163
176,226406.13388759163,3614.795,7158.0,568.0,2975.205,3873.71691,226147.21197759165,0.0,226147.21197759165
177,226147.21197759165,5225.795,8769.0,568.0,2975.205,4230.74151,227142.26546759167,0.0,227142.26546759167
178,227142.26546759167,3545.795,7089.0,568.0,2975.205,4146.1266798,226541.9337877917,0.0,226541.9337877917
179,226541.9337877917,6645.795,10189.0,568.0,2975.205,4063.2041462039997,229124.52464158772,0.0,229124.52464158772
180,229124.52464158772,10808.795,14352.0,568.0,2975.205,3981.9400632799197,235951.37957830782,0.0,235951.37957830782
181,235951.37957830782,7131.795,10675.0,568.0,2975.205,3902.3012620143213,239180.87331629352,0.0,239180.87331629352
182,239180.87331629352,6252.795,9796.0,568.0,2975.205,3824.255236774035,241609.4130795195,0.0,241609.4130795195
183,241609.4130795195,5902.325,11429.0,568.0,4958.675,3747.7701320385545,243763.96794748094,0.0,243763.96794748094
184,243763.96794748094,6197.325,11724.0,568.0,4958.675,3682.4994446918417,246278.7935027891,0.0,246278.7935027891
185,246278.7935027891,15758.325,21285.0,568.0,4958.675,4131.56801,257905.55049278913,0.0,257905.55049278913
186,257905.55049278913,28182.325,33709.0,568.0,4958.675,5135.20383,280952.67166278913,0.0,280952.67166278913
187,280952.67166278913,23620.325,29147.0,568.0,4958.675,5032.4997534,299540.49690938916,0.0,299540.49690938916
188,299540.49690938916,11693.325,17220.0,568.0,4958.675,4931.849758332,306301.97215105715,0.0,306301.97215105715
189,306301.97215105715,8579.325,14106.0,568.0,4958.675,4833.21276316536,310048.0843878918,0.0,310048.0843878918
190,310048.0843878918,7223.325,12750.0,568.0,4958.675,4751.448247447046,312519.9611404448,0.0,312519.9611404448
191,312519.9611404448,7409.325,12936.0,568.0,4958.675,4756.36106,315172.9250804448,0.0,315172.9250804448
192,315172.9250804448,7056.325,12583.0,568.0,4958.675,5043.96421,317185.2858704448,0.0,317185.2858704448
193,317185.2858704448,5785.325,11310.0,566.0,4958.675,5827.43486,317143.1760104448,0.0,317143.1760104448
194,317143.1760104448,6013.325,11536.0,564.0,4958.675,6279.66602,316876.8349904448,0.0,316876.8349904448
195,316876.8349904448,6150.325,11673.0,564.0,4958.675,6430.40974,316596.75025044486,0.0,316596.75025044486
196,316596.75025044486,6707.325,12232.0,566.0,4958.675,6316.57562825694,316987.4996221879,0.0,316987.4996221879
197,316987.4996221879,5918.325,11447.0,570.0,4958.675,6228.100089646425,316677.7245325415,0.0,316677.7245325415
198,316677.7245325415,2832.12,11328.0,562.0,7933.88,6170.654911355909,313339.1896211856,0.0,313339.1896211856
199,313339.1896211856,5478.12,13960.0,548.0,7933.88,6249.91397,312567.3956511856,0.0,312567.3956511856
200,312567.3956511856,4387.12,12869.0,548.0,7933.88,6384.78993,310569.72572118556,0.0,310569.72572118556
201,310569.72572118556,2681.12,11161.0,546.0,7933.88,6454.21138,306796.63434118556,0.0,306796.63434118556
202,306796.63434118556,3351.12,11831.0,546.0,7933.88,6446.2775,303701.47684118553,0.0,303701.47684118553
203,303701.47684118553,3976.12,12454.0,544.0,7933.88,6446.2775,301231.3193411855,0.0,301231.3193411855
204,301231.3193411855,3933.12,12411.0,544.0,7933.88,6497.84772,298666.5916211855,0.0,298666.5916211855
205,298666.5916211855,3925.12,12403.0,544.0,7933.88,6769.58311,295822.12851118547,0.0,295822.12851118547
206,295822.12851118547,3601.12,12079.0,544.0,7933.88,6842.9715,292580.2770111855,0.0,292580.2770111855
207,292580.2770111855,3455.12,11933.0,544.0,7933.88,6820.011124607775,289215.3858865777,0.0,289215.3858865777
208,289215.3858865777,2703.12,11181.0,544.0,7933.88,6798.436560956633,285120.06932562107,0.0,285120.06932562107
209,285120.06932562107,3014.12,11492.0,544.0,7933.88,6781.1795499684185,281353.00977565267,0.0,281353.00977565267
210,281353.00977565267,2846.12,11324.0,544.0,7933.88,6755.208135695914,277443.92163995677,0.0,277443.92163995677
211,277443.92163995677,3980.12,12454.0,540.0,7933.88,6693.049473093997,274730.99216686276,0.0,274730.99216686276
212,274730.99216686276,17719.325,23218.0,540.0,4958.675,6614.723531393735,285835.59363546903,0.0,285835.59363546903
213,285835.59363546903,18808.325,24307.0,540.0,4958.675,6547.519617811477,298096.39901765756,0.0,298096.39901765756
214,298096.39901765756,19679.325,25182.0,544.0,4958.675,6500.5599107081625,311275.1641069494,0.0,311275.1641069494
215,311275.1641069494,18402.325,23905.0,544.0,4958.675,6480.608942628831,323196.8801643206,0.0,323196.8801643206
216,323196.8801643206,16335.325,21838.0,544.0,4958.675,6622.80633,332909.3988343206,0.0,332909.3988343206
217,332909.3988343206,14879.325,20384.0,546.0,4958.675,6612.609921515692,341176.1139128049,0.0,341176.1139128049
218,341176.1139128049,14661.325,20186.0,566.0,4958.675,6602.7602948930535,349234.6786179119,0.0,349234.6786179119
219,349234.6786179119,15778.325,21334.0,597.0,4958.675,6607.903365415693,358405.1002524962,0.0,358405.1002524962
220,358405.1002524962,17484.325,23042.0,599.0,4958.675,6660.49226,369228.9329924962,0.0,369228.9329924962
221,369228.9329924962,19243.325,24803.0,601.0,4958.675,7199.9961,381272.2618924962,0.0,381272.2618924962
222,381272.2618924962,18150.325,23712.0,603.0,4958.675,7519.33477,391903.2521224962,0.0,391903.2521224962
223,391903.2521224962,20275.325,25839.0,605.0,4958.675,7676.0289,404502.54822249623,0.0,404502.54822249623
224,404502.54822249623,19291.325,24849.0,599.0,4958.675,7659.105039733319,416134.7681827629,0.0,416134.7681827629
225,416134.7681827629,19243.325,24801.0,599.0,4958.675,7741.742545155519,427636.3506376074,0.0,427636.3506376074
226,427636.3506376074,21574.325,27134.0,601.0,4958.675,7896.577396058629,441314.09824154875,0.0,441314.09824154875
227,441314.09824154875,23262.325,28824.0,603.0,4958.675,8054.508943979802,456521.91429756896,0.0,456521.91429756896
228,456521.91429756896,21639.325,27197.0,599.0,4958.675,8215.599122859398,469945.64017470955,0.0,469945.64017470955
229,469945.64017470955,21036.325,26594.0,599.0,4958.675,8379.911105316585,482602.05406939297,0.0,482602.05406939297
230,482602.05406939297,23502.325,29064.0,603.0,4958.675,8579.090751240385,497525.2883181526,0.0,497525.2883181526
231,497525.2883181526,24037.325,29589.0,593.0,4958.675,8771.624392476991,512790.98892567557,0.0,512790.98892567557
232,512790.98892567557,26394.325,31944.0,591.0,4958.675,8956.576245601871,525000.0,5228.737680073711,530228.7376800737
233,525000.0,20763.325,26319.0,597.0,4958.675,9135.707770513909,525000.0,11627.617229486,536627.617229486
234,525000.0,26191.325,31747.0,597.0,4958.675,9318.421925924187,525000.0,16872.903074075817,541872.9030740758
235,525000.0,15556.325,21116.0,601.0,4958.675,9504.790364442671,525000.0,6051.534635557327,531051.5346355573
236,525000.0,13037.325,18597.0,601.0,4958.675,9694.886171731525,525000.0,3342.4388282684376,528342.4388282684
237,525000.0,14378.325,19938.0,601.0,4958.675,9888.783895166156,525000.0,4489.541104833828,529489.5411048338
238,525000.0,18734.325,24294.0,601.0,4958.675,10086.559573069479,525000.0,8647.765426930506,533647.7654269305
239,525000.0,18799.325,24359.0,601.0,4958.675,10288.290764530868,525000.0,8511.034235469066,533511.0342354691
240,525000.0,14899.325,20461.0,603.0,4958.675,10494.056579821485,525000.0,4405.268420178443,529405.2684201784
241,525000.0,12896.325,18458.0,603.0,4958.675,10703.937711417915,525000.0,2192.3872885820456,527192.387288582
242,525000.0,11918.325,17482.0,605.0,4958.675,10918.016465646273,525000.0,1000.3085343537387,526000.3085343537
243,525000.0,13457.325,19023.0,607.0,4958.675,11136.376794959198,525000.0,2320.948205040768,527320.9482050408
244,525000.0,14574.325,20140.0,607.0,4958.675,11359.104330858383,525000.0,3215.2206691416213,528215.2206691416
245,525000.0,18418.325,23984.0,607.0,4958.675,11586.28641747555,525000.0,6832.038582524401,531832.0385825244
246,525000.0,20505.325,26071.0,607.0,4958.675,11818.012145825061,525000.0,8687.312854174874,533687.3128541749
247,525000.0,22887.325,28451.0,605.0,4958.675,12054.372388741564,525000.0,10832.95261125837,535832.9526112584
248,525000.0,23770.325,29334.0,605.0,4958.675,12295.459836516395,525000.0,11474.86516348354,536474.8651634835
249,525000.0,24803.325,30367.0,605.0,4958.675,12541.369033246723,525000.0,12261.955966753187,537261.9559667532
250,525000.0,23930.325,29496.0,607.0,4958.675,12770.684516623362,525000.0,11159.64048337657,536159.6404833766
251,525000.0,21235.325,26803.0,609.0,4958.675,12885.34225831168,525000.0,8349.982741688262,533349.9827416883
252,525000.0,19386.325,24956.0,611.0,4958.675,12942.67112915584,525000.0,6443.653870844166,531443.6538708442
253,525000.0,17018.325,22582.0,605.0,4958.675,12971.33556457792,525000.0,4046.9894354220014,529046.989435422
254,525000.0,15818.325,21378.0,601.0,4958.675,12985.66778228896,525000.0,2832.6572177109774,527832.657217711
255,525000.0,15844.325,21404.0,601.0,4958.675,12992.83389114448,525000.0,2851.4911088554654,527851.4911088555
256,525000.0,13059.325,18619.0,601.0,4958.675,12996.41694557224,525000.0,62.90805442770943,525062.9080544277
257,525000.0,10829.325,16387.0,599.0,4958.675,12998.20847278612,522831.11652721383,0.0,522831.11652721383
258,522831.11652721383,9060.325,14618.0,599.0,4958.675,12999.104236393061,518892.3372908207,0.0,518892.3372908207
259,518892.3372908207,11105.325,16663.0,599.0,4958.675,12999.55211819653,516998.1101726241,0.0,516998.1101726241
260,516998.1101726241,13586.325,19142.0,597.0,4958.675,12999.776059098265,517584.6591135258,0.0,517584.6591135258
261,517584.6591135258,16675.325,22233.0,599.0,4958.675,12999.888029549133,521260.0960839767,0.0,521260.0960839767
262,521260.0960839767,18154.325,23722.0,609.0,4958.675,12999.944014774566,525000.0,1414.477069202112,526414.4770692021
263,525000.0,18811.325,24381.0,611.0,4958.675,12999.972007387283,525000.0,5811.352992612636,530811.3529926126
264,525000.0,17896.325,23464.0,609.0,4958.675,12999.98600369364,525000.0,4896.338996306295,529896.3389963063
265,525000.0,17163.325,22731.0,609.0,4958.675,12999.99300184682,525000.0,4163.331998153124,529163.3319981531
266,525000.0,17609.325,23175.0,607.0,4958.675,12999.996500923411,525000.0,4609.328499076539,529609.3284990765
267,525000.0,17625.325,23187.0,603.0,4958.675,12999.998250461706,525000.0,4625.326749538304,529625.3267495383
268,525000.0,16474.325,22034.0,601.0,4958.675,12999.999125230854,525000.0,3474.325874769129,528474.3258747691
269,525000.0,16397.325,21961.0,605.0,4958.675,12999.999562615427,525000.0,3397.325437384541,528397.3254373845
270,525000.0,15510.325,21074.0,605.0,4958.675,12999.999781307713,525000.0,2510.325218692189,527510.3252186922
271,525000.0,14132.325,19696.0,605.0,4958.675,12999.999890653857,525000.0,1132.3251093460713,526132.3251093461
272,525000.0,14217.325,19775.0,599.0,4958.675,12999.999945326928,525000.0,1217.3250546730123,526217.325054673
273,525000.0,13412.325,18966.0,595.0,4958.675,12999.999972663463,525000.0,412.3250273364829,525412.3250273365
274,525000.0,16577.785499999998,17863.0,591.0,694.2145,12999.999986331732,525000.0,3577.785513668321,528577.7855136683
275,525000.0,18257.785499999998,19543.0,591.0,694.2145,12999.999993165866,525000.0,5257.78550683416,530257.7855068342
276,525000.0,16591.785499999998,17881.0,595.0,694.2145,12999.999996582934,525000.0,3591.7855034170207,528591.785503417
277,525000.0,13850.7855,15142.0,597.0,694.2145,12999.999998291467,525000.0,850.7855017085094,525850.7855017085
278,525000.0,13378.7855,14668.0,595.0,694.2145,12999.999999145733,525000.0,378.78550085425377,525378.7855008543
279,525000.0,11214.7855,12502.0,593.0,694.2145,12999.999999572867,523214.7855004271,0.0,523214.7855004271
280,523214.7855004271,10674.7855,11960.0,591.0,694.2145,12999.999999786432,520889.5710006407,0.0,520889.5710006407
281,520889.5710006407,9942.7855,11228.0,591.0,694.2145,12999.999999893216,517832.35650074756,0.0,517832.35650074756
282,517832.35650074756,8740.7855,10024.0,589.0,694.2145,12999.999999946609,513573.142000801,0.0,513573.142000801
283,513573.142000801,8740.7855,10026.0,591.0,694.2145,12999.999999973305,509313.9275008277,0.0,509313.9275008277
284,509313.9275008277,8451.7855,9743.0,597.0,694.2145,12999.999999986652,504765.71300084103,0.0,504765.71300084103
285,504765.71300084103,8112.7855,9408.0,601.0,694.2145,12999.999999993326,499878.4985008477,0.0,499878.4985008477
286,499878.4985008477,8875.7855,10167.0,597.0,694.2145,12999.999999996664,495754.28400085104,0.0,495754.28400085104
287,495754.28400085104,7917.7855,9209.0,597.0,694.2145,12999.999999998332,490672.0695008527,0.0,490672.0695008527
288,490672.0695008527,6967.7855,8257.0,595.0,694.2145,12999.999999999167,484639.85500085354,0.0,484639.85500085354
289,484639.85500085354,7691.7855,8983.0,597.0,694.2145,12999.999999999583,479331.64050085394,0.0,479331.64050085394
290,479331.64050085394,6184.7855,7478.0,599.0,694.2145,12999.999999999625,472516.4260008543,0.0,472516.4260008543
291,472516.4260008543,8738.7855,9955.0,522.0,694.2145,12999.999999999663,468255.21150085464,0.0,468255.21150085464
292,468255.21150085464,7259.7855,8549.0,595.0,694.2145,12999.999999999698,462514.9970008549,0.0,462514.9970008549
293,462514.9970008549,8655.7855,9943.0,593.0,694.2145,12999.999999999729,458170.7825008552,0.0,458170.7825008552
294,458170.7825008552,9897.7855,11183.0,591.0,694.2145,12999.999999999756,455068.56800085545,0.0,455068.56800085545
295,455068.56800085545,9804.7855,11088.0,589.0,694.2145,12999.999999999782,451873.3535008557,0.0,451873.3535008557
296,451873.3535008557,9984.7855,11272.0,593.0,694.2145,12999.999999999804,448858.13900085585,0.0,448858.13900085585
297,448858.13900085585,9786.7855,11068.0,587.0,694.2145,12999.999999999824,445644.924500856,0.0,445644.924500856
298,445644.924500856,9748.7855,11032.0,589.0,694.2145,12999.999999999842,442393.7100008562,0.0,442393.7100008562
299,442393.7100008562,9788.7855,11076.0,593.0,694.2145,12999.999999999858,439182.4955008563,0.0,439182.4955008563
300,439182.4955008563,8514.7855,9802.0,593.0,694.2145,12999.999999999873,434697.2810008564,0.0,434697.2810008564
301,434697.2810008564,7647.7855,8987.0,645.0,694.2145,12999.999999999885,429345.06650085654,0.0,429345.06650085654
302,429345.06650085654,6246.7855,7638.0,697.0,694.2145,12999.999999999896,422591.85200085666,0.0,422591.85200085666
303,422591.85200085666,6266.7855,7654.0,693.0,694.2145,12999.999999999907,415858.63750085677,0.0,415858.63750085677
304,415858.63750085677,6552.7855,7904.0,657.0,694.2145,12999.999999999916,409411.4230008568,0.0,409411.4230008568
305,409411.4230008568,6174.7855,7468.0,599.0,694.2145,12985.051403798278,402601.15709705855,0.0,402601.15709705855
306,402601.15709705855,5716.7855,7010.0,599.0,694.2145,12909.653221526229,395408.2893755323,0.0,395408.2893755323
307,395408.2893755323,6086.7855,7380.0,599.0,694.2145,12819.541541745612,388675.5333337867,0.0,388675.5333337867
308,388675.5333337867,4359.7855,5651.0,597.0,694.2145,12703.611613210915,380331.7072205758,0.0,380331.7072205758
309,380331.7072205758,4028.7855,5320.0,597.0,694.2145,12558.126492083258,371802.3662284925,0.0,371802.3662284925
310,371802.3662284925,2838.7855,4130.0,597.0,694.2145,12412.652072818368,362228.49965567415,0.0,362228.49965567415
311,362228.49965567415,3575.7855,4865.0,595.0,694.2145,12283.550912729967,353520.73424294416,0.0,353520.73424294416
312,353520.73424294416,3409.7855,4699.0,595.0,694.2145,12143.999158811119,344786.52058413305,0.0,344786.52058413305
313,344786.52058413305,3068.7855,4358.0,595.0,694.2145,11985.17410719487,335870.13197693817,0.0,335870.13197693817
314,335870.13197693817,3298.7855,4588.0,595.0,694.2145,11813.611113490246,327355.3063634479,0.0,327355.3063634479
315,327355.3063634479,2923.7855,4213.0,595.0,694.2145,11622.86969037037,318656.2221730775,0.0,318656.2221730775
316,318656.2221730775,3494.7855,4786.0,597.0,694.2145,11410.61384600891,310740.3938270686,0.0,310740.3938270686
317,310740.3938270686,1879.7855,3072.0,498.0,694.2145,11194.78486049431,301425.3944665743,0.0,301425.3944665743
318,301425.3944665743,3025.7855,4026.0,306.0,694.2145,10987.647951763312,293463.532014811,0.0,293463.532014811
319,293463.532014811,2286.7855,3471.0,490.0,694.2145,10783.583473952556,284966.73404085846,0.0,284966.73404085846
320,284966.73404085846,1608.7855,2793.0,490.0,694.2145,10588.616619718015,275986.9029211404,0.0,275986.9029211404
321,275986.9029211404,3861.7855,5050.0,494.0,694.2145,10405.864282478356,269442.8241386621,0.0,269442.8241386621
322,269442.8241386621,2598.7855,3769.0,476.0,694.2145,10220.521782944807,261821.08785571728,0.0,261821.08785571728
323,261821.08785571728,2038.7855,3180.0,447.0,694.2145,10024.43964131104,253835.43371440624,0.0,253835.43371440624
324,253835.43371440624,2621.7855,3763.0,447.0,694.2145,9847.299834626365,246609.91937977987,0.0,246609.91937977987
325,246609.91937977987,2797.7855,3939.0,447.0,694.2145,9696.367510503014,239711.33736927685,0.0,239711.33736927685
326,239711.33736927685,1500.7855,2638.0,443.0,694.2145,9563.096304059856,231649.026565217,0.0,231649.026565217
327,231649.026565217,3739.7855,4877.0,443.0,694.2145,9442.635099296727,225946.17696592028,0.0,225946.17696592028
328,225946.17696592028,2089.7855,3227.0,443.0,694.2145,9331.135010777769,218704.8274551425,0.0,218704.8274551425
329,218704.8274551425,2916.7855,4054.0,443.0,694.2145,9208.130870182136,212413.4820849604,0.0,212413.4820849604
330,212413.4820849604,2145.7855,3285.0,445.0,694.2145,9070.522789860352,205488.74479510004,0.0,205488.74479510004
331,205488.74479510004,2885.7855,4017.0,437.0,694.2145,8951.467722767173,199423.06257233286,0.0,199423.06257233286
332,199423.06257233286,3061.7855,4185.0,429.0,694.2145,8849.103283758312,193635.74478857455,0.0,193635.74478857455
333,193635.74478857455,2436.7855,3560.0,429.0,694.2145,8750.667145668194,187321.86314290634,0.0,187321.86314290634
334,187321.86314290634,2900.7855,4024.0,429.0,694.2145,8651.97663394066,181570.6720089657,0.0,181570.6720089657
335,181570.6720089657,2853.7855,3977.0,429.0,694.2145,8541.730155475165,175882.7273534905,0.0,175882.7273534905
336,175882.7273534905,2252.7855,3378.0,431.0,694.2145,8405.39264248122,169730.12021100929,0.0,169730.12021100929
337,169730.12021100929,3182.7855,4306.0,429.0,694.2145,8251.509440768812,164661.39627024048,0.0,164661.39627024048
338,164661.39627024048,2885.7855,4003.0,423.0,694.2145,8107.542307174073,159439.6394630664,0.0,159439.6394630664
339,159439.6394630664,3353.7855,4465.0,417.0,694.2145,7974.458311510238,154818.96665155617,0.0,154818.96665155617
340,154818.96665155617,2875.7855,3985.0,415.0,694.2145,7843.971977412785,149850.78017414338,0.0,149850.78017414338
341,149850.78017414338,3281.7855,4391.0,415.0,694.2145,7715.671236564363,145416.894437579,0.0,145416.894437579
342,145416.894437579,2528.7855,3638.0,415.0,694.2145,7585.781451282927,140359.89848629606,0.0,140359.89848629606
343,140359.89848629606,2038.7855,3148.0,415.0,694.2145,7444.841696511778,134953.84228978428,0.0,134953.84228978428
344,134953.84228978428,3121.7855,4231.0,415.0,694.2145,7295.944862581542,130779.68292720274,0.0,130779.68292720274
345,130779.68292720274,1903.7855,3013.0,415.0,694.2145,7154.087956430531,125529.38047077219,0.0,125529.38047077219
346,125529.38047077219,3718.7855,4826.0,413.0,694.2145,7022.920875019621,122225.24509575256,0.0,122225.24509575256
347,122225.24509575256,2442.7855,3552.0,415.0,694.2145,6894.868145892659,117773.1624498599,0.0,117773.1624498599
348,117773.1624498599,2415.7855,3523.0,413.0,694.2145,6758.840299517679,113430.10765034222,0.0,113430.10765034222
349,113430.10765034222,717.7855,1825.0,413.0,694.2145,6623.663493527326,107524.22965681489,0.0,107524.22965681489
350,107524.22965681489,1988.7855,3096.0,413.0,694.2145,6491.190223656779,103021.8249331581,0.0,103021.8249331581
351,103021.8249331581,2510.7855,3618.0,413.0,694.2145,6361.366419183644,99171.24401397446,0.0,99171.24401397446
352,99171.24401397446,2345.7855,3453.0,413.0,694.2145,6234.139090799971,95282.89042317448,0.0,95282.89042317448
353,95282.89042317448,1558.7855,2662.0,409.0,694.2145,6109.456308983972,90732.21961419052,0.0,90732.21961419052
354,90732.21961419052,1839.7855,2943.0,409.0,694.2145,5987.267182804293,86584.73793138622,0.0,86584.73793138622
355,86584.73793138622,693.7855,1797.0,409.0,694.2145,5880.657081077436,81397.86635030879,0.0,81397.86635030879
356,81397.86635030879,1193.7855,2297.0,409.0,694.2145,5780.9358546125495,76810.71599569624,0.0,76810.71599569624
357,76810.71599569624,1393.7855,2497.0,409.0,694.2145,5676.927018258438,72527.5744774378,0.0,72527.5744774378
358,72527.5744774378,1375.7855,2465.0,395.0,694.2145,5573.770074254022,68329.58990318378,0.0,68329.58990318378
359,68329.58990318378,955.7855,2035.0,385.0,694.2145,5484.081125185763,63801.29427799801,0.0,63801.29427799801
360,63801.29427799801,905.7855,1989.0,389.0,694.2145,5413.271337202901,59293.8084407951,0.0,59293.8084407951
361,59293.8084407951,1136.7855,2220.0,389.0,694.2145,5480.32761,54950.2663307951,0.0,54950.2663307951
362,54950.2663307951,1268.7855,2352.0,389.0,694.2145,5603.30275,50615.749080795096,0.0,50615.749080795096
363,50615.749080795096,971.7855,2055.0,389.0,694.2145,5525.805743571428,46061.728837223665,0.0,46061.728837223665
364,46061.728837223665,840.7855,1908.0,373.0,694.2145,5430.099774160714,41472.41456306295,0.0,41472.41456306295
365,41472.41456306295,1003.7855,2065.0,367.0,694.2145,5321.4977786775,37154.70228438545,0.0,37154.70228438545
