DATE TIME,SBF
2015-01-05,206.0
2015-01-06,204.0
2015-01-07,240.0
2015-01-08,271.0
2015-01-09,263.0
2015-01-10,249.0
2015-01-11,281.0
2015-01-12,262.0
2015-01-13,349.0
2015-01-14,120.0
2015-01-15,221.0
2015-01-16,288.0
2015-01-17,214.0
2015-01-18,209.0
2015-01-19,117.0
2015-01-20,371.0
2015-01-21,241.0
2015-01-22,122.0
2015-01-23,231.0
2015-01-24,135.0
2015-01-25,312.0
2015-01-26,320.0
2015-01-27,319.0
2015-01-28,248.0
2015-01-29,245.0
2015-01-30,281.0
2015-01-31,212.0
2015-02-01,216.0
2015-02-02,203.0
2015-02-03,206.0
2015-02-04,223.0
2015-02-05,309.0
2015-02-06,277.0
2015-02-07,1182.0
2015-02-08,1610.0
2015-02-09,3662.0
2015-02-10,1318.0
2015-02-11,949.0
2015-02-12,823.0
2015-02-13,890.0
2015-02-14,819.0
2015-02-15,753.0
2015-02-16,732.0
2015-02-17,698.0
2015-02-18,645.0
2015-02-19,793.0
2015-02-20,673.0
2015-02-21,592.0
2015-02-22,793.0
2015-02-23,596.0
2015-02-24,465.0
2015-02-25,465.0
2015-02-26,425.0
2015-02-27,473.0
2015-02-28,558.0
2015-03-01,427.0
2015-03-02,437.0
2015-03-03,394.0
2015-03-04,380.0
2015-03-05,399.0
2015-03-06,391.0
2015-03-07,390.0
2015-03-08,378.0
2015-03-09,482.0
2015-03-10,365.0
2015-03-11,430.0
2015-03-12,474.0
2015-03-13,405.0
2015-03-14,524.0
2015-03-15,632.0
2015-03-16,765.0
2015-03-17,635.0
2015-03-18,663.0
2015-03-19,533.0
2015-03-20,506.0
2015-03-21,564.0
2015-03-22,525.0
2015-03-23,712.0
2015-03-24,554.0
2015-03-25,514.0
2015-03-26,544.0
2015-03-27,707.0
2015-03-28,790.0
2015-03-29,789.0
2015-03-30,870.0
2015-03-31,852.0
2015-04-01,798.0
2015-04-02,577.0
2015-04-03,424.0
2015-04-04,478.0
2015-04-05,414.0
2015-04-06,418.0
2015-04-07,744.0
2015-04-08,451.0
2015-04-09,507.0
2015-04-10,538.0
2015-04-11,522.0
2015-04-12,627.0
2015-04-13,538.0
2015-04-14,587.0
2015-04-15,477.0
2015-04-16,454.0
2015-04-17,428.0
2015-04-18,477.0
2015-04-19,499.0
2015-04-20,481.0
2015-04-21,493.0
2015-04-22,475.0
2015-04-23,623.0
2015-04-24,641.0
2015-04-25,1073.0
2015-04-26,846.0
2015-04-27,1133.0
2015-04-28,1261.0
2015-04-29,1309.0
2015-04-30,1397.0
2015-05-01,1277.0
2015-05-02,1371.0
2015-05-03,1422.0
2015-05-04,1322.0
2015-05-05,1117.0
2015-05-06,934.0
2015-05-07,972.0
2015-05-08,1076.0
2015-05-09,1113.0
2015-05-10,1147.0
2015-05-11,1179.0
2015-05-12,972.0
2015-05-13,929.0
2015-05-14,808.0
2015-05-15,969.0
2015-05-16,841.0
2015-05-17,787.0
2015-05-18,1117.0
2015-05-19,794.0
2015-05-20,635.0
2015-05-21,1217.0
2015-05-22,1245.0
2015-05-23,1499.0
2015-05-24,1607.0
2015-05-25,1760.0
2015-05-26,1687.0
2015-05-27,1640.0
2015-05-28,1705.0
2015-05-29,1657.0
2015-05-30,1652.0
2015-05-31,1833.0
2015-06-01,2036.0
2015-06-02,1508.0
2015-06-03,1388.0
2015-06-04,1244.0
2015-06-05,1376.0
2015-06-06,1226.0
2015-06-07,1183.0
2015-06-08,850.0
2015-06-09,1089.0
2015-06-10,850.0
2015-06-11,981.0
2015-06-12,1801.0
2015-06-13,1749.0
2015-06-14,1791.0
2015-06-15,1056.0
2015-06-16,1026.0
2015-06-17,787.0
2015-06-18,703.0
2015-06-19,749.0
2015-06-20,361.0
2015-06-21,491.0
2015-06-22,507.0
2015-06-23,514.0
2015-06-24,392.0
2015-06-25,309.0
2015-06-26,365.0
2015-06-27,365.0
2015-06-28,414.0
2015-06-29,528.0
2015-06-30,527.0
2015-07-01,654.0
2015-07-02,516.0
2015-07-03,540.0
2015-07-04,515.0
2015-07-05,436.0
2015-07-06,286.0
2015-07-07,328.0
2015-07-08,262.0
2015-07-09,409.0
2015-07-10,452.0
2015-07-11,452.0
2015-07-12,364.0
2015-07-13,240.0
2015-07-14,239.0
2015-07-15,149.0
2015-07-16,148.0
2015-07-17,197.0
2015-07-18,200.0
2015-07-19,1041.0
2015-07-20,173.0
2015-07-21,443.0
2015-07-22,910.0
2015-07-23,376.0
2015-07-24,366.0
2015-07-25,309.0
2015-07-26,198.0
2015-07-27,72.0
2015-07-28,72.0
2015-07-29,72.0
2015-07-30,135.0
2015-07-31,185.0
2015-08-01,248.0
2015-08-02,248.0
2015-08-03,232.0
2015-08-04,179.0
2015-08-05,179.0
2015-08-06,135.0
2015-08-07,206.0
2015-08-08,135.0
2015-08-09,128.0
2015-08-10,127.0
2015-08-11,139.0
2015-08-12,139.0
2015-08-13,139.0
2015-08-14,120.0
2015-08-15,166.0
2015-08-16,166.0
2015-08-17,192.0
2015-08-18,166.0
2015-08-19,166.0
2015-08-20,166.0
2015-08-21,77.0
2015-08-22,76.0
2015-08-23,77.0
2015-08-24,40.0
2015-08-25,40.0
2015-08-26,56.0
2015-08-27,54.0
2015-08-28,54.0
2015-08-29,48.0
2015-08-30,44.0
2015-08-31,66.0
2015-09-01,61.0
2015-09-02,30.0
2015-09-03,30.0
2015-09-04,30.0
2015-09-05,30.0
2015-09-06,30.0
2015-09-07,29.0
2015-09-08,22.0
2015-09-09,22.0
2015-09-10,22.0
2015-09-11,22.0
2015-09-12,70.0
2015-09-13,70.0
2015-09-14,70.0
2015-09-15,70.0
2015-09-16,69.0
2015-09-17,69.0
2015-09-18,69.0
2015-09-19,69.0
2015-09-20,57.0
2015-09-21,43.0
2015-09-22,43.0
2015-09-23,57.0
2015-09-24,63.0
2015-09-25,63.0
2015-09-26,56.0
2015-09-27,56.0
2015-09-28,94.0
2015-09-29,56.0
2015-09-30,56.0
2015-10-01,56.0
2015-10-02,102.0
2015-10-03,156.0
2015-10-04,134.0
2015-10-05,54.0
2015-10-06,66.0
2015-10-07,141.0
2015-10-08,71.0
2015-10-09,96.0
2015-10-10,142.0
2015-10-11,164.0
2015-10-12,163.0
2015-10-13,163.0
2015-10-14,163.0
2015-10-15,225.0
2015-10-16,142.0
2015-10-17,204.0
2015-10-18,705.0
2015-10-19,597.0
2015-10-20,462.0
2015-10-21,190.0
2015-10-22,189.0
2015-10-23,102.0
2015-10-24,102.0
2015-10-25,102.0
2015-10-26,102.0
2015-10-27,102.0
2015-10-28,102.0
2015-10-29,150.0
2015-10-30,109.0
2015-10-31,95.0
2015-11-01,102.0
2015-11-02,405.0
2015-11-03,862.0
2015-11-04,265.0
2015-11-05,312.0
2015-11-06,300.0
2015-11-07,288.0
2015-11-08,225.0
2015-11-09,459.0
2015-11-10,268.0
2015-11-11,326.0
2015-11-12,179.0
2015-11-13,290.0
2015-11-14,399.0
2015-11-15,476.0
2015-11-16,611.0
2015-11-17,227.0
2015-11-18,357.0
2015-11-19,340.0
2015-11-20,401.0
2015-11-21,322.0
2015-11-22,392.0
2015-11-23,280.0
2015-11-24,409.0
2015-11-25,313.0
2015-11-26,193.0
2015-11-27,192.0
2015-11-28,163.0
2015-11-29,269.0
2015-11-30,275.0
2015-12-01,259.0
2015-12-02,381.0
2015-12-03,283.0
2015-12-04,212.0
2015-12-05,226.0
2015-12-06,219.0
2015-12-07,219.0
2015-12-08,210.0
2015-12-09,316.0
2015-12-10,355.0
2015-12-11,630.0
2015-12-12,315.0
2015-12-13,314.0
2015-12-14,484.0
2015-12-15,232.0
2015-12-16,115.0
2015-12-17,352.0
2015-12-18,407.0
2015-12-19,509.0
2015-12-20,286.0
2015-12-21,1041.0
2015-12-22,3908.0
2015-12-23,1466.0
2015-12-24,924.0
2015-12-25,616.0
2015-12-26,582.0
2015-12-27,473.0
2015-12-28,388.0
2015-12-29,473.0
2015-12-30,295.0
2015-12-31,428.0
2016-01-01,331.0
2016-01-02,373.0
2016-01-03,372.0
2016-01-04,364.0
2016-01-05,1209.0
2016-01-06,1375.0
2016-01-07,1516.0
2016-01-08,1254.0
2016-01-09,281.0
2016-01-10,390.0
2016-01-11,543.0
2016-01-12,480.0
2016-01-13,461.0
2016-01-14,497.0
2016-01-15,630.0
2016-01-16,734.0
2016-01-17,628.0
2016-01-18,1028.0
2016-01-19,1902.0
2016-01-20,1477.0
2016-01-21,1026.0
2016-01-22,845.0
2016-01-23,2217.0
2016-01-24,1373.0
2016-01-25,1140.0
2016-01-26,835.0
2016-01-27,823.0
2016-01-28,687.0
2016-01-29,605.0
2016-01-30,2806.0
2016-01-31,3345.0
2016-02-01,1890.0
2016-02-02,1424.0
2016-02-03,1137.0
2016-02-04,1100.0
2016-02-05,859.0
2016-02-06,1010.0
2016-02-07,939.0
2016-02-08,1304.0
2016-02-09,1197.0
2016-02-10,1245.0
2016-02-11,1101.0
2016-02-12,1266.0
2016-02-13,1344.0
2016-02-14,1247.0
2016-02-15,1311.0
2016-02-16,1327.0
2016-02-17,1509.0
2016-02-18,2802.0
2016-02-19,1767.0
2016-02-20,1456.0
2016-02-21,1282.0
2016-02-22,1538.0
2016-02-23,1245.0
2016-02-24,1362.0
2016-02-25,1449.0
2016-02-26,1643.0
2016-02-27,1714.0
2016-02-28,1636.0
2016-02-29,1701.0
2016-03-01,1718.0
2016-03-02,1876.0
2016-03-03,1851.0
2016-03-04,1891.0
2016-03-05,4246.0
2016-03-06,10101.0
2016-03-07,4795.0
2016-03-08,3333.0
2016-03-09,2847.0
2016-03-10,2728.0
2016-03-11,3706.0
2016-03-12,3223.0
2016-03-13,3107.0
2016-03-14,3293.0
2016-03-15,2783.0
2016-03-16,2887.0
2016-03-17,2769.0
2016-03-18,2780.0
2016-03-19,2874.0
2016-03-20,2745.0
2016-03-21,2881.0
2016-03-22,2602.0
2016-03-23,2310.0
2016-03-24,1632.0
2016-03-25,2288.0
2016-03-26,2552.0
2016-03-27,3149.0
2016-03-28,2843.0
2016-03-29,2494.0
2016-03-30,2177.0
2016-03-31,1446.0
2016-04-01,2493.0
2016-04-02,2596.0
2016-04-03,3206.0
2016-04-04,3662.0
2016-04-05,3793.0
2016-04-06,4161.0
2016-04-07,4406.0
2016-04-08,4170.0
2016-04-09,6512.0
2016-04-10,4835.0
2016-04-11,4014.0
2016-04-12,3929.0
2016-04-13,4123.0
2016-04-14,4008.0
2016-04-15,3550.0
2016-04-16,3176.0
2016-04-17,3454.0
2016-04-18,4136.0
2016-04-19,4934.0
2016-04-20,5281.0
2016-04-21,5162.0
2016-04-22,5408.0
2016-04-23,3972.0
2016-04-24,3990.0
2016-04-25,3518.0
2016-04-26,2287.0
2016-04-27,3195.0
2016-04-28,2982.0
2016-04-29,2675.0
2016-04-30,3130.0
2016-05-01,3119.0
2016-05-02,3132.0
2016-05-03,3922.0
2016-05-04,3921.0
2016-05-05,4074.0
2016-05-06,3924.0
2016-05-07,3497.0
2016-05-08,3351.0
2016-05-09,3597.0
2016-05-10,5265.0
2016-05-11,6100.0
2016-05-12,7141.0
2016-05-13,7827.0
2016-05-14,8083.0
2016-05-15,7507.0
2016-05-16,6440.0
2016-05-17,6251.0
2016-05-18,6291.0
2016-05-19,7136.0
2016-05-20,5093.0
2016-05-21,5541.0
2016-05-22,3617.0
2016-05-23,3562.0
2016-05-24,3273.0
2016-05-25,3755.0
2016-05-26,3429.0
2016-05-27,3840.0
2016-05-28,4369.0
2016-05-29,4211.0
2016-05-30,5299.0
2016-05-31,6877.0
2016-06-01,9846.0
2016-06-02,6105.0
2016-06-03,7599.0
2016-06-04,7889.0
2016-06-05,7334.0
2016-06-06,7425.0
2016-06-07,7362.0
2016-06-08,7297.0
2016-06-09,6597.0
2016-06-10,5695.0
2016-06-11,3993.0
2016-06-12,5510.0
2016-06-13,5638.0
2016-06-14,4278.0
2016-06-15,4046.0
2016-06-16,3437.0
2016-06-17,3385.0
2016-06-18,3432.0
2016-06-19,3424.0
2016-06-20,3750.0
2016-06-21,4358.0
2016-06-22,4725.0
2016-06-23,3858.0
2016-06-24,3420.0
2016-06-25,3173.0
2016-06-26,3043.0
2016-06-27,2985.0
2016-06-28,3115.0
2016-06-29,3219.0
2016-06-30,2945.0
2016-07-01,2749.0
2016-07-02,2276.0
2016-07-03,2230.0
2016-07-04,2023.0
2016-07-05,1983.0
2016-07-06,1575.0
2016-07-07,1459.0
2016-07-08,1545.0
2016-07-09,1450.0
2016-07-10,1312.0
2016-07-11,1164.0
2016-07-12,1040.0
2016-07-13,902.0
2016-07-14,955.0
2016-07-15,963.0
2016-07-16,567.0
2016-07-17,998.0
2016-07-18,616.0
2016-07-19,634.0
2016-07-20,658.0
2016-07-21,506.0
2016-07-22,486.0
2016-07-23,540.0
2016-07-24,539.0
2016-07-25,609.0
2016-07-26,628.0
2016-07-27,614.0
2016-07-28,614.0
2016-07-29,614.0
2016-07-30,589.0
2016-07-31,560.0
2016-08-01,437.0
2016-08-02,432.0
2016-08-03,431.0
2016-08-04,331.0
2016-08-05,413.0
2016-08-06,282.0
2016-08-07,280.0
2016-08-08,229.0
2016-08-09,229.0
2016-08-10,228.0
2016-08-11,151.0
2016-08-12,76.0
2016-08-13,175.0
2016-08-14,200.0
2016-08-15,261.0
2016-08-16,261.0
2016-08-17,259.0
2016-08-18,198.0
2016-08-19,194.0
2016-08-20,117.0
2016-08-21,173.0
2016-08-22,187.0
2016-08-23,187.0
2016-08-24,92.0
2016-08-25,91.0
2016-08-26,40.0
2016-08-27,40.0
2016-08-28,40.0
2016-08-29,39.0
2016-08-30,39.0
2016-08-31,39.0
2016-09-01,77.0
2016-09-02,77.0
2016-09-03,77.0
2016-09-04,43.0
2016-09-05,34.0
2016-09-06,42.0
2016-09-07,47.0
2016-09-08,47.0
2016-09-09,104.0
2016-09-10,104.0
2016-09-11,220.0
2016-09-12,127.0
2016-09-13,157.0
2016-09-14,157.0
2016-09-15,112.0
2016-09-16,65.0
2016-09-17,64.0
2016-09-18,100.0
2016-09-19,79.0
2016-09-20,66.0
2016-09-21,96.0
2016-09-22,42.0
2016-09-23,42.0
2016-09-24,69.0
2016-09-25,180.0
2016-09-26,73.0
2016-09-27,125.0
2016-09-28,25.0
2016-09-29,116.0
2016-09-30,82.0
2016-10-01,35.0
2016-10-02,112.0
2016-10-03,115.0
2016-10-04,56.0
2016-10-05,56.0
2016-10-06,56.0
2016-10-07,26.0
2016-10-08,25.0
2016-10-09,75.0
2016-10-10,75.0
2016-10-11,99.0
2016-10-12,-54.0
2016-10-13,218.0
2016-10-14,-146.0
2016-10-15,-134.0
2016-10-16,1687.0
2016-10-17,3449.0
2016-10-18,1189.0
2016-10-19,560.0
2016-10-20,291.0
2016-10-21,384.0
2016-10-22,416.0
2016-10-23,516.0
2016-10-24,598.0
2016-10-25,905.0
2016-10-26,662.0
2016-10-27,718.0
2016-10-28,5307.0
2016-10-29,2705.0
2016-10-30,8330.0
2016-10-31,5441.0
2016-11-01,2614.0
2016-11-02,1530.0
2016-11-03,1425.0
2016-11-04,1461.0
2016-11-05,1479.0
2016-11-06,631.0
2016-11-07,942.0
2016-11-08,846.0
2016-11-09,825.0
2016-11-10,815.0
2016-11-11,762.0
2016-11-12,652.0
2016-11-13,735.0
2016-11-14,594.0
2016-11-15,531.0
2016-11-16,455.0
2016-11-17,455.0
2016-11-18,455.0
2016-11-19,454.0
2016-11-20,400.0
2016-11-21,479.0
2016-11-22,584.0
2016-11-23,584.0
2016-11-24,583.0
2016-11-25,333.0
2016-11-26,546.0
2016-11-27,931.0
2016-11-28,441.0
2016-11-29,427.0
2016-11-30,537.0
2016-12-01,445.0
2016-12-02,473.0
2016-12-03,365.0
2016-12-04,472.0
2016-12-05,494.0
2016-12-06,225.0
2016-12-07,304.0
2016-12-08,1007.0
2016-12-09,791.0
2016-12-10,1382.0
2016-12-11,2299.0
2016-12-12,1341.0
2016-12-13,1097.0
2016-12-14,1156.0
2016-12-15,3866.0
2016-12-16,13428.0
2016-12-17,3189.0
2016-12-18,1937.0
2016-12-19,1627.0
2016-12-20,1354.0
2016-12-21,1338.0
2016-12-22,1116.0
2016-12-23,1618.0
2016-12-24,1317.0
2016-12-25,1152.0
2016-12-26,1030.0
2016-12-27,1029.0
2016-12-28,1099.0
2016-12-29,1034.0
2016-12-30,1007.0
2016-12-31,1110.0
2017-01-01,811.0
2017-01-02,823.0
2017-01-03,1260.0
2017-01-04,4926.0
2017-01-05,9953.0
2017-01-06,3837.0
2017-01-07,8199.0
2017-01-08,29309.0
2017-01-09,37552.0
2017-01-10,13235.0
2017-01-11,17960.0
2017-01-12,12732.0
2017-01-13,7960.0
2017-01-14,6209.0
2017-01-15,4973.0
2017-01-16,4212.0
2017-01-17,3797.0
2017-01-18,3892.0
2017-01-19,6293.0
2017-01-20,7094.0
2017-01-21,7127.0
2017-01-22,8822.0
2017-01-23,13308.0
2017-01-24,5928.0
2017-01-25,4775.0
2017-01-26,4338.0
2017-01-27,3434.0
2017-01-28,3818.0
2017-01-29,3571.0
2017-01-30,2866.0
2017-01-31,2884.0
2017-02-01,3229.0
2017-02-02,2978.0
2017-02-03,7773.0
2017-02-04,6000.0
2017-02-05,4810.0
2017-02-06,5933.0
2017-02-07,26488.0
2017-02-08,19557.0
2017-02-09,15652.0
2017-02-10,17554.0
2017-02-11,15990.0
2017-02-12,9709.0
2017-02-13,8513.0
2017-02-14,7001.0
2017-02-15,6286.0
2017-02-16,5914.0
2017-02-17,9595.0
2017-02-18,10041.0
2017-02-19,7249.0
2017-02-20,13829.0
2017-02-21,15515.0
2017-02-22,10860.0
2017-02-23,8132.0
2017-02-24,6715.0
2017-02-25,5839.0
2017-02-26,5424.0
2017-02-27,5398.0
2017-02-28,4906.0
2017-03-01,4467.0
2017-03-02,4836.0
2017-03-03,4548.0
2017-03-04,4058.0
2017-03-05,4933.0
2017-03-06,4280.0
2017-03-07,3882.0
2017-03-08,4201.0
2017-03-09,4219.0
2017-03-10,4510.0
2017-03-11,4524.0
2017-03-12,5322.0
2017-03-13,5349.0
2017-03-14,6389.0
2017-03-15,6234.0
2017-03-16,5103.0
2017-03-17,7949.0
2017-03-18,7168.0
2017-03-19,7419.0
2017-03-20,6635.0
2017-03-21,8511.0
2017-03-22,9340.0
2017-03-23,7174.0
2017-03-24,6170.0
2017-03-25,6749.0
2017-03-26,6161.0
2017-03-27,5688.0
2017-03-28,5424.0
2017-03-29,5932.0
2017-03-30,5258.0
2017-03-31,6678.0
2017-04-01,5663.0
2017-04-02,6222.0
2017-04-03,7377.0
2017-04-04,7687.0
2017-04-05,7237.0
2017-04-06,8416.0
2017-04-07,10803.0
2017-04-08,14038.0
2017-04-09,8209.0
2017-04-10,7004.0
2017-04-11,6599.0
2017-04-12,6027.0
2017-04-13,7160.0
2017-04-14,6583.0
2017-04-15,5838.0
2017-04-16,5819.0
2017-04-17,6784.0
2017-04-18,13901.0
2017-04-19,13246.0
2017-04-20,9323.0
2017-04-21,8909.0
2017-04-22,9632.0
2017-04-23,10340.0
2017-04-24,10153.0
2017-04-25,8995.0
2017-04-26,8777.0
2017-04-27,9915.0
2017-04-28,10100.0
2017-04-29,9403.0
2017-04-30,9762.0
2017-05-01,10797.0
2017-05-02,12864.0
2017-05-03,14782.0
2017-05-04,17074.0
2017-05-05,18129.0
2017-05-06,16781.0
2017-05-07,12166.0
2017-05-08,10823.0
2017-05-09,11919.0
2017-05-10,13397.0
2017-05-11,15289.0
2017-05-12,15782.0
2017-05-13,12533.0
2017-05-14,11109.0
2017-05-15,9427.0
2017-05-16,8436.0
2017-05-17,7883.0
2017-05-18,7312.0
2017-05-19,8698.0
2017-05-20,9970.0
2017-05-21,12715.0
2017-05-22,14468.0
2017-05-23,16876.0
2017-05-24,17515.0
2017-05-25,16498.0
2017-05-26,15149.0
2017-05-27,14298.0
2017-05-28,15210.0
2017-05-29,15838.0
2017-05-30,16380.0
2017-05-31,16723.0
2017-06-01,14739.0
2017-06-02,15631.0
2017-06-03,17360.0
2017-06-04,18707.0
2017-06-05,18108.0
2017-06-06,17146.0
2017-06-07,16640.0
2017-06-08,15946.0
2017-06-09,14532.0
2017-06-10,15729.0
2017-06-11,14797.0
2017-06-12,9349.0
2017-06-13,9039.0
2017-06-14,10395.0
2017-06-15,11729.0
2017-06-16,13676.0
2017-06-17,15532.0
2017-06-18,18353.0
2017-06-19,20323.0
2017-06-20,19398.0
2017-06-21,19284.0
2017-06-22,18961.0
2017-06-23,17910.0
2017-06-24,16133.0
2017-06-25,14649.0
2017-06-26,13851.0
2017-06-27,13060.0
2017-06-28,11087.0
2017-06-29,10330.0
2017-06-30,9951.0
2017-07-01,10256.0
2017-07-02,9969.0
2017-07-03,9972.0
2017-07-04,10093.0
2017-07-05,9552.0
2017-07-06,8944.0
2017-07-07,9114.0
2017-07-08,9274.0
2017-07-09,9134.0
2017-07-10,8182.0
2017-07-11,7818.0
2017-07-12,6996.0
2017-07-13,6815.0
2017-07-14,5845.0
2017-07-15,6712.0
2017-07-16,6632.0
2017-07-17,6444.0
2017-07-18,5686.0
2017-07-19,5283.0
2017-07-20,4804.0
2017-07-21,4930.0
2017-07-22,4759.0
2017-07-23,4360.0
2017-07-24,4794.0
2017-07-25,4433.0
2017-07-26,4279.0
2017-07-27,3731.0
2017-07-28,3504.0
2017-07-29,3631.0
2017-07-30,3200.0
2017-07-31,3256.0
2017-08-01,3239.0
2017-08-02,3134.0
2017-08-03,2800.0
2017-08-04,3664.0
2017-08-05,3908.0
2017-08-06,3810.0
2017-08-07,2840.0
2017-08-08,2792.0
2017-08-09,2499.0
2017-08-10,2194.0
2017-08-11,2000.0
2017-08-12,1847.0
2017-08-13,1450.0
2017-08-14,1783.0
2017-08-15,1643.0
2017-08-16,1558.0
2017-08-17,966.0
2017-08-18,2491.0
2017-08-19,994.0
2017-08-20,1470.0
2017-08-21,1473.0
2017-08-22,1071.0
2017-08-23,1500.0
2017-08-24,1621.0
2017-08-25,1110.0
2017-08-26,1267.0
2017-08-27,1377.0
2017-08-28,1080.0
2017-08-29,1234.0
2017-08-30,1305.0
2017-08-31,985.0
2017-09-01,1097.0
2017-09-02,775.0
2017-09-03,1410.0
2017-09-04,1129.0
2017-09-05,935.0
2017-09-06,965.0
2017-09-07,856.0
2017-09-08,746.0
2017-09-09,741.0
2017-09-10,951.0
2017-09-11,697.0
2017-09-12,1018.0
2017-09-13,949.0
2017-09-14,793.0
2017-09-15,916.0
2017-09-16,613.0
2017-09-17,1444.0
2017-09-18,622.0
2017-09-19,548.0
2017-09-20,487.0
2017-09-21,1317.0
2017-09-22,742.0
2017-09-23,689.0
2017-09-24,995.0
2017-09-25,687.0
2017-09-26,644.0
2017-09-27,704.0
2017-09-28,547.0
2017-09-29,552.0
2017-09-30,493.0
2017-10-01,258.0
2017-10-02,660.0
2017-10-03,199.0
2017-10-04,460.0
2017-10-05,362.0
2017-10-06,403.0
2017-10-07,380.0
2017-10-08,181.0
2017-10-09,276.0
2017-10-10,166.0
2017-10-11,433.0
2017-10-12,332.0
2017-10-13,397.0
2017-10-14,439.0
2017-10-15,408.0
2017-10-16,488.0
2017-10-17,477.0
2017-10-18,474.0
2017-10-19,292.0
2017-10-20,406.0
2017-10-21,416.0
2017-10-22,483.0
2017-10-23,302.0
2017-10-24,128.0
2017-10-25,405.0
2017-10-26,377.0
2017-10-27,105.0
2017-10-28,521.0
2017-10-29,474.0
2017-10-30,420.0
2017-10-31,219.0
2017-11-01,297.0
2017-11-02,423.0
2017-11-03,281.0
2017-11-04,8.0
2017-11-05,316.0
2017-11-06,549.0
2017-11-07,194.0
2017-11-08,330.0
2017-11-09,223.0
2017-11-10,-70.0
2017-11-11,114.0
2017-11-12,1036.0
2017-11-13,395.0
2017-11-14,154.0
2017-11-15,498.0
2017-11-16,1150.0
2017-11-17,3405.0
2017-11-18,1174.0
2017-11-19,869.0
2017-11-20,625.0
2017-11-21,3742.0
2017-11-22,626.0
2017-11-23,705.0
2017-11-24,639.0
2017-11-25,653.0
2017-11-26,447.0
2017-11-27,1564.0
2017-11-28,1039.0
2017-11-29,833.0
2017-11-30,699.0
2017-12-01,754.0
2017-12-02,562.0
2017-12-03,548.0
2017-12-04,363.0
2017-12-05,148.0
2017-12-06,395.0
2017-12-07,466.0
2017-12-08,413.0
2017-12-09,738.0
2017-12-10,536.0
2017-12-11,340.0
2017-12-12,423.0
2017-12-13,373.0
2017-12-14,376.0
2017-12-15,365.0
2017-12-16,374.0
2017-12-17,304.0
2017-12-18,420.0
2017-12-19,472.0
2017-12-20,291.0
2017-12-21,291.0
2017-12-22,246.0
2017-12-23,505.0
2017-12-24,434.0
2017-12-25,406.0
2017-12-26,350.0
2017-12-27,414.0
2017-12-28,401.0
2017-12-29,258.0
2017-12-30,435.0
2017-12-31,320.0
2018-01-01,370.0
2018-01-02,339.0
2018-01-03,396.0
2018-01-04,467.0
2018-01-05,444.0
2018-01-06,817.0
2018-01-07,695.0
2018-01-08,1639.0
2018-01-09,2574.0
2018-01-10,1198.0
2018-01-11,852.0
2018-01-12,818.0
2018-01-13,802.0
2018-01-14,751.0
2018-01-15,587.0
2018-01-16,828.0
2018-01-17,467.0
2018-01-18,715.0
2018-01-19,770.0
2018-01-20,604.0
2018-01-21,622.0
2018-01-22,622.0
2018-01-23,496.0
2018-01-24,523.0
2018-01-25,580.0
2018-01-26,336.0
2018-01-27,641.0
2018-01-28,675.0
2018-01-29,561.0
2018-01-30,648.0
2018-01-31,452.0
2018-02-01,509.0
2018-02-02,645.0
2018-02-03,697.0
2018-02-04,726.0
2018-02-05,445.0
2018-02-06,816.0
2018-02-07,430.0
2018-02-08,614.0
2018-02-09,663.0
2018-02-10,517.0
2018-02-11,525.0
2018-02-12,771.0
2018-02-13,406.0
2018-02-14,579.0
2018-02-15,320.0
2018-02-16,319.0
2018-02-17,191.0
2018-02-18,457.0
2018-02-19,422.0
2018-02-20,147.0
2018-02-21,396.0
2018-02-22,557.0
2018-02-23,341.0
2018-02-24,293.0
2018-02-25,444.0
2018-02-26,448.0
2018-02-27,456.0
2018-02-28,432.0
2018-03-01,1510.0
2018-03-02,2621.0
2018-03-03,1834.0
2018-03-04,972.0
2018-03-05,832.0
2018-03-06,895.0
2018-03-07,949.0
2018-03-08,889.0
2018-03-09,947.0
2018-03-10,627.0
2018-03-11,1440.0
2018-03-12,1694.0
2018-03-13,2011.0
2018-03-14,3919.0
2018-03-15,2126.0
2018-03-16,1956.0
2018-03-17,1528.0
2018-03-18,1350.0
2018-03-19,1287.0
2018-03-20,1342.0
2018-03-21,3352.0
2018-03-22,30657.0
2018-03-23,13359.0
2018-03-24,5804.0
2018-03-25,4025.0
2018-03-26,3085.0
2018-03-27,2501.0
2018-03-28,2653.0
2018-03-29,2948.0
2018-03-30,3453.0
2018-03-31,3725.0
2018-04-01,3971.0
2018-04-02,4261.0
2018-04-03,4367.0
2018-04-04,4247.0
2018-04-05,3892.0
2018-04-06,6266.0
2018-04-07,21679.0
2018-04-08,17917.0
2018-04-09,11026.0
2018-04-10,8894.0
2018-04-11,7219.0
2018-04-12,6089.0
2018-04-13,4531.0
2018-04-14,5364.0
2018-04-15,4661.0
2018-04-16,4542.0
2018-04-17,4661.0
2018-04-18,3794.0
2018-04-19,3466.0
2018-04-20,3206.0
2018-04-21,3781.0
2018-04-22,4275.0
2018-04-23,5006.0
2018-04-24,6185.0
2018-04-25,6576.0
2018-04-26,7302.0
2018-04-27,7239.0
2018-04-28,6783.0
2018-04-29,5707.0
2018-04-30,4892.0
2018-05-01,3920.0
2018-05-02,3514.0
2018-05-03,3770.0
2018-05-04,4576.0
2018-05-05,5044.0
2018-05-06,5428.0
2018-05-07,6079.0
2018-05-08,7214.0
2018-05-09,7487.0
2018-05-10,7535.0
2018-05-11,6858.0
2018-05-12,5693.0
2018-05-13,4726.0
2018-05-14,4181.0
2018-05-15,4173.0
2018-05-16,4387.0
2018-05-17,4573.0
2018-05-18,4646.0
2018-05-19,5065.0
2018-05-20,4742.0
2018-05-21,4994.0
2018-05-22,4780.0
2018-05-23,5114.0
2018-05-24,5033.0
2018-05-25,5833.0
2018-05-26,4771.0
2018-05-27,4560.0
2018-05-28,4571.0
2018-05-29,5136.0
2018-05-30,4995.0
2018-05-31,4817.0
2018-06-01,4827.0
2018-06-02,4454.0
2018-06-03,4634.0
2018-06-04,4943.0
2018-06-05,4684.0
2018-06-06,4688.0
2018-06-07,4289.0
2018-06-08,3742.0
2018-06-09,4008.0
2018-06-10,3637.0
2018-06-11,3473.0
2018-06-12,3345.0
2018-06-13,3904.0
2018-06-14,3398.0
2018-06-15,2997.0
2018-06-16,2687.0
2018-06-17,1856.0
2018-06-18,2986.0
2018-06-19,2249.0
2018-06-20,2254.0
2018-06-21,2070.0
2018-06-22,1899.0
2018-06-23,1893.0
2018-06-24,1996.0
2018-06-25,2031.0
2018-06-26,1756.0
2018-06-27,1832.0
2018-06-28,1686.0
2018-06-29,1402.0
2018-06-30,1450.0
2018-07-01,1439.0
2018-07-02,1440.0
2018-07-03,1254.0
2018-07-04,1302.0
2018-07-05,1321.0
2018-07-06,832.0
2018-07-07,1015.0
2018-07-08,1587.0
2018-07-09,595.0
2018-07-10,826.0
2018-07-11,998.0
2018-07-12,1195.0
2018-07-13,1746.0
2018-07-14,1717.0
2018-07-15,1530.0
2018-07-16,1226.0
2018-07-17,871.0
2018-07-18,968.0
2018-07-19,838.0
2018-07-20,1313.0
2018-07-21,1779.0
2018-07-22,1752.0
2018-07-23,1426.0
2018-07-24,1351.0
2018-07-25,1152.0
2018-07-26,914.0
2018-07-27,852.0
2018-07-28,903.0
2018-07-29,782.0
2018-07-30,689.0
2018-07-31,1088.0
2018-08-01,622.0
2018-08-02,1267.0
2018-08-03,555.0
2018-08-04,667.0
2018-08-05,416.0
2018-08-06,864.0
2018-08-07,137.0
2018-08-08,541.0
2018-08-09,468.0
2018-08-10,355.0
2018-08-11,274.0
2018-08-12,230.0
2018-08-13,424.0
2018-08-14,591.0
2018-08-15,1022.0
2018-08-16,462.0
2018-08-17,52.0
2018-08-18,220.0
2018-08-19,680.0
2018-08-20,42.0
2018-08-21,705.0
2018-08-22,304.0
2018-08-23,72.0
2018-08-24,138.0
2018-08-25,241.0
2018-08-26,185.0
2018-08-27,257.0
2018-08-28,727.0
2018-08-29,4.0
2018-08-30,224.0
2018-08-31,68.0
2018-09-01,110.0
2018-09-02,191.0
2018-09-03,157.0
2018-09-04,264.0
2018-09-05,272.0
2018-09-06,96.0
2018-09-07,146.0
2018-09-08,54.0
2018-09-09,254.0
2018-09-10,57.0
2018-09-11,269.0
2018-09-12,203.0
2018-09-13,121.0
2018-09-14,90.0
2018-09-15,115.0
2018-09-16,303.0
2018-09-17,2.0
2018-09-18,138.0
2018-09-19,67.0
2018-09-20,7.0
2018-09-21,37.0
2018-09-22,207.0
2018-09-23,95.0
2018-09-24,47.0
2018-09-25,168.0
2018-09-26,-32.0
2018-09-27,17.0
2018-09-28,79.0
2018-09-29,131.0
2018-09-30,99.0
2018-10-01,-13.0
2018-10-02,313.0
2018-10-03,701.0
2018-10-04,590.0
2018-10-05,362.0
2018-10-06,356.0
2018-10-07,340.0
2018-10-08,234.0
2018-10-09,360.0
2018-10-10,282.0
2018-10-11,292.0
2018-10-12,110.0
2018-10-13,193.0
2018-10-14,-468.0
2018-10-15,715.0
2018-10-16,257.0
2018-10-17,140.0
2018-10-18,150.0
2018-10-19,78.0
2018-10-20,148.0
2018-10-21,258.0
2018-10-22,145.0
2018-10-23,172.0
2018-10-24,116.0
2018-10-25,109.0
2018-10-26,59.0
2018-10-27,113.0
2018-10-28,152.0
2018-10-29,195.0
2018-10-30,-40.0
2018-10-31,248.0
2018-11-01,155.0
2018-11-02,216.0
2018-11-03,79.0
2018-11-04,-52.0
2018-11-05,431.0
2018-11-06,17.0
2018-11-07,363.0
2018-11-08,7.0
2018-11-09,66.0
2018-11-10,143.0
2018-11-11,-66.0
2018-11-12,180.0
2018-11-13,140.0
2018-11-14,160.0
2018-11-15,116.0
2018-11-16,203.0
2018-11-17,-146.0
2018-11-18,304.0
2018-11-19,109.0
2018-11-20,501.0
2018-11-21,242.0
2018-11-22,629.0
2018-11-23,427.0
2018-11-24,703.0
2018-11-25,127.0
2018-11-26,217.0
2018-11-27,339.0
2018-11-28,1318.0
2018-11-29,2014.0
2018-11-30,1182.0
2018-12-01,1065.0
2018-12-02,350.0
2018-12-03,454.0
2018-12-04,431.0
2018-12-05,585.0
2018-12-06,859.0
2018-12-07,407.0
2018-12-08,480.0
2018-12-09,396.0
2018-12-10,372.0
2018-12-11,450.0
2018-12-12,359.0
2018-12-13,373.0
2018-12-14,379.0
2018-12-15,377.0
2018-12-16,415.0
2018-12-17,737.0
2018-12-18,473.0
2018-12-19,284.0
2018-12-20,398.0
2018-12-21,443.0
2018-12-22,443.0
2018-12-23,331.0
2018-12-24,592.0
2018-12-25,481.0
2018-12-26,561.0
2018-12-27,498.0
2018-12-28,440.0
2018-12-29,299.0
2018-12-30,474.0
2018-12-31,279.0
2019-01-01,358.0
2019-01-02,331.0
2019-01-03,322.0
2019-01-04,409.0
2019-01-05,459.0
2019-01-06,1067.0
2019-01-07,946.0
2019-01-08,785.0
2019-01-09,1052.0
2019-01-10,839.0
2019-01-11,731.0
2019-01-12,556.0
2019-01-13,573.0
2019-01-14,686.0
2019-01-15,814.0
2019-01-16,1348.0
2019-01-17,9072.0
2019-01-18,3349.0
2019-01-19,1983.0
2019-01-20,2011.0
2019-01-21,2272.0
2019-01-22,1525.0
2019-01-23,1298.0
2019-01-24,1083.0
2019-01-25,1048.0
2019-01-26,1053.0
2019-01-27,1040.0
2019-01-28,1173.0
2019-01-29,1167.0
2019-01-30,1077.0
2019-01-31,1092.0
2019-02-01,1139.0
2019-02-02,6055.0
2019-02-03,5473.0
2019-02-04,5064.0
2019-02-05,3899.0
2019-02-06,2703.0
2019-02-07,2577.0
2019-02-08,1915.0
2019-02-09,2952.0
2019-02-10,3560.0
2019-02-11,2647.0
2019-02-12,-573.0
2019-02-13,3901.0
2019-02-14,15866.0
2019-02-15,10080.0
2019-02-16,6007.0
2019-02-17,4255.0
2019-02-18,3560.0
2019-02-19,3213.0
2019-02-20,3048.0
2019-02-21,2719.0
2019-02-22,2097.0
2019-02-23,2355.0
2019-02-24,2305.0
2019-02-25,2244.0
2019-02-26,2159.0
2019-02-27,2428.0
2019-02-28,2847.0
2019-03-01,2703.0
2019-03-02,6622.0
2019-03-03,6490.0
2019-03-04,4831.0
2019-03-05,4955.0
2019-03-06,8224.0
2019-03-07,6072.0
2019-03-08,5766.0
2019-03-09,4512.0
2019-03-10,3519.0
2019-03-11,2351.0
2019-03-12,2686.0
2019-03-13,2670.0
2019-03-14,2647.0
2019-03-15,1451.0
2019-03-16,2777.0
2019-03-17,3029.0
2019-03-18,3314.0
2019-03-19,4340.0
2019-03-20,2966.0
2019-03-21,3581.0
2019-03-22,4294.0
2019-03-23,3012.0
2019-03-24,3232.0
2019-03-25,2253.0
2019-03-26,3083.0
2019-03-27,2800.0
2019-03-28,4035.0
2019-03-29,4487.0
2019-03-30,3378.0
2019-03-31,2847.0
2019-04-01,4419.0
2019-04-02,3815.0
2019-04-03,3756.0
2019-04-04,8643.0
2019-04-05,4401.0
2019-04-06,3715.0
2019-04-07,4183.0
2019-04-08,5093.0
2019-04-09,6145.0
2019-04-10,5220.0
2019-04-11,4563.0
2019-04-12,4027.0
2019-04-13,3974.0
2019-04-14,5082.0
2019-04-15,6198.0
2019-04-16,5854.0
2019-04-17,5186.0
2019-04-18,5903.0
2019-04-19,6096.0
2019-04-20,7678.0
2019-04-21,7476.0
2019-04-22,6617.0
2019-04-23,7860.0
2019-04-24,8756.0
2019-04-25,11184.0
2019-04-26,12333.0
2019-04-27,12000.0
2019-04-28,11595.0
2019-04-29,10967.0
2019-04-30,10459.0
2019-05-01,9311.0
2019-05-02,8744.0
2019-05-03,9246.0
2019-05-04,9855.0
2019-05-05,10430.0
2019-05-06,10920.0
2019-05-07,10961.0
2019-05-08,11755.0
2019-05-09,12458.0
2019-05-10,11128.0
2019-05-11,9735.0
2019-05-12,11041.0
2019-05-13,12302.0
2019-05-14,12643.0
2019-05-15,12249.0
2019-05-16,12034.0
2019-05-17,8677.0
2019-05-18,7581.0
2019-05-19,8144.0
2019-05-20,6996.0
2019-05-21,6424.0
2019-05-22,6280.0
2019-05-23,5988.0
2019-05-24,5600.0
2019-05-25,5697.0
2019-05-26,6096.0
2019-05-27,5850.0
2019-05-28,5484.0
2019-05-29,6002.0
2019-05-30,6723.0
2019-05-31,8450.0
2019-06-01,7632.0
2019-06-02,8364.0
2019-06-03,9299.0
2019-06-04,11781.0
2019-06-05,14390.0
2019-06-06,16382.0
2019-06-07,15439.0
2019-06-08,13706.0
2019-06-09,13257.0
2019-06-10,13867.0
2019-06-11,14776.0
2019-06-12,15884.0
2019-06-13,17095.0
2019-06-14,16731.0
2019-06-15,16442.0
2019-06-16,15557.0
2019-06-17,14543.0
2019-06-18,14499.0
2019-06-19,14890.0
2019-06-20,14687.0
2019-06-21,13740.0
2019-06-22,11464.0
2019-06-23,10900.0
2019-06-24,11407.0
2019-06-25,10424.0
2019-06-26,9989.0
2019-06-27,8996.0
2019-06-28,7830.0
2019-06-29,7042.0
2019-06-30,7749.0
2019-07-01,7996.0
2019-07-02,7884.0
2019-07-03,7720.0
2019-07-04,7226.0
2019-07-05,7168.0
2019-07-06,7130.0
2019-07-07,6745.0
2019-07-08,6318.0
2019-07-09,6781.0
2019-07-10,6649.0
2019-07-11,6204.0
2019-07-12,6256.0
2019-07-13,6420.0
2019-07-14,5801.0
2019-07-15,5750.0
2019-07-16,5056.0
2019-07-17,5064.0
2019-07-18,4674.0
2019-07-19,4564.0
2019-07-20,4029.0
2019-07-21,4384.0
2019-07-22,4137.0
2019-07-23,3705.0
2019-07-24,4365.0
2019-07-25,4619.0
2019-07-26,5333.0
2019-07-27,4696.0
2019-07-28,3639.0
2019-07-29,3164.0
2019-07-30,2951.0
2019-07-31,2407.0
2019-08-01,2262.0
2019-08-02,2038.0
2019-08-03,2430.0
2019-08-04,1823.0
2019-08-05,1854.0
2019-08-06,1862.0
2019-08-07,1697.0
2019-08-08,1755.0
2019-08-09,1659.0
2019-08-10,1347.0
2019-08-11,1246.0
2019-08-12,1366.0
2019-08-13,1321.0
2019-08-14,1156.0
2019-08-15,1057.0
2019-08-16,1135.0
2019-08-17,1035.0
2019-08-18,1087.0
2019-08-19,1133.0
2019-08-20,1092.0
2019-08-21,1257.0
2019-08-22,997.0
2019-08-23,954.0
2019-08-24,983.0
2019-08-25,1062.0
2019-08-26,964.0
2019-08-27,1002.0
2019-08-28,995.0
2019-08-29,896.0
2019-08-30,870.0
2019-08-31,795.0
2019-09-01,568.0
2019-09-02,611.0
2019-09-03,795.0
2019-09-04,689.0
2019-09-05,724.0
2019-09-06,756.0
2019-09-07,602.0
2019-09-08,971.0
2019-09-09,688.0
2019-09-10,457.0
2019-09-11,327.0
2019-09-12,271.0
2019-09-13,388.0
2019-09-14,741.0
2019-09-15,116.0
2019-09-16,426.0
2019-09-17,409.0
2019-09-18,265.0
2019-09-19,321.0
2019-09-20,259.0
2019-09-21,420.0
2019-09-22,124.0
2019-09-23,358.0
2019-09-24,743.0
2019-09-25,115.0
2019-09-26,305.0
2019-09-27,462.0
2019-09-28,235.0
2019-09-29,311.0
2019-09-30,358.0
2019-10-01,184.0
2019-10-02,255.0
2019-10-03,300.0
2019-10-04,-137.0
2019-10-05,-131.0
2019-10-06,-70.0
2019-10-07,341.0
2019-10-08,743.0
2019-10-09,95.0
2019-10-10,336.0
2019-10-11,237.0
2019-10-12,292.0
2019-10-13,478.0
2019-10-14,95.0
2019-10-15,593.0
2019-10-16,319.0
2019-10-17,251.0
2019-10-18,358.0
2019-10-19,304.0
2019-10-20,326.0
2019-10-21,405.0
2019-10-22,152.0
2019-10-23,291.0
2019-10-24,256.0
2019-10-25,192.0
2019-10-26,239.0
2019-10-27,47.0
2019-10-28,313.0
2019-10-29,171.0
2019-10-30,294.0
2019-10-31,219.0
2019-11-01,26.0
2019-11-02,169.0
2019-11-03,274.0
2019-11-04,263.0
2019-11-05,257.0
2019-11-06,235.0
2019-11-07,295.0
2019-11-08,94.0
2019-11-09,221.0
2019-11-10,216.0
2019-11-11,434.0
2019-11-12,202.0
2019-11-13,141.0
2019-11-14,-21.0
2019-11-15,198.0
2019-11-16,6.0
2019-11-17,283.0
2019-11-18,206.0
2019-11-19,298.0
2019-11-20,263.0
2019-11-21,247.0
2019-11-22,62.0
2019-11-23,213.0
2019-11-24,182.0
2019-11-25,175.0
2019-11-26,331.0
2019-11-27,686.0
2019-11-28,339.0
2019-11-29,532.0
2019-11-30,305.0
2019-12-01,1213.0
2019-12-02,361.0
2019-12-03,660.0
2019-12-04,1331.0
2019-12-05,863.0
2019-12-06,462.0
2019-12-07,1646.0
2019-12-08,2143.0
2019-12-09,1253.0
2019-12-10,819.0
2019-12-11,704.0
2019-12-12,682.0
2019-12-13,706.0
2019-12-14,802.0
2019-12-15,598.0
2019-12-16,577.0
2019-12-17,406.0
2019-12-18,592.0
2019-12-19,711.0
2019-12-20,490.0
2019-12-21,547.0
2019-12-22,670.0
2019-12-23,966.0
2019-12-24,709.0
2019-12-25,563.0
2019-12-26,498.0
2019-12-27,473.0
2019-12-28,505.0
2019-12-29,239.0
2019-12-30,472.0
2019-12-31,470.0
2020-01-01,515.0
2020-01-02,535.0
2020-01-03,544.0
2020-01-04,493.0
2020-01-05,512.0
2020-01-06,516.0
2020-01-07,543.0
2020-01-08,374.0
2020-01-09,502.0
2020-01-10,463.0
2020-01-11,402.0
2020-01-12,442.0
2020-01-13,469.0
2020-01-14,422.0
2020-01-15,428.0
2020-01-16,747.0
2020-01-17,490.0
2020-01-18,455.0
2020-01-19,524.0
2020-01-20,459.0
2020-01-21,488.0
2020-01-22,417.0
2020-01-23,605.0
2020-01-24,446.0
2020-01-25,404.0
2020-01-26,696.0
2020-01-27,702.0
2020-01-28,583.0
2020-01-29,504.0
2020-01-30,520.0
2020-01-31,514.0
2020-02-01,540.0
2020-02-02,482.0
2020-02-03,533.0
2020-02-04,390.0
2020-02-05,551.0
2020-02-06,512.0
2020-02-07,514.0
2020-02-08,482.0
2020-02-09,538.0
2020-02-10,423.0
2020-02-11,557.0
2020-02-12,420.0
2020-02-13,595.0
2020-02-14,503.0
2020-02-15,516.0
2020-02-16,574.0
2020-02-17,664.0
2020-02-18,236.0
2020-02-19,990.0
2020-02-20,634.0
2020-02-21,547.0
2020-02-22,608.0
2020-02-23,618.0
2020-02-24,615.0
2020-02-25,674.0
2020-02-26,673.0
2020-02-27,783.0
2020-02-28,761.0
2020-02-29,450.0
2020-03-01,818.0
2020-03-02,528.0
2020-03-03,587.0
2020-03-04,467.0
2020-03-05,876.0
2020-03-06,741.0
2020-03-07,816.0
2020-03-08,584.0
2020-03-09,647.0
2020-03-10,547.0
2020-03-11,669.0
2020-03-12,609.0
2020-03-13,680.0
2020-03-14,908.0
2020-03-15,1101.0
2020-03-16,1858.0
2020-03-17,1033.0
2020-03-18,895.0
2020-03-19,929.0
2020-03-20,736.0
2020-03-21,1002.0
2020-03-22,933.0
2020-03-23,1009.0
2020-03-24,1000.0
2020-03-25,1262.0
2020-03-26,1018.0
2020-03-27,847.0
2020-03-28,853.0
2020-03-29,844.0
2020-03-30,895.0
2020-03-31,1149.0
2020-04-01,1314.0
2020-04-02,1372.0
2020-04-03,1152.0
2020-04-04,1186.0
2020-04-05,2119.0
2020-04-06,3170.0
2020-04-07,1982.0
2020-04-08,1997.0
2020-04-09,2247.0
2020-04-10,2100.0
2020-04-11,1950.0
2020-04-12,2592.0
2020-04-13,2816.0
2020-04-14,2588.0
2020-04-15,2684.0
2020-04-16,3081.0
2020-04-17,3176.0
2020-04-18,3475.0
2020-04-19,3257.0
2020-04-20,2950.0
2020-04-21,2380.0
2020-04-22,3341.0
2020-04-23,4138.0
2020-04-24,5164.0
2020-04-25,5915.0
2020-04-26,7374.0
2020-04-27,4414.0
2020-04-28,6852.0
2020-04-29,7905.0
2020-04-30,7707.0
2020-05-01,6925.0
2020-05-02,6269.0
2020-05-03,5948.0
2020-05-04,5453.0
2020-05-05,5926.0
2020-05-06,4834.0
2020-05-07,5689.0
2020-05-08,6344.0
2020-05-09,6753.0
2020-05-10,7053.0
2020-05-11,6283.0
2020-05-12,5141.0
2020-05-13,4255.0
2020-05-14,3674.0
2020-05-15,3304.0
2020-05-16,4369.0
2020-05-17,5045.0
2020-05-18,8110.0
2020-05-19,5780.0
2020-05-20,4201.0
2020-05-21,3664.0
2020-05-22,3703.0
2020-05-23,3227.0
2020-05-24,3542.0
2020-05-25,3966.0
2020-05-26,4649.0
2020-05-27,5739.0
2020-05-28,5454.0
2020-05-29,5452.0
2020-05-30,4587.0
2020-05-31,3806.0
2020-06-01,3524.0
2020-06-02,3322.0
2020-06-03,3301.0
2020-06-04,3305.0
2020-06-05,3504.0
2020-06-06,2845.0
2020-06-07,2265.0
2020-06-08,2119.0
2020-06-09,1707.0
2020-06-10,1884.0
2020-06-11,1871.0
2020-06-12,2007.0
2020-06-13,1900.0
2020-06-14,1867.0
2020-06-15,1393.0
2020-06-16,1781.0
2020-06-17,1751.0
2020-06-18,1737.0
2020-06-19,1605.0
2020-06-20,1375.0
2020-06-21,1680.0
2020-06-22,1828.0
2020-06-23,1330.0
2020-06-24,2223.0
2020-06-25,1598.0
2020-06-26,1614.0
2020-06-27,1258.0
2020-06-28,1287.0
2020-06-29,1242.0
2020-06-30,960.0
2020-07-01,977.0
2020-07-02,925.0
2020-07-03,614.0
2020-07-04,555.0
2020-07-05,762.0
2020-07-06,783.0
2020-07-07,540.0
2020-07-08,515.0
2020-07-09,619.0
2020-07-10,578.0
2020-07-11,328.0
2020-07-12,601.0
2020-07-13,609.0
2020-07-14,650.0
2020-07-15,604.0
2020-07-16,538.0
2020-07-17,514.0
2020-07-18,444.0
2020-07-19,505.0
2020-07-20,508.0
2020-07-21,383.0
2020-07-22,501.0
2020-07-23,329.0
2020-07-24,466.0
2020-07-25,245.0
2020-07-26,402.0
2020-07-27,315.0
2020-07-28,332.0
2020-07-29,304.0
2020-07-30,370.0
2020-07-31,443.0
2020-08-01,242.0
2020-08-02,396.0
2020-08-03,304.0
2020-08-04,446.0
2020-08-05,206.0
2020-08-06,290.0
2020-08-07,68.0
2020-08-08,225.0
2020-08-09,305.0
2020-08-10,230.0
2020-08-11,312.0
2020-08-12,325.0
2020-08-13,245.0
2020-08-14,316.0
2020-08-15,-57.0
2020-08-16,476.0
2020-08-17,414.0
2020-08-18,218.0
2020-08-19,403.0
2020-08-20,217.0
2020-08-21,143.0
2020-08-22,289.0
2020-08-23,148.0
2020-08-24,192.0
2020-08-25,249.0
2020-08-26,193.0
2020-08-27,140.0
2020-08-28,248.0
2020-08-29,144.0
2020-08-30,109.0
2020-08-31,191.0
2020-09-01,58.0
2020-09-02,181.0
2020-09-03,61.0
2020-09-04,-40.0
2020-09-05,1031.0
2020-09-06,978.0
2020-09-07,412.0
2020-09-08,419.0
2020-09-09,59.0
2020-09-10,-122.0
2020-09-11,-164.0
2020-09-12,-132.0
2020-09-13,-159.0
2020-09-14,-233.0
2020-09-15,-213.0
2020-09-16,-248.0
2020-09-17,53.0
2020-09-18,265.0
2020-09-19,235.0
2020-09-20,326.0
2020-09-21,313.0
2020-09-22,260.0
2020-09-23,64.0
2020-09-24,76.0
2020-09-25,30.0
2020-09-26,-405.0
2020-09-27,-346.0
2020-09-28,655.0
2020-09-29,205.0
2020-09-30,540.0
2020-10-01,-163.0
2020-10-02,-272.0
2020-10-03,788.0
2020-10-04,286.0
2020-10-05,486.0
2020-10-06,385.0
2020-10-07,484.0
2020-10-08,435.0
2020-10-09,730.0
2020-10-10,691.0
2020-10-11,787.0
2020-10-12,1242.0
2020-10-13,37.0
2020-10-14,-3391.0
2020-10-15,592.0
2020-10-16,6280.0
2020-10-17,965.0
2020-10-18,-8137.0
2020-10-19,164.0
2020-10-20,45.0
2020-10-21,367.0
2020-10-22,218.0
2020-10-23,223.0
2020-10-24,44.0
2020-10-25,152.0
2020-10-26,85.0
2020-10-27,334.0
2020-10-28,166.0
2020-10-29,-52.0
2020-10-30,128.0
2020-10-31,-21.0
2020-11-01,189.0
2020-11-02,-24.0
2020-11-03,393.0
2020-11-04,121.0
2020-11-05,144.0
2020-11-06,134.0
2020-11-07,107.0
2020-11-08,378.0
2020-11-09,-4.0
2020-11-10,1598.0
2020-11-11,-1392.0
2020-11-12,353.0
2020-11-13,272.0
2020-11-14,40.0
2020-11-15,63.0
2020-11-16,28.0
2020-11-17,293.0
2020-11-18,483.0
2020-11-19,-177.0
2020-11-20,463.0
2020-11-21,200.0
2020-11-22,3.0
2020-11-23,481.0
2020-11-24,331.0
2020-11-25,208.0
2020-11-26,211.0
2020-11-27,321.0
2020-11-28,200.0
2020-11-29,204.0
2020-11-30,255.0
2020-12-01,366.0
2020-12-02,-377.0
2020-12-03,-119.0
2020-12-04,-14.0
2020-12-05,64.0
2020-12-06,280.0
2020-12-07,268.0
2020-12-08,45.0
2020-12-09,157.0
2020-12-10,380.0
2020-12-11,265.0
2020-12-12,362.0
2020-12-13,388.0
2020-12-14,139.0
2020-12-15,-512.0
2020-12-16,50.0
2020-12-17,425.0
2020-12-18,119.0
2020-12-19,301.0
2020-12-20,179.0
2020-12-21,882.0
2020-12-22,254.0
2020-12-23,130.0
2020-12-24,152.0
2020-12-25,299.0
2020-12-26,401.0
2020-12-27,342.0
2020-12-28,579.0
2020-12-29,208.0
2020-12-30,410.0
2020-12-31,295.0
2021-01-01,428.0
2021-01-02,262.0
2021-01-03,444.0
2021-01-04,408.0
2021-01-05,-579.0
2021-01-06,234.0
2021-01-07,334.0
2021-01-08,271.0
2021-01-09,184.0
2021-01-10,295.0
2021-01-11,-69.0
2021-01-12,449.0
2021-01-13,230.0
2021-01-14,61.0
2021-01-15,726.0
2021-01-16,-209.0
2021-01-17,370.0
2021-01-18,199.0
2021-01-19,152.0
2021-01-20,358.0
2021-01-21,269.0
2021-01-22,264.0
2021-01-23,151.0
2021-01-24,298.0
2021-01-25,409.0
2021-01-26,90.0
2021-01-27,1528.0
2021-01-28,1581.0
2021-01-29,1222.0
2021-01-30,777.0
2021-01-31,253.0
2021-02-01,719.0
2021-02-02,734.0
2021-02-03,655.0
2021-02-04,680.0
2021-02-05,550.0
2021-02-06,455.0
2021-02-07,640.0
2021-02-08,640.0
2021-02-09,482.0
2021-02-10,77.0
2021-02-11,469.0
2021-02-12,1452.0
2021-02-13,1073.0
2021-02-14,757.0
2021-02-15,714.0
2021-02-16,905.0
2021-02-17,44.0
2021-02-18,968.0
2021-02-19,593.0
2021-02-20,547.0
2021-02-21,840.0
2021-02-22,575.0
2021-02-23,756.0
2021-02-24,1114.0
2021-02-25,677.0
2021-02-26,929.0
2021-02-27,396.0
2021-02-28,723.0
2021-03-01,702.0
2021-03-02,650.0
2021-03-03,762.0
2021-03-04,374.0
2021-03-05,624.0
2021-03-06,755.0
2021-03-07,685.0
2021-03-08,962.0
2021-03-09,547.0
2021-03-10,1074.0
2021-03-11,678.0
2021-03-12,698.0
2021-03-13,530.0
2021-03-14,657.0
2021-03-15,1007.0
2021-03-16,459.0
2021-03-17,614.0
2021-03-18,740.0
2021-03-19,1737.0
2021-03-20,2363.0
2021-03-21,1370.0
2021-03-22,1134.0
2021-03-23,1031.0
2021-03-24,780.0
2021-03-25,934.0
2021-03-26,789.0
2021-03-27,923.0
2021-03-28,1099.0
2021-03-29,1377.0
2021-03-30,1590.0
2021-03-31,1777.0
2021-04-01,1991.0
2021-04-02,1819.0
2021-04-03,2303.0
2021-04-04,2186.0
2021-04-05,2077.0
2021-04-06,2188.0
2021-04-07,2591.0
2021-04-08,2306.0
2021-04-09,2003.0
2021-04-10,2498.0
2021-04-11,2592.0
2021-04-12,3371.0
2021-04-13,2309.0
2021-04-14,2328.0
2021-04-15,1607.0
2021-04-16,1878.0
2021-04-17,1624.0
2021-04-18,1910.0
2021-04-19,2000.0
2021-04-20,2445.0
2021-04-21,2619.0
2021-04-22,2092.0
2021-04-23,2342.0
2021-04-24,2240.0
2021-04-25,2329.0
2021-04-26,1861.0
2021-04-27,1425.0
2021-04-28,1474.0
2021-04-29,1958.0
2021-04-30,2970.0
2021-05-01,3849.0
2021-05-02,3555.0
2021-05-03,3235.0
2021-05-04,3299.0
2021-05-05,4096.0
2021-05-06,4408.0
2021-05-07,3867.0
2021-05-08,3476.0
2021-05-09,2942.0
2021-05-10,3129.0
2021-05-11,3288.0
2021-05-12,3018.0
2021-05-13,3130.0
2021-05-14,3100.0
2021-05-15,2857.0
2021-05-16,2474.0
2021-05-17,2485.0
2021-05-18,2530.0
2021-05-19,2204.0
2021-05-20,1950.0
2021-05-21,1651.0
2021-05-22,1661.0
2021-05-23,1548.0
2021-05-24,1439.0
2021-05-25,1464.0
2021-05-26,1275.0
2021-05-27,1451.0
2021-05-28,1683.0
2021-05-29,1814.0
2021-05-30,1540.0
2021-05-31,1570.0
2021-06-01,1516.0
2021-06-02,1146.0
2021-06-03,2238.0
2021-06-04,1649.0
2021-06-05,1273.0
2021-06-06,1434.0
2021-06-07,1574.0
2021-06-08,1145.0
2021-06-09,949.0
2021-06-10,839.0
2021-06-11,623.0
2021-06-12,797.0
2021-06-13,692.0
2021-06-14,668.0
2021-06-15,1037.0
2021-06-16,760.0
2021-06-17,594.0
2021-06-18,645.0
2021-06-19,552.0
2021-06-20,862.0
2021-06-21,463.0
2021-06-22,644.0
2021-06-23,322.0
2021-06-24,399.0
2021-06-25,479.0
2021-06-26,421.0
2021-06-27,423.0
2021-06-28,537.0
2021-06-29,915.0
2021-06-30,435.0
2021-07-01,562.0
2021-07-02,520.0
2021-07-03,676.0
2021-07-04,339.0
2021-07-05,529.0
2021-07-06,382.0
2021-07-07,240.0
2021-07-08,205.0
2021-07-09,352.0
2021-07-10,322.0
2021-07-11,472.0
2021-07-12,486.0
2021-07-13,370.0
2021-07-14,40.0
2021-07-15,282.0
2021-07-16,234.0
2021-07-17,198.0
2021-07-18,148.0
2021-07-19,376.0
2021-07-20,368.0
2021-07-21,311.0
2021-07-22,236.0
2021-07-23,148.0
2021-07-24,272.0
2021-07-25,181.0
2021-07-26,291.0
2021-07-27,190.0
2021-07-28,148.0
2021-07-29,358.0
2021-07-30,508.0
2021-07-31,407.0
2021-08-01,391.0
2021-08-02,247.0
2021-08-03,122.0
2021-08-04,51.0
2021-08-05,215.0
2021-08-06,96.0
2021-08-07,51.0
2021-08-08,14.0
2021-08-09,230.0
2021-08-10,279.0
2021-08-11,168.0
2021-08-12,129.0
2021-08-13,51.0
2021-08-14,46.0
2021-08-15,186.0
2021-08-16,807.0
2021-08-17,-591.0
2021-08-18,172.0
2021-08-19,-50.0
2021-08-20,108.0
2021-08-21,48.0
2021-08-22,44.0
2021-08-23,251.0
2021-08-24,-61.0
2021-08-25,148.0
2021-08-26,180.0
2021-08-27,145.0
2021-08-28,95.0
2021-08-29,118.0
2021-08-30,-356.0
2021-08-31,50.0
2021-09-01,31.0
2021-09-02,69.0
2021-09-03,175.0
2021-09-04,107.0
2021-09-05,21.0
2021-09-06,115.0
2021-09-07,-15.0
2021-09-08,97.0
2021-09-09,6.0
2021-09-10,179.0
2021-09-11,175.0
2021-09-12,64.0
2021-09-13,22.0
2021-09-14,60.0
2021-09-15,107.0
2021-09-16,-41.0
2021-09-17,127.0
2021-09-18,-47.0
2021-09-19,-95.0
2021-09-20,85.0
2021-09-21,29.0
2021-09-22,138.0
2021-09-23,52.0
2021-09-24,-1.0
2021-09-25,-134.0
2021-09-26,-250.0
2021-09-27,388.0
2021-09-28,-182.0
2021-09-29,364.0
2021-09-30,-87.0
2021-10-01,256.0
2021-10-02,-34.0
2021-10-03,112.0
2021-10-04,38.0
2021-10-05,232.0
2021-10-06,47.0
2021-10-07,31.0
2021-10-08,369.0
2021-10-09,223.0
2021-10-10,180.0
2021-10-11,239.0
2021-10-12,118.0
2021-10-13,-214.0
2021-10-14,323.0
2021-10-15,163.0
2021-10-16,47.0
2021-10-17,61.0
2021-10-18,145.0
2021-10-19,91.0
2021-10-20,292.0
2021-10-21,122.0
2021-10-22,186.0
2021-10-23,121.0
2021-10-24,1016.0
2021-10-25,15823.0
2021-10-26,2687.0
2021-10-27,2274.0
2021-10-28,1966.0
2021-10-29,1460.0
2021-10-30,1550.0
2021-10-31,1096.0
2021-11-01,1264.0
2021-11-02,1194.0
2021-11-03,929.0
2021-11-04,1012.0
2021-11-05,722.0
2021-11-06,870.0
2021-11-07,661.0
2021-11-08,569.0
2021-11-09,1812.0
2021-11-10,1273.0
2021-11-11,1181.0
2021-11-12,1202.0
2021-11-13,1026.0
2021-11-14,904.0
2021-11-15,850.0
2021-11-16,816.0
2021-11-17,661.0
2021-11-18,987.0
2021-11-19,612.0
2021-11-20,415.0
2021-11-21,550.0
2021-11-22,513.0
2021-11-23,483.0
2021-11-24,549.0
2021-11-25,593.0
2021-11-26,382.0
2021-11-27,508.0
2021-11-28,342.0
2021-11-29,313.0
2021-11-30,355.0
2021-12-01,570.0
2021-12-02,388.0
2021-12-03,464.0
2021-12-04,335.0
2021-12-05,356.0
2021-12-06,380.0
2021-12-07,484.0
2021-12-08,483.0
2021-12-09,905.0
2021-12-10,407.0
2021-12-11,535.0
2021-12-12,499.0
2021-12-13,1301.0
2021-12-14,2724.0
2021-12-15,1622.0
2021-12-16,1643.0
2021-12-17,1122.0
2021-12-18,1142.0
2021-12-19,978.0
2021-12-20,632.0
2021-12-21,1433.0
2021-12-22,1634.0
2021-12-23,8942.0
2021-12-24,8437.0
2021-12-25,4116.0
2021-12-26,3392.0
2021-12-27,2694.0
2021-12-28,2181.0
2021-12-29,2088.0
2021-12-30,1702.0
2021-12-31,1861.0
2022-01-01,1612.0
2022-01-02,1453.0
2022-01-03,1647.0
2022-01-04,1366.0
2022-01-05,1316.0
2022-01-06,1108.0
2022-01-07,513.0
2022-01-08,700.0
2022-01-09,706.0
2022-01-10,3851.0
2022-01-11,1287.0
2022-01-12,1264.0
2022-01-13,1459.0
2022-01-14,1352.0
2022-01-15,1382.0
2022-01-16,1315.0
2022-01-17,1264.0
2022-01-18,1253.0
2022-01-19,1358.0
2022-01-20,1217.0
2022-01-21,1130.0
2022-01-22,1108.0
2022-01-23,1095.0
2022-01-24,1127.0
2022-01-25,1171.0
2022-01-26,612.0
2022-01-27,1218.0
2022-01-28,1119.0
2022-01-29,1070.0
2022-01-30,993.0
2022-01-31,932.0
2022-02-01,1103.0
2022-02-02,967.0
2022-02-03,1154.0
2022-02-04,939.0
2022-02-05,956.0
2022-02-06,949.0
2022-02-07,1050.0
2022-02-08,993.0
2022-02-09,2202.0
2022-02-10,1365.0
2022-02-11,1583.0
2022-02-12,1600.0
2022-02-13,1882.0
2022-02-14,1743.0
2022-02-15,1606.0
2022-02-16,1322.0
2022-02-17,1376.0
2022-02-18,1239.0
2022-02-19,1459.0
2022-02-20,1327.0
2022-02-21,1182.0
2022-02-22,1439.0
2022-02-23,1124.0
2022-02-24,1076.0
2022-02-25,1082.0
2022-02-26,994.0
2022-02-27,1070.0
2022-02-28,1046.0
2022-03-01,1223.0
2022-03-02,1360.0
2022-03-03,1604.0
2022-03-04,1645.0
2022-03-05,1366.0
2022-03-06,1211.0
2022-03-07,1223.0
2022-03-08,1201.0
2022-03-09,1163.0
2022-03-10,1251.0
2022-03-11,1058.0
2022-03-12,1146.0
2022-03-13,1179.0
2022-03-14,1532.0
2022-03-15,1621.0
2022-03-16,1420.0
2022-03-17,1662.0
2022-03-18,1371.0
2022-03-19,1732.0
2022-03-20,1744.0
2022-03-21,1576.0
2022-03-22,2173.0
2022-03-23,2785.0
2022-03-24,3189.0
2022-03-25,3711.0
2022-03-26,3650.0
2022-03-27,3531.0
2022-03-28,3868.0
2022-03-29,3053.0
2022-03-30,2898.0
2022-03-31,2339.0
2022-04-01,2920.0
2022-04-02,3233.0
2022-04-03,3622.0
2022-04-04,3503.0
2022-04-05,3208.0
2022-04-06,3894.0
2022-04-07,4582.0
2022-04-08,4641.0
2022-04-09,4614.0
2022-04-10,4038.0
2022-04-11,3559.0
2022-04-12,3092.0
2022-04-13,2571.0
2022-04-14,2307.0
2022-04-15,2400.0
2022-04-16,2922.0
2022-04-17,3096.0
2022-04-18,2835.0
2022-04-19,2520.0
2022-04-20,2466.0
2022-04-21,2911.0
2022-04-22,2892.0
2022-04-23,2576.0
2022-04-24,2671.0
2022-04-25,2831.0
2022-04-26,2806.0
2022-04-27,2562.0
2022-04-28,2787.0
2022-04-29,2859.0
2022-04-30,2988.0
2022-05-01,3288.0
2022-05-02,3516.0
2022-05-03,3725.0
2022-05-04,3714.0
2022-05-05,4077.0
2022-05-06,4439.0
2022-05-07,4650.0
2022-05-08,3705.0
2022-05-09,2889.0
2022-05-10,2486.0
2022-05-11,2335.0
2022-05-12,2072.0
2022-05-13,1990.0
2022-05-14,2586.0
2022-05-15,3562.0
2022-05-16,4480.0
2022-05-17,4372.0
2022-05-18,4068.0
2022-05-19,4485.0
2022-05-20,4793.0
2022-05-21,3404.0
2022-05-22,3365.0
2022-05-23,3826.0
2022-05-24,3808.0
2022-05-25,3849.0
2022-05-26,3974.0
2022-05-27,3910.0
2022-05-28,3225.0
2022-05-29,2954.0
2022-05-30,2324.0
2022-05-31,2272.0
2022-06-01,2032.0
2022-06-02,2287.0
2022-06-03,2172.0
2022-06-04,2207.0
2022-06-05,2215.0
2022-06-06,2441.0
2022-06-07,2225.0
2022-06-08,2229.0
2022-06-09,2370.0
2022-06-10,2290.0
2022-06-11,2444.0
2022-06-12,2404.0
2022-06-13,2128.0
2022-06-14,1837.0
2022-06-15,1443.0
2022-06-16,1483.0
2022-06-17,1383.0
2022-06-18,1247.0
2022-06-19,1126.0
2022-06-20,910.0
2022-06-21,843.0
2022-06-22,969.0
2022-06-23,974.0
2022-06-24,936.0
2022-06-25,1083.0
2022-06-26,648.0
2022-06-27,1358.0
2022-06-28,976.0
2022-06-29,916.0
2022-06-30,914.0
2022-07-01,932.0
2022-07-02,610.0
2022-07-03,830.0
2022-07-04,735.0
2022-07-05,596.0
2022-07-06,657.0
2022-07-07,674.0
2022-07-08,912.0
2022-07-09,-354.0
2022-07-10,617.0
2022-07-11,566.0
2022-07-12,513.0
2022-07-13,245.0
2022-07-14,493.0
2022-07-15,436.0
2022-07-16,582.0
2022-07-17,499.0
2022-07-18,407.0
2022-07-19,384.0
2022-07-20,199.0
2022-07-21,414.0
2022-07-22,291.0
2022-07-23,285.0
2022-07-24,380.0
2022-07-25,115.0
2022-07-26,382.0
2022-07-27,252.0
2022-07-28,355.0
2022-07-29,255.0
2022-07-30,163.0
2022-07-31,245.0
2022-08-01,398.0
2022-08-02,454.0
2022-08-03,781.0
2022-08-04,1221.0
2022-08-05,3395.0
2022-08-06,2553.0
2022-08-07,861.0
2022-08-08,511.0
2022-08-09,1224.0
2022-08-10,635.0
2022-08-11,554.0
2022-08-12,361.0
2022-08-13,347.0
2022-08-14,283.0
2022-08-15,533.0
2022-08-16,231.0
2022-08-17,357.0
2022-08-18,389.0
2022-08-19,255.0
2022-08-20,229.0
2022-08-21,339.0
2022-08-22,306.0
2022-08-23,420.0
2022-08-24,356.0
2022-08-25,335.0
2022-08-26,104.0
2022-08-27,84.0
2022-08-28,294.0
2022-08-29,257.0
2022-08-30,115.0
2022-08-31,-8.0
2022-09-01,77.0
2022-09-02,38.0
2022-09-03,128.0
2022-09-04,271.0
2022-09-05,129.0
2022-09-06,-253.0
2022-09-07,-520.0
2022-09-08,90.0
2022-09-09,966.0
2022-09-10,252.0
2022-09-11,339.0
2022-09-12,206.0
2022-09-13,370.0
2022-09-14,569.0
2022-09-15,-3.0
2022-09-16,159.0
2022-09-17,212.0
2022-09-18,242.0
2022-09-19,176.0
2022-09-20,142.0
2022-09-21,464.0
2022-09-22,602.0
2022-09-23,301.0
2022-09-24,144.0
2022-09-25,270.0
2022-09-26,183.0
2022-09-27,197.0
2022-09-28,187.0
2022-09-29,298.0
2022-09-30,205.0
2022-10-01,28.0
2022-10-02,127.0
2022-10-03,174.0
2022-10-04,37.0
2022-10-05,285.0
2022-10-06,319.0
2022-10-07,308.0
2022-10-08,48.0
2022-10-09,276.0
2022-10-10,406.0
2022-10-11,97.0
2022-10-12,96.0
2022-10-13,-50.0
2022-10-14,454.0
2022-10-15,9.0
2022-10-16,222.0
2022-10-17,-27.0
2022-10-18,223.0
2022-10-19,67.0
2022-10-20,292.0
2022-10-21,242.0
2022-10-22,163.0
2022-10-23,138.0
2022-10-24,-132.0
2022-10-25,109.0
2022-10-26,6.0
2022-10-27,143.0
2022-10-28,153.0
2022-10-29,336.0
2022-10-30,129.0
2022-10-31,367.0
2022-11-01,354.0
2022-11-02,178.0
2022-11-03,189.0
2022-11-04,267.0
2022-11-05,281.0
2022-11-06,461.0
2022-11-07,1298.0
2022-11-08,1599.0
2022-11-09,802.0
2022-11-10,696.0
2022-11-11,584.0
2022-11-12,544.0
2022-11-13,546.0
2022-11-14,265.0
2022-11-15,502.0
2022-11-16,482.0
2022-11-17,480.0
2022-11-18,812.0
2022-11-19,-194.0
2022-11-20,1028.0
2022-11-21,90.0
2022-11-22,320.0
2022-11-23,396.0
2022-11-24,338.0
2022-11-25,484.0
2022-11-26,502.0
2022-11-27,439.0
2022-11-28,420.0
2022-11-29,167.0
2022-11-30,231.0
2022-12-01,982.0
2022-12-02,625.0
2022-12-03,1239.0
2022-12-04,3394.0
2022-12-05,1650.0
2022-12-06,1031.0
2022-12-07,877.0
2022-12-08,728.0
2022-12-09,732.0
2022-12-10,2172.0
2022-12-11,4566.0
2022-12-12,1520.0
2022-12-13,1328.0
2022-12-14,1614.0
2022-12-15,458.0
2022-12-16,611.0
2022-12-17,1032.0
2022-12-18,819.0
2022-12-19,658.0
2022-12-20,663.0
2022-12-21,627.0
2022-12-22,538.0
2022-12-23,379.0
2022-12-24,991.0
2022-12-25,892.0
2022-12-26,956.0
2022-12-27,5091.0
2022-12-28,3758.0
2022-12-29,2247.0
2022-12-30,3659.0
2022-12-31,35004.0
2023-01-01,11278.0
2023-01-02,5261.0
2023-01-03,3738.0
2023-01-04,3291.0
2023-01-05,8711.0
2023-01-06,5529.0
2023-01-07,3658.0
2023-01-08,3903.0
2023-01-09,29525.0
2023-01-10,23433.0
2023-01-11,7652.0
2023-01-12,7328.0
2023-01-13,6182.0
2023-01-14,8192.0
2023-01-15,9357.0
2023-01-16,8989.0
2023-01-17,6160.0
2023-01-18,3667.0
2023-01-19,4311.0
2023-01-20,3792.0
2023-01-21,4499.0
2023-01-22,3224.0
2023-01-23,2995.0
2023-01-24,3261.0
2023-01-25,2865.0
2023-01-26,2536.0
2023-01-27,2712.0
2023-01-28,2626.0
2023-01-29,2605.0
2023-01-30,2398.0
2023-01-31,2410.0
2023-02-01,2147.0
2023-02-02,2226.0
2023-02-03,2107.0
2023-02-04,2384.0
2023-02-05,3949.0
2023-02-06,2904.0
2023-02-07,2632.0
2023-02-08,2159.0
2023-02-09,2315.0
2023-02-10,2331.0
2023-02-11,2431.0
2023-02-12,2494.0
2023-02-13,2225.0
2023-02-14,1955.0
2023-02-15,2056.0
2023-02-16,2042.0
2023-02-17,2015.0
2023-02-18,1950.0
2023-02-19,1890.0
2023-02-20,1955.0
2023-02-21,1353.0
2023-02-22,3013.0
2023-02-23,2203.0
2023-02-24,2971.0
2023-02-25,4978.0
2023-02-26,3112.0
2023-02-27,4065.0
2023-02-28,3655.0
2023-03-01,4662.0
2023-03-02,1341.0
2023-03-03,6851.0
2023-03-04,4180.0
2023-03-05,2998.0
2023-03-06,3308.0
2023-03-07,2619.0
2023-03-08,1818.0
2023-03-09,4582.0
2023-03-10,30927.0
2023-03-11,28583.0
2023-03-12,16475.0
2023-03-13,9575.0
2023-03-14,17717.0
2023-03-15,21768.0
2023-03-16,12691.0
2023-03-17,9947.0
2023-03-18,8274.0
2023-03-19,8922.0
2023-03-20,9596.0
2023-03-21,9293.0
2023-03-22,7338.0
2023-03-23,6946.0
2023-03-24,5888.0
2023-03-25,4846.0
2023-03-26,5674.0
2023-03-27,4288.0
2023-03-28,5575.0
2023-03-29,6608.0
2023-03-30,6036.0
2023-03-31,5103.0
2023-04-01,4496.0
2023-04-02,4463.0
2023-04-03,4910.0
2023-04-04,4443.0
2023-04-05,4153.0
2023-04-06,4424.0
2023-04-07,4451.0
2023-04-08,4568.0
2023-04-09,5097.0
2023-04-10,6746.0
2023-04-11,8656.0
2023-04-12,9082.0
2023-04-13,8208.0
2023-04-14,8355.0
2023-04-15,7113.0
2023-04-16,8251.0
2023-04-17,9501.0
2023-04-18,8081.0
2023-04-19,7970.0
2023-04-20,7192.0
2023-04-21,8611.0
2023-04-22,9985.0
2023-04-23,12421.0
2023-04-24,12321.0
2023-04-25,14267.0
2023-04-26,13588.0
2023-04-27,14835.0
2023-04-28,15853.0
2023-04-29,17127.0
2023-04-30,17829.0
2023-05-01,17169.0
2023-05-02,14110.0
2023-05-03,10768.0
2023-05-04,9082.0
2023-05-05,7253.0
2023-05-06,7049.0
2023-05-07,7495.0
2023-05-08,7634.0
2023-05-09,8563.0
2023-05-10,8548.0
2023-05-11,9779.0
2023-05-12,12327.0
2023-05-13,13919.0
2023-05-14,16103.0
2023-05-15,17320.0
2023-05-16,17548.0
2023-05-17,18863.0
2023-05-18,20174.0
2023-05-19,18762.0
2023-05-20,24356.0
2023-05-21,21698.0
2023-05-22,21825.0
2023-05-23,22864.0
2023-05-24,21756.0
2023-05-25,19905.0
2023-05-26,17534.0
2023-05-27,17004.0
2023-05-28,17180.0
2023-05-29,17551.0
2023-05-30,18697.0
2023-05-31,16577.0
2023-06-01,16676.0
2023-06-02,17075.0
2023-06-03,17135.0
2023-06-04,18449.0
2023-06-05,17735.0
2023-06-06,19610.0
2023-06-07,14742.0
2023-06-08,14465.0
2023-06-09,14608.0
2023-06-10,14660.0
2023-06-11,14504.0
2023-06-12,13366.0
2023-06-13,13540.0
2023-06-14,16710.0
2023-06-15,17945.0
2023-06-16,18026.0
2023-06-17,17864.0
2023-06-18,17586.0
2023-06-19,18208.0
2023-06-20,15157.0
2023-06-21,13018.0
2023-06-22,12324.0
2023-06-23,11777.0
2023-06-24,11869.0
2023-06-25,11299.0
2023-06-26,12162.0
2023-06-27,12222.0
2023-06-28,11658.0
2023-06-29,12236.0
2023-06-30,13210.0
2023-07-01,14938.0
2023-07-02,16571.0
2023-07-03,17159.0
2023-07-04,16219.0
2023-07-05,16222.0
2023-07-06,14674.0
2023-07-07,13590.0
2023-07-08,13189.0
2023-07-09,12507.0
2023-07-10,11837.0
2023-07-11,10996.0
2023-07-12,10157.0
2023-07-13,9014.0
2023-07-14,9055.0
2023-07-15,9514.0
2023-07-16,9691.0
2023-07-17,10203.0
2023-07-18,10263.0
2023-07-19,10756.0
2023-07-20,9673.0
2023-07-21,8823.0
2023-07-22,8722.0
2023-07-23,7726.0
2023-07-24,6907.0
2023-07-25,6766.0
2023-07-26,6272.0
2023-07-27,5705.0
2023-07-28,5398.0
2023-07-29,4509.0
2023-07-30,4551.0
2023-07-31,4243.0
2023-08-01,4014.0
2023-08-02,4116.0
2023-08-03,3783.0
2023-08-04,3660.0
2023-08-05,2557.0
2023-08-06,3654.0
2023-08-07,2738.0
2023-08-08,2890.0
2023-08-09,2873.0
2023-08-10,2606.0
2023-08-11,2457.0
2023-08-12,3117.0
2023-08-13,2835.0
2023-08-14,3176.0
2023-08-15,2669.0
2023-08-16,2549.0
2023-08-17,2731.0
2023-08-18,2423.0
2023-08-19,2209.0
2023-08-20,2263.0
2023-08-21,4232.0
2023-08-22,3313.0
2023-08-23,2890.0
2023-08-24,2373.0
2023-08-25,2302.0
2023-08-26,1950.0
2023-08-27,2060.0
2023-08-28,1624.0
2023-08-29,1556.0
2023-08-30,1500.0
2023-08-31,1358.0
2023-09-01,715.0
2023-09-02,1540.0
2023-09-03,2441.0
2023-09-04,1941.0
2023-09-05,1600.0
2023-09-06,1442.0
2023-09-07,1528.0
2023-09-08,1031.0
2023-09-09,1172.0
2023-09-10,1606.0
2023-09-11,1692.0
2023-09-12,1439.0
2023-09-13,1273.0
2023-09-14,1105.0
2023-09-15,910.0
2023-09-16,1101.0
2023-09-17,1103.0
2023-09-18,916.0
2023-09-19,887.0
2023-09-20,1048.0
2023-09-21,785.0
2023-09-22,665.0
2023-09-23,744.0
2023-09-24,583.0
2023-09-25,605.0
2023-09-26,535.0
2023-09-27,1183.0
2023-09-28,502.0
2023-09-29,452.0
2023-09-30,608.0
2023-10-01,877.0
2023-10-02,972.0
2023-10-03,804.0
2023-10-04,829.0
2023-10-05,691.0
2023-10-06,1267.0
2023-10-07,134.0
2023-10-08,1089.0
2023-10-09,194.0
2023-10-10,867.0
2023-10-11,307.0
2023-10-12,420.0
2023-10-13,694.0
2023-10-14,512.0
2023-10-15,407.0
2023-10-16,546.0
2023-10-17,551.0
2023-10-18,763.0
2023-10-19,739.0
2023-10-20,462.0
2023-10-21,777.0
2023-10-22,623.0
2023-10-23,470.0
2023-10-24,537.0
2023-10-25,659.0
2023-10-26,540.0
2023-10-27,661.0
2023-10-28,515.0
2023-10-29,436.0
2023-10-30,17.0
2023-10-31,885.0
2023-11-01,642.0
2023-11-02,33.0
2023-11-03,615.0
2023-11-04,653.0
2023-11-05,441.0
2023-11-06,930.0
2023-11-07,979.0
2023-11-08,281.0
2023-11-09,574.0
2023-11-10,575.0
2023-11-11,508.0
2023-11-12,489.0
2023-11-13,470.0
2023-11-14,525.0
2023-11-15,549.0
2023-11-16,690.0
2023-11-17,727.0
2023-11-18,809.0
2023-11-19,1174.0
2023-11-20,611.0
2023-11-21,553.0
2023-11-22,686.0
2023-11-23,669.0
2023-11-24,577.0
2023-11-25,418.0
2023-11-26,429.0
2023-11-27,562.0
2023-11-28,320.0
2023-11-29,524.0
2023-11-30,384.0
2023-12-01,535.0
2023-12-02,440.0
2023-12-03,466.0
2023-12-04,528.0
2023-12-05,482.0
2023-12-06,-432.0
2023-12-07,1326.0
2023-12-08,130.0
2023-12-09,668.0
2023-12-10,345.0
2023-12-11,148.0
2023-12-12,350.0
2023-12-13,420.0
2023-12-14,451.0
2023-12-15,451.0
2023-12-16,674.0
2023-12-17,450.0
2023-12-18,579.0
2023-12-19,1841.0
2023-12-20,1041.0
2023-12-21,1039.0
2023-12-22,788.0
2023-12-23,579.0
2023-12-24,589.0
2023-12-25,529.0
2023-12-26,512.0
2023-12-27,604.0
2023-12-28,559.0
2023-12-29,582.0
2023-12-30,636.0
2023-12-31,522.0
2024-01-01,463.0
2024-01-02,664.0
2024-01-03,763.0
2024-01-04,580.0
2024-01-05,596.0
2024-01-06,628.0
2024-01-07,645.0
2024-01-08,444.0
2024-01-09,481.0
2024-01-10,819.0
2024-01-11,720.0
2024-01-12,567.0
2024-01-13,659.0
2024-01-14,730.0
2024-01-15,818.0
2024-01-16,723.0
2024-01-17,1093.0
2024-01-18,875.0
2024-01-19,780.0
2024-01-20,1232.0
2024-01-21,1296.0
2024-01-22,1491.0
2024-01-23,1114.0
2024-01-24,1032.0
2024-01-25,1279.0
2024-01-26,984.0
2024-01-27,905.0
2024-01-28,1071.0
2024-01-29,1151.0
2024-01-30,1091.0
2024-01-31,1112.0
2024-02-01,3080.0
2024-02-02,1988.0
2024-02-03,1594.0
2024-02-04,4133.0
2024-02-05,3756.0
2024-02-06,2631.0
2024-02-07,2675.0
2024-02-08,2195.0
2024-02-09,1771.0
2024-02-10,1544.0
2024-02-11,1508.0
2024-02-12,1006.0
2024-02-13,1333.0
2024-02-14,1791.0
2024-02-15,1526.0
2024-02-16,1406.0
2024-02-17,1401.0
2024-02-18,1537.0
2024-02-19,6886.0
2024-02-20,3696.0
2024-02-21,2992.0
2024-02-22,2350.0
2024-02-23,1910.0
2024-02-24,2127.0
2024-02-25,1741.0
2024-02-26,1701.0
2024-02-27,1478.0
2024-02-28,1628.0
2024-02-29,1541.0
2024-03-01,2927.0
2024-03-02,4451.0
2024-03-03,3266.0
2024-03-04,2519.0
2024-03-05,2302.0
2024-03-06,2084.0
2024-03-07,2002.0
2024-03-08,1907.0
2024-03-09,1888.0
2024-03-10,1797.0
2024-03-11,1863.0
2024-03-12,1395.0
2024-03-13,2509.0
2024-03-14,2002.0
2024-03-15,1914.0
2024-03-16,1854.0
2024-03-17,2137.0
2024-03-18,2485.0
2024-03-19,2854.0
2024-03-20,3355.0
2024-03-21,3504.0
2024-03-22,3637.0
2024-03-23,4397.0
2024-03-24,3352.0
2024-03-25,2659.0
2024-03-26,2491.0
2024-03-27,2411.0
2024-03-28,3602.0
2024-03-29,3282.0
2024-03-30,3708.0
2024-03-31,2973.0
2024-04-01,2644.0
2024-04-02,2879.0
2024-04-03,3442.0
2024-04-04,4613.0
2024-04-05,4053.0
2024-04-06,3400.0
2024-04-07,3354.0
2024-04-08,3147.0
2024-04-09,3163.0
2024-04-10,3842.0
2024-04-11,4805.0
2024-04-12,5448.0
2024-04-13,5497.0
2024-04-14,4898.0
2024-04-15,4109.0
2024-04-16,4463.0
2024-04-17,5824.0
2024-04-18,6420.0
2024-04-19,7254.0
2024-04-20,7798.0
2024-04-21,8436.0
2024-04-22,9202.0
2024-04-23,10021.0
2024-04-24,9466.0
2024-04-25,8459.0
2024-04-26,7832.0
2024-04-27,6545.0
2024-04-28,6906.0
2024-04-29,7479.0
2024-04-30,8166.0
2024-05-01,8490.0
2024-05-02,8548.0
2024-05-03,8094.0
2024-05-04,9167.0
2024-05-05,7694.0
2024-05-06,6293.0
2024-05-07,5751.0
2024-05-08,5839.0
2024-05-09,6030.0
2024-05-10,6624.0
2024-05-11,6889.0
2024-05-12,8147.0
2024-05-13,9327.0
2024-05-14,9806.0
2024-05-15,10816.0
2024-05-16,11311.0
2024-05-17,11399.0
2024-05-18,12127.0
2024-05-19,10874.0
2024-05-20,10965.0
2024-05-21,8471.0
2024-05-22,8688.0
2024-05-23,8517.0
2024-05-24,8123.0
2024-05-25,7628.0
2024-05-26,7567.0
2024-05-27,7986.0
2024-05-28,8793.0
2024-05-29,8593.0
2024-05-30,8774.0
2024-05-31,8875.0
2024-06-01,8354.0
2024-06-02,8137.0
2024-06-03,7843.0
2024-06-04,7692.0
2024-06-05,8023.0
2024-06-06,8299.0
2024-06-07,8631.0
2024-06-08,7820.0
2024-06-09,7151.0
2024-06-10,7062.0
2024-06-11,6986.0
2024-06-12,6343.0
2024-06-13,6331.0
2024-06-14,5403.0
2024-06-15,4762.0
2024-06-16,4295.0
2024-06-17,3949.0
2024-06-18,3282.0
2024-06-19,3145.0
2024-06-20,2648.0
2024-06-21,2525.0
2024-06-22,3066.0
2024-06-23,3057.0
2024-06-24,3880.0
2024-06-25,3792.0
2024-06-26,3197.0
2024-06-27,3182.0
2024-06-28,2380.0
2024-06-29,2240.0
2024-06-30,2294.0
2024-07-01,2143.0
2024-07-02,2134.0
2024-07-03,2008.0
2024-07-04,1668.0
2024-07-05,1680.0
2024-07-06,1535.0
2024-07-07,2076.0
2024-07-08,1783.0
2024-07-09,2534.0
2024-07-10,531.0
2024-07-11,1495.0
2024-07-12,1052.0
2024-07-13,955.0
2024-07-14,1421.0
2024-07-15,1599.0
2024-07-16,1405.0
2024-07-17,1303.0
2024-07-18,1196.0
2024-07-19,1057.0
2024-07-20,676.0
2024-07-21,1456.0
2024-07-22,1202.0
2024-07-23,1070.0
2024-07-24,1429.0
2024-07-25,1710.0
2024-07-26,1334.0
2024-07-27,494.0
2024-07-28,1034.0
2024-07-29,577.0
2024-07-30,881.0
2024-07-31,265.0
2024-08-01,506.0
2024-08-02,531.0
2024-08-03,971.0
2024-08-04,940.0
2024-08-05,421.0
2024-08-06,1147.0
2024-08-07,37.0
2024-08-08,652.0
2024-08-09,204.0
2024-08-10,532.0
2024-08-11,504.0
2024-08-12,454.0
2024-08-13,701.0
2024-08-14,732.0
2024-08-15,78.0
2024-08-16,160.0
2024-08-17,612.0
2024-08-18,301.0
2024-08-19,134.0
2024-08-20,425.0
2024-08-21,341.0
2024-08-22,420.0
2024-08-23,454.0
2024-08-24,230.0
2024-08-25,276.0
2024-08-26,249.0
2024-08-27,318.0
2024-08-28,131.0
2024-08-29,511.0
2024-08-30,218.0
2024-08-31,159.0
2024-09-01,214.0
2024-09-02,319.0
2024-09-03,209.0
2024-09-04,158.0
2024-09-05,185.0
2024-09-06,47.0
2024-09-07,194.0
2024-09-08,237.0
2024-09-09,301.0
2024-09-10,-9.0
2024-09-11,397.0
2024-09-12,40.0
2024-09-13,91.0
2024-09-14,107.0
2024-09-15,525.0
2024-09-16,-240.0
2024-09-17,187.0
2024-09-18,311.0
2024-09-19,39.0
2024-09-20,150.0
2024-09-21,418.0
2024-09-22,225.0
2024-09-23,340.0
2024-09-24,15.0
2024-09-25,248.0
2024-09-26,-4.0
2024-09-27,334.0
2024-09-28,269.0
2024-09-29,300.0
2024-09-30,-67.0
2024-10-01,-274.0
2024-10-02,334.0
2024-10-03,157.0
2024-10-04,15.0
2024-10-05,230.0
2024-10-06,-36.0
2024-10-07,94.0
2024-10-08,485.0
2024-10-09,522.0
2024-10-10,86.0
2024-10-11,-62.0
2024-10-12,99.0
2024-10-13,246.0
2024-10-14,226.0
2024-10-15,-146.0
2024-10-16,219.0
2024-10-17,95.0
2024-10-18,-121.0
2024-10-19,80.0
2024-10-20,153.0
2024-10-21,382.0
2024-10-22,321.0
2024-10-23,-80.0
2024-10-24,-429.0
2024-10-25,-54.0
2024-10-26,598.0
2024-10-27,18.0
2024-10-28,301.0
2024-10-29,115.0
2024-10-30,-15.0
2024-10-31,132.0
2024-11-01,-46.0
2024-11-02,63.0
2024-11-03,-42.0
2024-11-04,554.0
2024-11-05,475.0
2024-11-06,124.0
2024-11-07,127.0
2024-11-08,219.0
2024-11-09,210.0
2024-11-10,158.0
2024-11-11,268.0
2024-11-12,295.0
2024-11-13,169.0
2024-11-14,184.0
2024-11-15,124.0
2024-11-16,335.0
2024-11-17,242.0
2024-11-18,45.0
2024-11-19,343.0
2024-11-20,262.0
2024-11-21,322.0
2024-11-22,-14.0
2024-11-23,983.0
2024-11-24,598.0
2024-11-25,720.0
2024-11-26,2600.0
2024-11-27,647.0
2024-11-28,784.0
2024-11-29,413.0
2024-11-30,508.0
2024-12-01,472.0
2024-12-02,381.0
2024-12-03,653.0
2024-12-04,466.0
2024-12-05,375.0
2024-12-06,422.0
2024-12-07,418.0
2024-12-08,605.0
2024-12-09,186.0
2024-12-10,354.0
2024-12-11,-17.0
2024-12-12,828.0
2024-12-13,442.0
2024-12-14,646.0
2024-12-15,435.0
2024-12-16,208.0
2024-12-17,434.0
2024-12-18,468.0
2024-12-19,426.0
2024-12-20,498.0
2024-12-21,323.0
2024-12-22,778.0
2024-12-23,737.0
2024-12-24,886.0
2024-12-25,823.0
2024-12-26,715.0
2024-12-27,1115.0
2024-12-28,885.0
2024-12-29,1090.0
2024-12-30,894.0
2024-12-31,887.0
2025-01-01,701.0
2025-01-02,
