DATE TIME,NTP
2015-01-05,63.0
2015-01-06,68.0
2015-01-07,68.0
2015-01-08,65.0
2015-01-09,57.0
2015-01-10,57.0
2015-01-11,54.0
2015-01-12,50.0
2015-01-13,55.0
2015-01-14,53.0
2015-01-15,60.0
2015-01-16,61.0
2015-01-17,63.0
2015-01-18,66.0
2015-01-19,62.0
2015-01-20,55.0
2015-01-21,61.0
2015-01-22,58.0
2015-01-23,63.0
2015-01-24,69.0
2015-01-25,75.0
2015-01-26,64.0
2015-01-27,44.0
2015-01-28,58.0
2015-01-29,58.0
2015-01-30,56.0
2015-01-31,60.0
2015-02-01,64.0
2015-02-02,64.0
2015-02-03,66.0
2015-02-04,68.0
2015-02-05,65.0
2015-02-06,63.0
2015-02-07,50.0
2015-02-08,50.0
2015-02-09,56.0
2015-02-10,57.0
2015-02-11,65.0
2015-02-12,66.0
2015-02-13,71.0
2015-02-14,70.0
2015-02-15,70.0
2015-02-16,69.0
2015-02-17,67.0
2015-02-18,69.0
2015-02-19,68.0
2015-02-20,62.0
2015-02-21,63.0
2015-02-22,40.0
2015-02-23,42.0
2015-02-24,52.0
2015-02-25,59.0
2015-02-26,56.0
2015-02-27,52.0
2015-02-28,40.0
2015-03-01,48.0
2015-03-02,41.0
2015-03-03,49.0
2015-03-04,52.0
2015-03-05,61.0
2015-03-06,66.0
2015-03-07,69.0
2015-03-08,68.0
2015-03-09,68.0
2015-03-10,69.0
2015-03-11,52.0
2015-03-12,66.0
2015-03-13,72.0
2015-03-14,72.0
2015-03-15,72.0
2015-03-16,69.0
2015-03-17,63.0
2015-03-18,61.0
2015-03-19,73.0
2015-03-20,70.0
2015-03-21,66.0
2015-03-22,62.0
2015-03-23,57.0
2015-03-24,58.0
2015-03-25,66.0
2015-03-26,78.0
2015-03-27,76.0
2015-03-28,74.0
2015-03-29,73.0
2015-03-30,76.0
2015-03-31,68.0
2015-04-01,61.0
2015-04-02,59.0
2015-04-03,64.0
2015-04-04,64.0
2015-04-05,53.0
2015-04-06,49.0
2015-04-07,37.0
2015-04-08,50.0
2015-04-09,55.0
2015-04-10,63.0
2015-04-11,66.0
2015-04-12,72.0
2015-04-13,73.0
2015-04-14,58.0
2015-04-15,60.0
2015-04-16,70.0
2015-04-17,71.0
2015-04-18,71.0
2015-04-19,76.0
2015-04-20,71.0
2015-04-21,65.0
2015-04-22,57.0
2015-04-23,59.0
2015-04-24,53.0
2015-04-25,46.0
2015-04-26,58.0
2015-04-27,70.0
2015-04-28,76.0
2015-04-29,75.0
2015-04-30,76.0
2015-05-01,77.0
2015-05-02,74.0
2015-05-03,70.0
2015-05-04,70.0
2015-05-05,69.0
2015-05-06,64.0
2015-05-07,48.0
2015-05-08,43.0
2015-05-09,64.0
2015-05-10,70.0
2015-05-11,66.0
2015-05-12,60.0
2015-05-13,58.0
2015-05-14,46.0
2015-05-15,54.0
2015-05-16,63.0
2015-05-17,60.0
2015-05-18,57.0
2015-05-19,62.0
2015-05-20,64.0
2015-05-21,57.0
2015-05-22,53.0
2015-05-23,56.0
2015-05-24,70.0
2015-05-25,72.0
2015-05-26,73.0
2015-05-27,77.0
2015-05-28,77.0
2015-05-29,82.0
2015-05-30,84.0
2015-05-31,84.0
2015-06-01,71.0
2015-06-02,75.0
2015-06-03,72.0
2015-06-04,69.0
2015-06-05,70.0
2015-06-06,75.0
2015-06-07,83.0
2015-06-08,89.0
2015-06-09,86.0
2015-06-10,70.0
2015-06-11,79.0
2015-06-12,84.0
2015-06-13,92.0
2015-06-14,88.0
2015-06-15,86.0
2015-06-16,85.0
2015-06-17,90.0
2015-06-18,88.0
2015-06-19,88.0
2015-06-20,91.0
2015-06-21,85.0
2015-06-22,86.0
2015-06-23,84.0
2015-06-24,88.0
2015-06-25,94.0
2015-06-26,93.0
2015-06-27,90.0
2015-06-28,84.0
2015-06-29,90.0
2015-06-30,96.0
2015-07-01,88.0
2015-07-02,87.0
2015-07-03,87.0
2015-07-04,89.0
2015-07-05,87.0
2015-07-06,86.0
2015-07-07,82.0
2015-07-08,78.0
2015-07-09,68.0
2015-07-10,65.0
2015-07-11,76.0
2015-07-12,78.0
2015-07-13,82.0
2015-07-14,82.0
2015-07-15,83.0
2015-07-16,84.0
2015-07-17,87.0
2015-07-18,85.0
2015-07-19,80.0
2015-07-20,80.0
2015-07-21,81.0
2015-07-22,79.0
2015-07-23,79.0
2015-07-24,80.0
2015-07-25,82.0
2015-07-26,81.0
2015-07-27,83.0
2015-07-28,89.0
2015-07-29,93.0
2015-07-30,90.0
2015-07-31,88.0
2015-08-01,87.0
2015-08-02,87.0
2015-08-03,85.0
2015-08-04,79.0
2015-08-05,83.0
2015-08-06,84.0
2015-08-07,79.0
2015-08-08,81.0
2015-08-09,86.0
2015-08-10,83.0
2015-08-11,82.0
2015-08-12,86.0
2015-08-13,88.0
2015-08-14,87.0
2015-08-15,91.0
2015-08-16,94.0
2015-08-17,95.0
2015-08-18,93.0
2015-08-19,93.0
2015-08-20,88.0
2015-08-21,86.0
2015-08-22,85.0
2015-08-23,84.0
2015-08-24,91.0
2015-08-25,90.0
2015-08-26,92.0
2015-08-27,90.0
2015-08-28,90.0
2015-08-29,84.0
2015-08-30,81.0
2015-08-31,82.0
2015-09-01,83.0
2015-09-02,81.0
2015-09-03,76.0
2015-09-04,73.0
2015-09-05,74.0
2015-09-06,79.0
2015-09-07,82.0
2015-09-08,88.0
2015-09-09,92.0
2015-09-10,91.0
2015-09-11,94.0
2015-09-12,90.0
2015-09-13,80.0
2015-09-14,68.0
2015-09-15,65.0
2015-09-16,63.0
2015-09-17,69.0
2015-09-18,79.0
2015-09-19,83.0
2015-09-20,90.0
2015-09-21,90.0
2015-09-22,85.0
2015-09-23,83.0
2015-09-24,88.0
2015-09-25,87.0
2015-09-26,85.0
2015-09-27,80.0
2015-09-28,74.0
2015-09-29,74.0
2015-09-30,71.0
2015-10-01,62.0
2015-10-02,71.0
2015-10-03,71.0
2015-10-04,66.0
2015-10-05,67.0
2015-10-06,70.0
2015-10-07,76.0
2015-10-08,80.0
2015-10-09,89.0
2015-10-10,85.0
2015-10-11,84.0
2015-10-12,84.0
2015-10-13,84.0
2015-10-14,79.0
2015-10-15,72.0
2015-10-16,74.0
2015-10-17,61.0
2015-10-18,58.0
2015-10-19,58.0
2015-10-20,67.0
2015-10-21,68.0
2015-10-22,68.0
2015-10-23,71.0
2015-10-24,70.0
2015-10-25,68.0
2015-10-26,73.0
2015-10-27,66.0
2015-10-28,58.0
2015-10-29,63.0
2015-10-30,71.0
2015-10-31,76.0
2015-11-01,70.0
2015-11-02,50.0
2015-11-03,45.0
2015-11-04,46.0
2015-11-05,48.0
2015-11-06,56.0
2015-11-07,61.0
2015-11-08,60.0
2015-11-09,43.0
2015-11-10,42.0
2015-11-11,49.0
2015-11-12,59.0
2015-11-13,63.0
2015-11-14,61.0
2015-11-15,41.0
2015-11-16,43.0
2015-11-17,50.0
2015-11-18,54.0
2015-11-19,65.0
2015-11-20,66.0
2015-11-21,66.0
2015-11-22,66.0
2015-11-23,61.0
2015-11-24,52.0
2015-11-25,32.0
2015-11-26,38.0
2015-11-27,40.0
2015-11-28,41.0
2015-11-29,43.0
2015-11-30,47.0
2015-12-01,52.0
2015-12-02,55.0
2015-12-03,55.0
2015-12-04,49.0
2015-12-05,56.0
2015-12-06,58.0
2015-12-07,59.0
2015-12-08,62.0
2015-12-09,64.0
2015-12-10,50.0
2015-12-11,35.0
2015-12-12,41.0
2015-12-13,39.0
2015-12-14,37.0
2015-12-15,41.0
2015-12-16,40.0
2015-12-17,48.0
2015-12-18,55.0
2015-12-19,41.0
2015-12-20,39.0
2015-12-21,41.0
2015-12-22,45.0
2015-12-23,41.0
2015-12-24,32.0
2015-12-25,32.0
2015-12-26,41.0
2015-12-27,46.0
2015-12-28,32.0
2015-12-29,38.0
2015-12-30,42.0
2015-12-31,42.0
2016-01-01,41.0
2016-01-02,44.0
2016-01-03,56.0
2016-01-04,46.0
2016-01-05,35.0
2016-01-06,34.0
2016-01-07,38.0
2016-01-08,42.0
2016-01-09,40.0
2016-01-10,46.0
2016-01-11,46.0
2016-01-12,55.0
2016-01-13,43.0
2016-01-14,49.0
2016-01-15,45.0
2016-01-16,53.0
2016-01-17,52.0
2016-01-18,46.0
2016-01-19,38.0
2016-01-20,53.0
2016-01-21,59.0
2016-01-22,44.0
2016-01-23,40.0
2016-01-24,49.0
2016-01-25,51.0
2016-01-26,52.0
2016-01-27,56.0
2016-01-28,62.0
2016-01-29,55.0
2016-01-30,48.0
2016-01-31,34.0
2016-02-01,37.0
2016-02-02,42.0
2016-02-03,44.0
2016-02-04,50.0
2016-02-05,56.0
2016-02-06,59.0
2016-02-07,69.0
2016-02-08,75.0
2016-02-09,72.0
2016-02-10,69.0
2016-02-11,70.0
2016-02-12,68.0
2016-02-13,68.0
2016-02-14,66.0
2016-02-15,68.0
2016-02-16,72.0
2016-02-17,49.0
2016-02-18,44.0
2016-02-19,53.0
2016-02-20,60.0
2016-02-21,61.0
2016-02-22,61.0
2016-02-23,66.0
2016-02-24,65.0
2016-02-25,66.0
2016-02-26,68.0
2016-02-27,65.0
2016-02-28,63.0
2016-02-29,67.0
2016-03-01,70.0
2016-03-02,65.0
2016-03-03,63.0
2016-03-04,61.0
2016-03-05,47.0
2016-03-06,44.0
2016-03-07,37.0
2016-03-08,49.0
2016-03-09,61.0
2016-03-10,64.0
2016-03-11,49.0
2016-03-12,46.0
2016-03-13,41.0
2016-03-14,55.0
2016-03-15,60.0
2016-03-16,67.0
2016-03-17,69.0
2016-03-18,68.0
2016-03-19,65.0
2016-03-20,64.0
2016-03-21,52.0
2016-03-22,50.0
2016-03-23,55.0
2016-03-24,60.0
2016-03-25,62.0
2016-03-26,60.0
2016-03-27,62.0
2016-03-28,46.0
2016-03-29,46.0
2016-03-30,50.0
2016-03-31,56.0
2016-04-01,63.0
2016-04-02,68.0
2016-04-03,67.0
2016-04-04,70.0
2016-04-05,71.0
2016-04-06,79.0
2016-04-07,70.0
2016-04-08,64.0
2016-04-09,47.0
2016-04-10,55.0
2016-04-11,58.0
2016-04-12,61.0
2016-04-13,57.0
2016-04-14,58.0
2016-04-15,58.0
2016-04-16,68.0
2016-04-17,72.0
2016-04-18,73.0
2016-04-19,73.0
2016-04-20,67.0
2016-04-21,70.0
2016-04-22,55.0
2016-04-23,55.0
2016-04-24,54.0
2016-04-25,45.0
2016-04-26,56.0
2016-04-27,54.0
2016-04-28,53.0
2016-04-29,64.0
2016-04-30,64.0
2016-05-01,63.0
2016-05-02,67.0
2016-05-03,70.0
2016-05-04,67.0
2016-05-05,55.0
2016-05-06,55.0
2016-05-07,52.0
2016-05-08,55.0
2016-05-09,66.0
2016-05-10,70.0
2016-05-11,75.0
2016-05-12,79.0
2016-05-13,80.0
2016-05-14,66.0
2016-05-15,68.0
2016-05-16,70.0
2016-05-17,74.0
2016-05-18,77.0
2016-05-19,73.0
2016-05-20,55.0
2016-05-21,53.0
2016-05-22,61.0
2016-05-23,60.0
2016-05-24,57.0
2016-05-25,64.0
2016-05-26,66.0
2016-05-27,72.0
2016-05-28,73.0
2016-05-29,76.0
2016-05-30,82.0
2016-05-31,84.0
2016-06-01,85.0
2016-06-02,86.0
2016-06-03,88.0
2016-06-04,88.0
2016-06-05,87.0
2016-06-06,86.0
2016-06-07,88.0
2016-06-08,85.0
2016-06-09,80.0
2016-06-10,76.0
2016-06-11,74.0
2016-06-12,64.0
2016-06-13,76.0
2016-06-14,72.0
2016-06-15,63.0
2016-06-16,66.0
2016-06-17,71.0
2016-06-18,75.0
2016-06-19,85.0
2016-06-20,89.0
2016-06-21,91.0
2016-06-22,89.0
2016-06-23,86.0
2016-06-24,85.0
2016-06-25,87.0
2016-06-26,89.0
2016-06-27,94.0
2016-06-28,95.0
2016-06-29,94.0
2016-06-30,92.0
2016-07-01,88.0
2016-07-02,88.0
2016-07-03,87.0
2016-07-04,86.0
2016-07-05,83.0
2016-07-06,84.0
2016-07-07,80.0
2016-07-08,81.0
2016-07-09,82.0
2016-07-10,75.0
2016-07-11,80.0
2016-07-12,85.0
2016-07-13,86.0
2016-07-14,90.0
2016-07-15,91.0
2016-07-16,88.0
2016-07-17,85.0
2016-07-18,82.0
2016-07-19,84.0
2016-07-20,86.0
2016-07-21,88.0
2016-07-22,93.0
2016-07-23,93.0
2016-07-24,95.0
2016-07-25,93.0
2016-07-26,95.0
2016-07-27,98.0
2016-07-28,97.0
2016-07-29,96.0
2016-07-30,94.0
2016-07-31,91.0
2016-08-01,91.0
2016-08-02,90.0
2016-08-03,93.0
2016-08-04,88.0
2016-08-05,86.0
2016-08-06,83.0
2016-08-07,84.0
2016-08-08,87.0
2016-08-09,83.0
2016-08-10,83.0
2016-08-11,86.0
2016-08-12,88.0
2016-08-13,93.0
2016-08-14,92.0
2016-08-15,89.0
2016-08-16,89.0
2016-08-17,89.0
2016-08-18,89.0
2016-08-19,88.0
2016-08-20,88.0
2016-08-21,86.0
2016-08-22,84.0
2016-08-23,86.0
2016-08-24,90.0
2016-08-25,85.0
2016-08-26,84.0
2016-08-27,82.0
2016-08-28,87.0
2016-08-29,88.0
2016-08-30,88.0
2016-08-31,85.0
2016-09-01,82.0
2016-09-02,81.0
2016-09-03,74.0
2016-09-04,69.0
2016-09-05,74.0
2016-09-06,81.0
2016-09-07,84.0
2016-09-08,85.0
2016-09-09,86.0
2016-09-10,88.0
2016-09-11,80.0
2016-09-12,74.0
2016-09-13,59.0
2016-09-14,70.0
2016-09-15,75.0
2016-09-16,80.0
2016-09-17,84.0
2016-09-18,85.0
2016-09-19,88.0
2016-09-20,82.0
2016-09-21,71.0
2016-09-22,59.0
2016-09-23,67.0
2016-09-24,74.0
2016-09-25,84.0
2016-09-26,85.0
2016-09-27,82.0
2016-09-28,82.0
2016-09-29,77.0
2016-09-30,76.0
2016-10-01,69.0
2016-10-02,60.0
2016-10-03,51.0
2016-10-04,62.0
2016-10-05,63.0
2016-10-06,66.0
2016-10-07,72.0
2016-10-08,78.0
2016-10-09,78.0
2016-10-10,74.0
2016-10-11,70.0
2016-10-12,66.0
2016-10-13,72.0
2016-10-14,64.0
2016-10-15,63.0
2016-10-16,51.0
2016-10-17,57.0
2016-10-18,60.0
2016-10-19,66.0
2016-10-20,74.0
2016-10-21,74.0
2016-10-22,71.0
2016-10-23,70.0
2016-10-24,59.0
2016-10-25,62.0
2016-10-26,69.0
2016-10-27,66.0
2016-10-28,54.0
2016-10-29,62.0
2016-10-30,52.0
2016-10-31,56.0
2016-11-01,50.0
2016-11-02,61.0
2016-11-03,68.0
2016-11-04,70.0
2016-11-05,68.0
2016-11-06,61.0
2016-11-07,68.0
2016-11-08,74.0
2016-11-09,72.0
2016-11-10,78.0
2016-11-11,69.0
2016-11-12,67.0
2016-11-13,69.0
2016-11-14,72.0
2016-11-15,70.0
2016-11-16,46.0
2016-11-17,47.0
2016-11-18,58.0
2016-11-19,59.0
2016-11-20,55.0
2016-11-21,47.0
2016-11-22,54.0
2016-11-23,47.0
2016-11-24,58.0
2016-11-25,58.0
2016-11-26,48.0
2016-11-27,37.0
2016-11-28,40.0
2016-11-29,46.0
2016-11-30,49.0
2016-12-01,50.0
2016-12-02,43.0
2016-12-03,60.0
2016-12-04,65.0
2016-12-05,52.0
2016-12-06,46.0
2016-12-07,44.0
2016-12-08,46.0
2016-12-09,55.0
2016-12-10,50.0
2016-12-11,55.0
2016-12-12,52.0
2016-12-13,49.0
2016-12-14,60.0
2016-12-15,46.0
2016-12-16,44.0
2016-12-17,37.0
2016-12-18,47.0
2016-12-19,57.0
2016-12-20,63.0
2016-12-21,59.0
2016-12-22,52.0
2016-12-23,41.0
2016-12-24,36.0
2016-12-25,37.0
2016-12-26,49.0
2016-12-27,62.0
2016-12-28,64.0
2016-12-29,67.0
2016-12-30,52.0
2016-12-31,48.0
2017-01-01,45.0
2017-01-02,33.0
2017-01-03,36.0
2017-01-04,43.0
2017-01-05,43.0
2017-01-06,48.0
2017-01-07,45.0
2017-01-08,52.0
2017-01-09,46.0
2017-01-10,41.0
2017-01-11,40.0
2017-01-12,35.0
2017-01-13,49.0
2017-01-14,57.0
2017-01-15,56.0
2017-01-16,57.0
2017-01-17,51.0
2017-01-18,47.0
2017-01-19,40.0
2017-01-20,33.0
2017-01-21,35.0
2017-01-22,38.0
2017-01-23,33.0
2017-01-24,39.0
2017-01-25,41.0
2017-01-26,42.0
2017-01-27,50.0
2017-01-28,59.0
2017-01-29,64.0
2017-01-30,71.0
2017-01-31,67.0
2017-02-01,58.0
2017-02-02,50.0
2017-02-03,
2017-02-04,54.0
2017-02-05,48.0
2017-02-06,43.0
2017-02-07,47.0
2017-02-08,48.0
2017-02-09,52.0
2017-02-10,40.0
2017-02-11,50.0
2017-02-12,58.0
2017-02-13,59.0
2017-02-14,68.0
2017-02-15,65.0
2017-02-16,48.0
2017-02-17,37.0
2017-02-18,47.0
2017-02-19,50.0
2017-02-20,44.0
2017-02-21,43.0
2017-02-22,45.0
2017-02-23,36.0
2017-02-24,40.0
2017-02-25,43.0
2017-02-26,43.0
2017-02-27,36.0
2017-02-28,44.0
2017-03-01,52.0
2017-03-02,61.0
2017-03-03,61.0
2017-03-04,53.0
2017-03-05,39.0
2017-03-06,41.0
2017-03-07,57.0
2017-03-08,63.0
2017-03-09,68.0
2017-03-10,65.0
2017-03-11,66.0
2017-03-12,69.0
2017-03-13,74.0
2017-03-14,73.0
2017-03-15,68.0
2017-03-16,66.0
2017-03-17,72.0
2017-03-18,65.0
2017-03-19,65.0
2017-03-20,61.0
2017-03-21,49.0
2017-03-22,43.0
2017-03-23,50.0
2017-03-24,46.0
2017-03-25,50.0
2017-03-26,49.0
2017-03-27,51.0
2017-03-28,56.0
2017-03-29,65.0
2017-03-30,48.0
2017-03-31,56.0
2017-04-01,64.0
2017-04-02,65.0
2017-04-03,61.0
2017-04-04,66.0
2017-04-05,68.0
2017-04-06,60.0
2017-04-07,44.0
2017-04-08,43.0
2017-04-09,50.0
2017-04-10,57.0
2017-04-11,53.0
2017-04-12,61.0
2017-04-13,47.0
2017-04-14,51.0
2017-04-15,65.0
2017-04-16,64.0
2017-04-17,54.0
2017-04-18,47.0
2017-04-19,57.0
2017-04-20,59.0
2017-04-21,65.0
2017-04-22,69.0
2017-04-23,60.0
2017-04-24,55.0
2017-04-25,59.0
2017-04-26,59.0
2017-04-27,63.0
2017-04-28,60.0
2017-04-29,66.0
2017-04-30,68.0
2017-05-01,75.0
2017-05-02,75.0
2017-05-03,79.0
2017-05-04,82.0
2017-05-05,70.0
2017-05-06,51.0
2017-05-07,59.0
2017-05-08,64.0
2017-05-09,70.0
2017-05-10,68.0
2017-05-11,67.0
2017-05-12,52.0
2017-05-13,56.0
2017-05-14,55.0
2017-05-15,51.0
2017-05-16,51.0
2017-05-17,59.0
2017-05-18,64.0
2017-05-19,72.0
2017-05-20,76.0
2017-05-21,79.0
2017-05-22,82.0
2017-05-23,84.0
2017-05-24,79.0
2017-05-25,68.0
2017-05-26,60.0
2017-05-27,71.0
2017-05-28,79.0
2017-05-29,78.0
2017-05-30,76.0
2017-05-31,60.0
2017-06-01,69.0
2017-06-02,80.0
2017-06-03,81.0
2017-06-04,79.0
2017-06-05,80.0
2017-06-06,82.0
2017-06-07,78.0
2017-06-08,69.0
2017-06-09,66.0
2017-06-10,61.0
2017-06-11,49.0
2017-06-12,56.0
2017-06-13,68.0
2017-06-14,77.0
2017-06-15,79.0
2017-06-16,84.0
2017-06-17,86.0
2017-06-18,94.0
2017-06-19,94.0
2017-06-20,93.0
2017-06-21,88.0
2017-06-22,94.0
2017-06-23,93.0
2017-06-24,90.0
2017-06-25,88.0
2017-06-26,85.0
2017-06-27,82.0
2017-06-28,82.0
2017-06-29,84.0
2017-06-30,86.0
2017-07-01,83.0
2017-07-02,82.0
2017-07-03,84.0
2017-07-04,87.0
2017-07-05,89.0
2017-07-06,93.0
2017-07-07,91.0
2017-07-08,91.0
2017-07-09,93.0
2017-07-10,90.0
2017-07-11,88.0
2017-07-12,87.0
2017-07-13,87.0
2017-07-14,87.0
2017-07-15,91.0
2017-07-16,91.0
2017-07-17,89.0
2017-07-18,87.0
2017-07-19,85.0
2017-07-20,82.0
2017-07-21,84.0
2017-07-22,88.0
2017-07-23,92.0
2017-07-24,88.0
2017-07-25,84.0
2017-07-26,86.0
2017-07-27,88.0
2017-07-28,88.0
2017-07-29,87.0
2017-07-30,90.0
2017-07-31,93.0
2017-08-01,94.0
2017-08-02,89.0
2017-08-03,87.0
2017-08-04,81.0
2017-08-05,84.0
2017-08-06,85.0
2017-08-07,83.0
2017-08-08,84.0
2017-08-09,84.0
2017-08-10,86.0
2017-08-11,86.0
2017-08-12,86.0
2017-08-13,83.0
2017-08-14,77.0
2017-08-15,75.0
2017-08-16,77.0
2017-08-17,87.0
2017-08-18,84.0
2017-08-19,85.0
2017-08-20,85.0
2017-08-21,81.0
2017-08-22,84.0
2017-08-23,85.0
2017-08-24,84.0
2017-08-25,88.0
2017-08-26,91.0
2017-08-27,93.0
2017-08-28,96.0
2017-08-29,94.0
2017-08-30,91.0
2017-08-31,89.0
2017-09-01,90.0
2017-09-02,95.0
2017-09-03,89.0
2017-09-04,87.0
2017-09-05,83.0
2017-09-06,80.0
2017-09-07,80.0
2017-09-08,77.0
2017-09-09,78.0
2017-09-10,85.0
2017-09-11,84.0
2017-09-12,82.0
2017-09-13,78.0
2017-09-14,69.0
2017-09-15,70.0
2017-09-16,76.0
2017-09-17,76.0
2017-09-18,75.0
2017-09-19,70.0
2017-09-20,69.0
2017-09-21,
2017-09-22,
2017-09-23,
2017-09-24,
2017-09-25,
2017-09-26,
2017-09-27,
2017-09-28,
2017-09-29,
2017-09-30,
2017-10-01,
2017-10-02,
2017-10-03,
2017-10-04,
2017-10-05,
2017-10-06,
2017-10-07,
2017-10-08,
2017-10-09,
2017-10-10,
2017-10-11,
2017-10-12,
2017-10-13,
2017-10-14,
2017-10-15,
2017-10-16,
2017-10-17,
2017-10-18,
2017-10-19,
2017-10-20,
2017-10-21,
2017-10-22,
2017-10-23,
2017-10-24,
2017-10-25,
2017-10-26,
2017-10-27,
2017-10-28,
2017-10-29,
2017-10-30,
2017-10-31,
2017-11-01,
2017-11-02,
2017-11-03,
2017-11-04,
2017-11-05,
2017-11-06,
2017-11-07,
2017-11-08,
2017-11-09,
2017-11-10,
2017-11-11,
2017-11-12,
2017-11-13,
2017-11-14,
2017-11-15,
2017-11-16,
2017-11-17,
2017-11-18,
2017-11-19,
2017-11-20,
2017-11-21,
2017-11-22,
2017-11-23,
2017-11-24,
2017-11-25,
2017-11-26,
2017-11-27,
2017-11-28,
2017-11-29,
2017-11-30,
2017-12-01,
2017-12-02,
2017-12-03,
2017-12-04,
2017-12-05,
2017-12-06,
2017-12-07,
2017-12-08,
2017-12-09,
2017-12-10,
2017-12-11,
2017-12-12,73.0
2017-12-13,69.0
2017-12-14,73.0
2017-12-15,72.0
2017-12-16,51.0
2017-12-17,56.0
2017-12-18,59.0
2017-12-19,60.0
2017-12-20,47.0
2017-12-21,47.0
2017-12-22,53.0
2017-12-23,59.0
2017-12-24,57.0
2017-12-25,62.0
2017-12-26,64.0
2017-12-27,67.0
2017-12-28,70.0
2017-12-29,71.0
2017-12-30,68.0
2017-12-31,65.0
2018-01-01,68.0
2018-01-02,64.0
2018-01-03,64.0
2018-01-04,58.0
2018-01-05,59.0
2018-01-06,49.0
2018-01-07,59.0
2018-01-08,48.0
2018-01-09,48.0
2018-01-10,47.0
2018-01-11,57.0
2018-01-12,59.0
2018-01-13,67.0
2018-01-14,65.0
2018-01-15,64.0
2018-01-16,61.0
2018-01-17,65.0
2018-01-18,62.0
2018-01-19,48.0
2018-01-20,42.0
2018-01-21,44.0
2018-01-22,50.0
2018-01-23,57.0
2018-01-24,55.0
2018-01-25,42.0
2018-01-26,45.0
2018-01-27,53.0
2018-01-28,73.0
2018-01-29,71.0
2018-01-30,73.0
2018-01-31,67.0
2018-02-01,69.0
2018-02-02,71.0
2018-02-03,71.0
2018-02-04,70.0
2018-02-05,67.0
2018-02-06,70.0
2018-02-07,68.0
2018-02-08,69.0
2018-02-09,67.0
2018-02-10,62.0
2018-02-11,60.0
2018-02-12,41.0
2018-02-13,50.0
2018-02-14,52.0
2018-02-15,55.0
2018-02-16,57.0
2018-02-17,64.0
2018-02-18,54.0
2018-02-19,37.0
2018-02-20,38.0
2018-02-21,41.0
2018-02-22,32.0
2018-02-23,41.0
2018-02-24,47.0
2018-02-25,49.0
2018-02-26,38.0
2018-02-27,49.0
2018-02-28,43.0
2018-03-01,36.0
2018-03-02,38.0
2018-03-03,36.0
2018-03-04,42.0
2018-03-05,54.0
2018-03-06,66.0
2018-03-07,59.0
2018-03-08,68.0
2018-03-09,63.0
2018-03-10,56.0
2018-03-11,59.0
2018-03-12,65.0
2018-03-13,55.0
2018-03-14,44.0
2018-03-15,41.0
2018-03-16,36.0
2018-03-17,41.0
2018-03-18,50.0
2018-03-19,60.0
2018-03-20,56.0
2018-03-21,51.0
2018-03-22,49.0
2018-03-23,53.0
2018-03-24,46.0
2018-03-25,44.0
2018-03-26,49.0
2018-03-27,62.0
2018-03-28,68.0
2018-03-29,72.0
2018-03-30,72.0
2018-03-31,70.0
2018-04-01,70.0
2018-04-02,68.0
2018-04-03,67.0
2018-04-04,69.0
2018-04-05,68.0
2018-04-06,57.0
2018-04-07,58.0
2018-04-08,62.0
2018-04-09,76.0
2018-04-10,72.0
2018-04-11,63.0
2018-04-12,47.0
2018-04-13,62.0
2018-04-14,67.0
2018-04-15,64.0
2018-04-16,43.0
2018-04-17,48.0
2018-04-18,53.0
2018-04-19,52.0
2018-04-20,66.0
2018-04-21,72.0
2018-04-22,74.0
2018-04-23,75.0
2018-04-24,78.0
2018-04-25,78.0
2018-04-26,76.0
2018-04-27,63.0
2018-04-28,61.0
2018-04-29,55.0
2018-04-30,58.0
2018-05-01,57.0
2018-05-02,61.0
2018-05-03,67.0
2018-05-04,78.0
2018-05-05,77.0
2018-05-06,76.0
2018-05-07,75.0
2018-05-08,80.0
2018-05-09,73.0
2018-05-10,70.0
2018-05-11,71.0
2018-05-12,64.0
2018-05-13,68.0
2018-05-14,68.0
2018-05-15,69.0
2018-05-16,60.0
2018-05-17,65.0
2018-05-18,68.0
2018-05-19,74.0
2018-05-20,69.0
2018-05-21,65.0
2018-05-22,68.0
2018-05-23,71.0
2018-05-24,72.0
2018-05-25,54.0
2018-05-26,57.0
2018-05-27,69.0
2018-05-28,77.0
2018-05-29,84.0
2018-05-30,76.0
2018-05-31,66.0
2018-06-01,72.0
2018-06-02,86.0
2018-06-03,87.0
2018-06-04,87.0
2018-06-05,80.0
2018-06-06,75.0
2018-06-07,75.0
2018-06-08,79.0
2018-06-09,74.0
2018-06-10,70.0
2018-06-11,79.0
2018-06-12,86.0
2018-06-13,88.0
2018-06-14,83.0
2018-06-15,80.0
2018-06-16,76.0
2018-06-17,65.0
2018-06-18,72.0
2018-06-19,81.0
2018-06-20,87.0
2018-06-21,87.0
2018-06-22,88.0
2018-06-23,88.0
2018-06-24,88.0
2018-06-25,86.0
2018-06-26,88.0
2018-06-27,87.0
2018-06-28,82.0
2018-06-29,83.0
2018-06-30,89.0
2018-07-01,92.0
2018-07-02,91.0
2018-07-03,85.0
2018-07-04,82.0
2018-07-05,84.0
2018-07-06,94.0
2018-07-07,93.0
2018-07-08,93.0
2018-07-09,91.0
2018-07-10,91.0
2018-07-11,90.0
2018-07-12,84.0
2018-07-13,88.0
2018-07-14,93.0
2018-07-15,91.0
2018-07-16,91.0
2018-07-17,95.0
2018-07-18,97.0
2018-07-19,93.0
2018-07-20,94.0
2018-07-21,89.0
2018-07-22,91.0
2018-07-23,92.0
2018-07-24,93.0
2018-07-25,95.0
2018-07-26,96.0
2018-07-27,95.0
2018-07-28,96.0
2018-07-29,91.0
2018-07-30,93.0
2018-07-31,94.0
2018-08-01,94.0
2018-08-02,92.0
2018-08-03,94.0
2018-08-04,90.0
2018-08-05,87.0
2018-08-06,88.0
2018-08-07,91.0
2018-08-08,95.0
2018-08-09,93.0
2018-08-10,93.0
2018-08-11,87.0
2018-08-12,90.0
2018-08-13,90.0
2018-08-14,90.0
2018-08-15,88.0
2018-08-16,91.0
2018-08-17,92.0
2018-08-18,96.0
2018-08-19,93.0
2018-08-20,91.0
2018-08-21,84.0
2018-08-22,84.0
2018-08-23,85.0
2018-08-24,85.0
2018-08-25,85.0
2018-08-26,85.0
2018-08-27,80.0
2018-08-28,81.0
2018-08-29,82.0
2018-08-30,79.0
2018-08-31,80.0
2018-09-01,83.0
2018-09-02,92.0
2018-09-03,90.0
2018-09-04,88.0
2018-09-05,88.0
2018-09-06,91.0
2018-09-07,91.0
2018-09-08,90.0
2018-09-09,89.0
2018-09-10,87.0
2018-09-11,87.0
2018-09-12,77.0
2018-09-13,73.0
2018-09-14,77.0
2018-09-15,74.0
2018-09-16,77.0
2018-09-17,79.0
2018-09-18,78.0
2018-09-19,80.0
2018-09-20,82.0
2018-09-21,84.0
2018-09-22,84.0
2018-09-23,81.0
2018-09-24,81.0
2018-09-25,88.0
2018-09-26,89.0
2018-09-27,92.0
2018-09-28,85.0
2018-09-29,72.0
2018-09-30,74.0
2018-10-01,79.0
2018-10-02,70.0
2018-10-03,65.0
2018-10-04,61.0
2018-10-05,69.0
2018-10-06,66.0
2018-10-07,66.0
2018-10-08,67.0
2018-10-09,69.0
2018-10-10,65.0
2018-10-11,63.0
2018-10-12,74.0
2018-10-13,73.0
2018-10-14,69.0
2018-10-15,70.0
2018-10-16,67.0
2018-10-17,68.0
2018-10-18,67.0
2018-10-19,71.0
2018-10-20,70.0
2018-10-21,69.0
2018-10-22,67.0
2018-10-23,67.0
2018-10-24,69.0
2018-10-25,70.0
2018-10-26,74.0
2018-10-27,76.0
2018-10-28,72.0
2018-10-29,62.0
2018-10-30,59.0
2018-10-31,61.0
2018-11-01,73.0
2018-11-02,71.0
2018-11-03,70.0
2018-11-04,73.0
2018-11-05,68.0
2018-11-06,63.0
2018-11-07,67.0
2018-11-08,61.0
2018-11-09,63.0
2018-11-10,61.0
2018-11-11,62.0
2018-11-12,61.0
2018-11-13,59.0
2018-11-14,63.0
2018-11-15,64.0
2018-11-16,63.0
2018-11-17,63.0
2018-11-18,64.0
2018-11-19,61.0
2018-11-20,59.0
2018-11-21,53.0
2018-11-22,41.0
2018-11-23,44.0
2018-11-24,53.0
2018-11-25,54.0
2018-11-26,59.0
2018-11-27,57.0
2018-11-28,42.0
2018-11-29,43.0
2018-11-30,41.0
2018-12-01,31.0
2018-12-02,39.0
2018-12-03,47.0
2018-12-04,44.0
2018-12-05,50.0
2018-12-06,45.0
2018-12-07,49.0
2018-12-08,55.0
2018-12-09,57.0
2018-12-10,51.0
2018-12-11,56.0
2018-12-12,58.0
2018-12-13,59.0
2018-12-14,55.0
2018-12-15,57.0
2018-12-16,58.0
2018-12-17,42.0
2018-12-18,54.0
2018-12-19,63.0
2018-12-20,61.0
2018-12-21,54.0
2018-12-22,57.0
2018-12-23,55.0
2018-12-24,51.0
2018-12-25,42.0
2018-12-26,44.0
2018-12-27,40.0
2018-12-28,42.0
2018-12-29,54.0
2018-12-30,52.0
2018-12-31,38.0
2019-01-01,41.0
2019-01-02,47.0
2019-01-03,54.0
2019-01-04,54.0
2019-01-05,43.0
2019-01-06,36.0
2019-01-07,46.0
2019-01-08,49.0
2019-01-09,46.0
2019-01-10,53.0
2019-01-11,53.0
2019-01-12,48.0
2019-01-13,49.0
2019-01-14,41.0
2019-01-15,41.0
2019-01-16,47.0
2019-01-17,45.0
2019-01-18,50.0
2019-01-19,57.0
2019-01-20,50.0
2019-01-21,35.0
2019-01-22,46.0
2019-01-23,55.0
2019-01-24,59.0
2019-01-25,59.0
2019-01-26,63.0
2019-01-27,66.0
2019-01-28,62.0
2019-01-29,54.0
2019-01-30,57.0
2019-01-31,55.0
2019-02-01,49.0
2019-02-02,42.0
2019-02-03,37.0
2019-02-04,35.0
2019-02-05,26.0
2019-02-06,31.0
2019-02-07,38.0
2019-02-08,42.0
2019-02-09,33.0
2019-02-10,30.0
2019-02-11,41.0
2019-02-12,49.0
2019-02-13,45.0
2019-02-14,47.0
2019-02-15,32.0
2019-02-16,30.0
2019-02-17,30.0
2019-02-18,36.0
2019-02-19,34.0
2019-02-20,30.0
2019-02-21,33.0
2019-02-22,40.0
2019-02-23,42.0
2019-02-24,52.0
2019-02-25,51.0
2019-02-26,53.0
2019-02-27,46.0
2019-02-28,47.0
2019-03-01,48.0
2019-03-02,45.0
2019-03-03,46.0
2019-03-04,51.0
2019-03-05,43.0
2019-03-06,42.0
2019-03-07,41.0
2019-03-08,36.0
2019-03-09,43.0
2019-03-10,46.0
2019-03-11,50.0
2019-03-12,49.0
2019-03-13,46.0
2019-03-14,48.0
2019-03-15,51.0
2019-03-16,57.0
2019-03-17,60.0
2019-03-18,62.0
2019-03-19,59.0
2019-03-20,43.0
2019-03-21,43.0
2019-03-22,50.0
2019-03-23,42.0
2019-03-24,53.0
2019-03-25,57.0
2019-03-26,56.0
2019-03-27,47.0
2019-03-28,49.0
2019-03-29,51.0
2019-03-30,55.0
2019-03-31,58.0
2019-04-01,62.0
2019-04-02,49.0
2019-04-03,52.0
2019-04-04,51.0
2019-04-05,46.0
2019-04-06,58.0
2019-04-07,64.0
2019-04-08,67.0
2019-04-09,51.0
2019-04-10,54.0
2019-04-11,51.0
2019-04-12,54.0
2019-04-13,60.0
2019-04-14,63.0
2019-04-15,53.0
2019-04-16,49.0
2019-04-17,58.0
2019-04-18,74.0
2019-04-19,72.0
2019-04-20,59.0
2019-04-21,57.0
2019-04-22,68.0
2019-04-23,73.0
2019-04-24,73.0
2019-04-25,75.0
2019-04-26,73.0
2019-04-27,72.0
2019-04-28,72.0
2019-04-29,63.0
2019-04-30,55.0
2019-05-01,58.0
2019-05-02,64.0
2019-05-03,67.0
2019-05-04,67.0
2019-05-05,63.0
2019-05-06,54.0
2019-05-07,60.0
2019-05-08,68.0
2019-05-09,64.0
2019-05-10,60.0
2019-05-11,65.0
2019-05-12,70.0
2019-05-13,70.0
2019-05-14,69.0
2019-05-15,54.0
2019-05-16,44.0
2019-05-17,52.0
2019-05-18,54.0
2019-05-19,42.0
2019-05-20,50.0
2019-05-21,42.0
2019-05-22,51.0
2019-05-23,50.0
2019-05-24,56.0
2019-05-25,60.0
2019-05-26,46.0
2019-05-27,45.0
2019-05-28,57.0
2019-05-29,67.0
2019-05-30,67.0
2019-05-31,67.0
2019-06-01,66.0
2019-06-02,69.0
2019-06-03,71.0
2019-06-04,78.0
2019-06-05,81.0
2019-06-06,71.0
2019-06-07,66.0
2019-06-08,69.0
2019-06-09,79.0
2019-06-10,81.0
2019-06-11,82.0
2019-06-12,83.0
2019-06-13,80.0
2019-06-14,75.0
2019-06-15,74.0
2019-06-16,77.0
2019-06-17,75.0
2019-06-18,82.0
2019-06-19,82.0
2019-06-20,74.0
2019-06-21,70.0
2019-06-22,73.0
2019-06-23,78.0
2019-06-24,79.0
2019-06-25,76.0
2019-06-26,69.0
2019-06-27,69.0
2019-06-28,70.0
2019-06-29,73.0
2019-06-30,76.0
2019-07-01,77.0
2019-07-02,75.0
2019-07-03,74.0
2019-07-04,73.0
2019-07-05,79.0
2019-07-06,78.0
2019-07-07,74.0
2019-07-08,76.0
2019-07-09,75.0
2019-07-10,79.0
2019-07-11,81.0
2019-07-12,83.0
2019-07-13,85.0
2019-07-14,83.0
2019-07-15,83.0
2019-07-16,80.0
2019-07-17,78.0
2019-07-18,79.0
2019-07-19,79.0
2019-07-20,77.0
2019-07-21,82.0
2019-07-22,87.0
2019-07-23,84.0
2019-07-24,86.0
2019-07-25,84.0
2019-07-26,83.0
2019-07-27,86.0
2019-07-28,87.0
2019-07-29,85.0
2019-07-30,83.0
2019-07-31,82.0
2019-08-01,81.0
2019-08-02,79.0
2019-08-03,83.0
2019-08-04,84.0
2019-08-05,85.0
2019-08-06,86.0
2019-08-07,85.0
2019-08-08,78.0
2019-08-09,74.0
2019-08-10,72.0
2019-08-11,
2019-08-12,
2019-08-13,
2019-08-14,
2019-08-15,
2019-08-16,
2019-08-17,
2019-08-18,
2019-08-19,
2019-08-20,
2019-08-21,
2019-08-22,
2019-08-23,
2019-08-24,
2019-08-25,
2019-08-26,
2019-08-27,
2019-08-28,
2019-08-29,83.0
2019-08-30,83.0
2019-08-31,84.0
2019-09-01,87.0
2019-09-02,87.0
2019-09-03,88.0
2019-09-04,86.0
2019-09-05,80.0
2019-09-06,82.0
2019-09-07,76.0
2019-09-08,72.0
2019-09-09,68.0
2019-09-10,63.0
2019-09-11,70.0
2019-09-12,81.0
2019-09-13,84.0
2019-09-14,84.0
2019-09-15,77.0
2019-09-16,65.0
2019-09-17,65.0
2019-09-18,66.0
2019-09-19,61.0
2019-09-20,69.0
2019-09-21,70.0
2019-09-22,74.0
2019-09-23,71.0
2019-09-24,80.0
2019-09-25,83.0
2019-09-26,80.0
2019-09-27,73.0
2019-09-28,58.0
2019-09-29,51.0
2019-09-30,53.0
2019-10-01,54.0
2019-10-02,64.0
2019-10-03,65.0
2019-10-04,65.0
2019-10-05,71.0
2019-10-06,78.0
2019-10-07,77.0
2019-10-08,74.0
2019-10-09,68.0
2019-10-10,67.0
2019-10-11,68.0
2019-10-12,66.0
2019-10-13,67.0
2019-10-14,66.0
2019-10-15,72.0
2019-10-16,71.0
2019-10-17,59.0
2019-10-18,59.0
2019-10-19,62.0
2019-10-20,60.0
2019-10-21,71.0
2019-10-22,73.0
2019-10-23,73.0
2019-10-24,75.0
2019-10-25,75.0
2019-10-26,74.0
2019-10-27,50.0
2019-10-28,55.0
2019-10-29,56.0
2019-10-30,56.0
2019-10-31,63.0
2019-11-01,70.0
2019-11-02,70.0
2019-11-03,70.0
2019-11-04,71.0
2019-11-05,71.0
2019-11-06,68.0
2019-11-07,72.0
2019-11-08,73.0
2019-11-09,68.0
2019-11-10,67.0
2019-11-11,71.0
2019-11-12,71.0
2019-11-13,68.0
2019-11-14,65.0
2019-11-15,60.0
2019-11-16,67.0
2019-11-17,71.0
2019-11-18,74.0
2019-11-19,61.0
2019-11-20,49.0
2019-11-21,50.0
2019-11-22,52.0
2019-11-23,54.0
2019-11-24,60.0
2019-11-25,48.0
2019-11-26,38.0
2019-11-27,31.0
2019-11-28,32.0
2019-11-29,31.0
2019-11-30,33.0
2019-12-01,39.0
2019-12-02,59.0
2019-12-03,56.0
2019-12-04,44.0
2019-12-05,55.0
2019-12-06,55.0
2019-12-07,46.0
2019-12-08,45.0
2019-12-09,50.0
2019-12-10,55.0
2019-12-11,50.0
2019-12-12,60.0
2019-12-13,49.0
2019-12-14,44.0
2019-12-15,39.0
2019-12-16,47.0
2019-12-17,48.0
2019-12-18,43.0
2019-12-19,47.0
2019-12-20,57.0
2019-12-21,53.0
2019-12-22,49.0
2019-12-23,39.0
2019-12-24,41.0
2019-12-25,44.0
2019-12-26,44.0
2019-12-27,45.0
2019-12-28,45.0
2019-12-29,44.0
2019-12-30,48.0
2019-12-31,50.0
2020-01-01,57.0
2020-01-02,51.0
2020-01-03,59.0
2020-01-04,59.0
2020-01-05,50.0
2020-01-06,55.0
2020-01-07,59.0
2020-01-08,42.0
2020-01-09,43.0
2020-01-10,45.0
2020-01-11,44.0
2020-01-12,40.0
2020-01-13,44.0
2020-01-14,46.0
2020-01-15,52.0
2020-01-16,44.0
2020-01-17,43.0
2020-01-18,54.0
2020-01-19,61.0
2020-01-20,52.0
2020-01-21,47.0
2020-01-22,52.0
2020-01-23,60.0
2020-01-24,57.0
2020-01-25,59.0
2020-01-26,48.0
2020-01-27,52.0
2020-01-28,53.0
2020-01-29,54.0
2020-01-30,57.0
2020-01-31,61.0
2020-02-01,68.0
2020-02-02,53.0
2020-02-03,35.0
2020-02-04,41.0
2020-02-05,54.0
2020-02-06,60.0
2020-02-07,63.0
2020-02-08,62.0
2020-02-09,41.0
2020-02-10,55.0
2020-02-11,59.0
2020-02-12,54.0
2020-02-13,55.0
2020-02-14,55.0
2020-02-15,55.0
2020-02-16,61.0
2020-02-17,60.0
2020-02-18,55.0
2020-02-19,56.0
2020-02-20,58.0
2020-02-21,57.0
2020-02-22,47.0
2020-02-23,51.0
2020-02-24,57.0
2020-02-25,65.0
2020-02-26,62.0
2020-02-27,65.0
2020-02-28,65.0
2020-02-29,55.0
2020-03-01,36.0
2020-03-02,54.0
2020-03-03,66.0
2020-03-04,63.0
2020-03-05,65.0
2020-03-06,62.0
2020-03-07,48.0
2020-03-08,46.0
2020-03-09,51.0
2020-03-10,58.0
2020-03-11,55.0
2020-03-12,61.0
2020-03-13,54.0
2020-03-14,42.0
2020-03-15,37.0
2020-03-16,34.0
2020-03-17,37.0
2020-03-18,51.0
2020-03-19,38.0
2020-03-20,47.0
2020-03-21,41.0
2020-03-22,51.0
2020-03-23,44.0
2020-03-24,42.0
2020-03-25,39.0
2020-03-26,37.0
2020-03-27,43.0
2020-03-28,40.0
2020-03-29,45.0
2020-03-30,53.0
2020-03-31,63.0
2020-04-01,56.0
2020-04-02,51.0
2020-04-03,55.0
2020-04-04,49.0
2020-04-05,39.0
2020-04-06,41.0
2020-04-07,51.0
2020-04-08,52.0
2020-04-09,45.0
2020-04-10,52.0
2020-04-11,53.0
2020-04-12,59.0
2020-04-13,58.0
2020-04-14,60.0
2020-04-15,64.0
2020-04-16,63.0
2020-04-17,56.0
2020-04-18,52.0
2020-04-19,58.0
2020-04-20,48.0
2020-04-21,54.0
2020-04-22,64.0
2020-04-23,68.0
2020-04-24,72.0
2020-04-25,72.0
2020-04-26,70.0
2020-04-27,70.0
2020-04-28,77.0
2020-04-29,76.0
2020-04-30,70.0
2020-05-01,67.0
2020-05-02,68.0
2020-05-03,63.0
2020-05-04,66.0
2020-05-05,71.0
2020-05-06,71.0
2020-05-07,79.0
2020-05-08,80.0
2020-05-09,77.0
2020-05-10,73.0
2020-05-11,64.0
2020-05-12,53.0
2020-05-13,59.0
2020-05-14,58.0
2020-05-15,62.0
2020-05-16,70.0
2020-05-17,62.0
2020-05-18,51.0
2020-05-19,47.0
2020-05-20,59.0
2020-05-21,65.0
2020-05-22,62.0
2020-05-23,67.0
2020-05-24,69.0
2020-05-25,76.0
2020-05-26,82.0
2020-05-27,85.0
2020-05-28,88.0
2020-05-29,84.0
2020-05-30,62.0
2020-05-31,63.0
2020-06-01,69.0
2020-06-02,77.0
2020-06-03,84.0
2020-06-04,86.0
2020-06-05,74.0
2020-06-06,61.0
2020-06-07,55.0
2020-06-08,65.0
2020-06-09,71.0
2020-06-10,78.0
2020-06-11,79.0
2020-06-12,68.0
2020-06-13,60.0
2020-06-14,68.0
2020-06-15,72.0
2020-06-16,70.0
2020-06-17,71.0
2020-06-18,76.0
2020-06-19,80.0
2020-06-20,81.0
2020-06-21,80.0
2020-06-22,85.0
2020-06-23,88.0
2020-06-24,85.0
2020-06-25,83.0
2020-06-26,87.0
2020-06-27,87.0
2020-06-28,72.0
2020-06-29,67.0
2020-06-30,75.0
2020-07-01,77.0
2020-07-02,76.0
2020-07-03,79.0
2020-07-04,82.0
2020-07-05,85.0
2020-07-06,83.0
2020-07-07,79.0
2020-07-08,80.0
2020-07-09,83.0
2020-07-10,85.0
2020-07-11,88.0
2020-07-12,89.0
2020-07-13,85.0
2020-07-14,83.0
2020-07-15,83.0
2020-07-16,87.0
2020-07-17,85.0
2020-07-18,87.0
2020-07-19,85.0
2020-07-20,85.0
2020-07-21,82.0
2020-07-22,79.0
2020-07-23,79.0
2020-07-24,82.0
2020-07-25,82.0
2020-07-26,85.0
2020-07-27,85.0
2020-07-28,87.0
2020-07-29,87.0
2020-07-30,87.0
2020-07-31,89.0
2020-08-01,86.0
2020-08-02,86.0
2020-08-03,86.0
2020-08-04,83.0
2020-08-05,78.0
2020-08-06,74.0
2020-08-07,78.0
2020-08-08,82.0
2020-08-09,87.0
2020-08-10,87.0
2020-08-11,83.0
2020-08-12,84.0
2020-08-13,84.0
2020-08-14,90.0
2020-08-15,92.0
2020-08-16,95.0
2020-08-17,95.0
2020-08-18,93.0
2020-08-19,90.0
2020-08-20,87.0
2020-08-21,89.0
2020-08-22,90.0
2020-08-23,83.0
2020-08-24,85.0
2020-08-25,83.0
2020-08-26,81.0
2020-08-27,80.0
2020-08-28,83.0
2020-08-29,84.0
2020-08-30,85.0
2020-08-31,84.0
2020-09-01,86.0
2020-09-02,86.0
2020-09-03,88.0
2020-09-04,92.0
2020-09-05,99.0
2020-09-06,85.0
2020-09-07,89.0
2020-09-08,83.0
2020-09-09,72.0
2020-09-10,69.0
2020-09-11,73.0
2020-09-12,76.0
2020-09-13,80.0
2020-09-14,79.0
2020-09-15,79.0
2020-09-16,82.0
2020-09-17,79.0
2020-09-18,69.0
2020-09-19,72.0
2020-09-20,77.0
2020-09-21,77.0
2020-09-22,76.0
2020-09-23,75.0
2020-09-24,73.0
2020-09-25,71.0
2020-09-26,73.0
2020-09-27,82.0
2020-09-28,84.0
2020-09-29,82.0
2020-09-30,83.0
2020-10-01,86.0
2020-10-02,85.0
2020-10-03,83.0
2020-10-04,82.0
2020-10-05,82.0
2020-10-06,80.0
2020-10-07,73.0
2020-10-08,70.0
2020-10-09,65.0
2020-10-10,65.0
2020-10-11,65.0
2020-10-12,77.0
2020-10-13,77.0
2020-10-14,75.0
2020-10-15,79.0
2020-10-16,82.0
2020-10-17,77.0
2020-10-18,77.0
2020-10-19,76.0
2020-10-20,73.0
2020-10-21,72.0
2020-10-22,69.0
2020-10-23,66.0
2020-10-24,65.0
2020-10-25,58.0
2020-10-26,55.0
2020-10-27,60.0
2020-10-28,66.0
2020-10-29,71.0
2020-10-30,69.0
2020-10-31,72.0
2020-11-01,73.0
2020-11-02,74.0
2020-11-03,72.0
2020-11-04,72.0
2020-11-05,73.0
2020-11-06,59.0
2020-11-07,41.0
2020-11-08,31.0
2020-11-09,35.0
2020-11-10,45.0
2020-11-11,53.0
2020-11-12,52.0
2020-11-13,49.0
2020-11-14,53.0
2020-11-15,63.0
2020-11-16,73.0
2020-11-17,61.0
2020-11-18,51.0
2020-11-19,51.0
2020-11-20,56.0
2020-11-21,61.0
2020-11-22,59.0
2020-11-23,51.0
2020-11-24,50.0
2020-11-25,50.0
2020-11-26,46.0
2020-11-27,51.0
2020-11-28,57.0
2020-11-29,62.0
2020-11-30,59.0
2020-12-01,60.0
2020-12-02,64.0
2020-12-03,56.0
2020-12-04,58.0
2020-12-05,59.0
2020-12-06,55.0
2020-12-07,60.0
2020-12-08,64.0
2020-12-09,60.0
2020-12-10,53.0
2020-12-11,48.0
2020-12-12,45.0
2020-12-13,39.0
2020-12-14,40.0
2020-12-15,42.0
2020-12-16,51.0
2020-12-17,45.0
2020-12-18,48.0
2020-12-19,54.0
2020-12-20,59.0
2020-12-21,
2020-12-22,55.0
2020-12-23,56.0
2020-12-24,53.0
2020-12-25,51.0
2020-12-26,45.0
2020-12-27,37.0
2020-12-28,38.0
2020-12-29,46.0
2020-12-30,47.0
2020-12-31,47.0
2021-01-01,48.0
2021-01-02,49.0
2021-01-03,51.0
2021-01-04,50.0
2021-01-05,48.0
2021-01-06,53.0
2021-01-07,52.0
2021-01-08,
2021-01-09,
2021-01-10,
2021-01-11,
2021-01-12,
2021-01-13,
2021-01-14,
2021-01-15,
2021-01-16,
2021-01-17,
2021-01-18,61.0
2021-01-19,45.0
2021-01-20,54.0
2021-01-21,51.0
2021-01-22,40.0
2021-01-23,36.0
2021-01-24,34.0
2021-01-25,29.0
2021-01-26,32.0
2021-01-27,34.0
2021-01-28,34.0
2021-01-29,36.0
2021-01-30,
2021-01-31,
2021-02-01,53.0
2021-02-02,49.0
2021-02-03,43.0
2021-02-04,53.0
2021-02-05,55.0
2021-02-06,58.0
2021-02-07,57.0
2021-02-08,57.0
2021-02-09,52.0
2021-02-10,49.0
2021-02-11,51.0
2021-02-12,50.0
2021-02-13,40.0
2021-02-14,
2021-02-15,
2021-02-16,
2021-02-17,
2021-02-18,
2021-02-19,
2021-02-20,
2021-02-21,
2021-02-22,
2021-02-23,
2021-02-24,55.0
2021-02-25,50.0
2021-02-26,50.0
2021-02-27,45.0
2021-02-28,50.0
2021-03-01,54.0
2021-03-02,57.0
2021-03-03,49.0
2021-03-04,53.0
2021-03-05,60.0
2021-03-06,50.0
2021-03-07,53.0
2021-03-08,44.0
2021-03-09,38.0
2021-03-10,31.0
2021-03-11,32.0
2021-03-12,41.0
2021-03-13,47.0
2021-03-14,47.0
2021-03-15,38.0
2021-03-16,42.0
2021-03-17,50.0
2021-03-18,54.0
2021-03-19,46.0
2021-03-20,42.0
2021-03-21,44.0
2021-03-22,47.0
2021-03-23,41.0
2021-03-24,50.0
2021-03-25,47.0
2021-03-26,52.0
2021-03-27,58.0
2021-03-28,66.0
2021-03-29,62.0
2021-03-30,61.0
2021-03-31,66.0
2021-04-01,68.0
2021-04-02,69.0
2021-04-03,67.0
2021-04-04,69.0
2021-04-05,60.0
2021-04-06,59.0
2021-04-07,62.0
2021-04-08,61.0
2021-04-09,63.0
2021-04-10,62.0
2021-04-11,64.0
2021-04-12,64.0
2021-04-13,59.0
2021-04-14,48.0
2021-04-15,56.0
2021-04-16,59.0
2021-04-17,
2021-04-18,67.0
2021-04-19,69.0
2021-04-20,64.0
2021-04-21,54.0
2021-04-22,62.0
2021-04-23,63.0
2021-04-24,56.0
2021-04-25,47.0
2021-04-26,44.0
2021-04-27,51.0
2021-04-28,65.0
2021-04-29,73.0
2021-04-30,77.0
2021-05-01,68.0
2021-05-02,65.0
2021-05-03,68.0
2021-05-04,72.0
2021-05-05,77.0
2021-05-06,73.0
2021-05-07,66.0
2021-05-08,68.0
2021-05-09,66.0
2021-05-10,72.0
2021-05-11,74.0
2021-05-12,76.0
2021-05-13,77.0
2021-05-14,75.0
2021-05-15,62.0
2021-05-16,61.0
2021-05-17,69.0
2021-05-18,73.0
2021-05-19,65.0
2021-05-20,52.0
2021-05-21,43.0
2021-05-22,47.0
2021-05-23,59.0
2021-05-24,72.0
2021-05-25,67.0
2021-05-26,71.0
2021-05-27,72.0
2021-05-28,73.0
2021-05-29,73.0
2021-05-30,82.0
2021-05-31,83.0
2021-06-01,85.0
2021-06-02,85.0
2021-06-03,85.0
2021-06-04,82.0
2021-06-05,82.0
2021-06-06,78.0
2021-06-07,68.0
2021-06-08,61.0
2021-06-09,58.0
2021-06-10,62.0
2021-06-11,70.0
2021-06-12,79.0
2021-06-13,78.0
2021-06-14,76.0
2021-06-15,80.0
2021-06-16,90.0
2021-06-17,92.0
2021-06-18,92.0
2021-06-19,91.0
2021-06-20,88.0
2021-06-21,85.0
2021-06-22,80.0
2021-06-23,77.0
2021-06-24,77.0
2021-06-25,79.0
2021-06-26,88.0
2021-06-27,93.0
2021-06-28,87.0
2021-06-29,85.0
2021-06-30,84.0
2021-07-01,83.0
2021-07-02,86.0
2021-07-03,84.0
2021-07-04,83.0
2021-07-05,84.0
2021-07-06,84.0
2021-07-07,88.0
2021-07-08,91.0
2021-07-09,93.0
2021-07-10,98.0
2021-07-11,96.0
2021-07-12,95.0
2021-07-13,90.0
2021-07-14,86.0
2021-07-15,83.0
2021-07-16,84.0
2021-07-17,86.0
2021-07-18,83.0
2021-07-19,85.0
2021-07-20,85.0
2021-07-21,85.0
2021-07-22,87.0
2021-07-23,85.0
2021-07-24,88.0
2021-07-25,85.0
2021-07-26,83.0
2021-07-27,84.0
2021-07-28,86.0
2021-07-29,86.0
2021-07-30,86.0
2021-07-31,82.0
2021-08-01,84.0
2021-08-02,87.0
2021-08-03,90.0
2021-08-04,90.0
2021-08-05,83.0
2021-08-06,82.0
2021-08-07,86.0
2021-08-08,84.0
2021-08-09,85.0
2021-08-10,87.0
2021-08-11,90.0
2021-08-12,87.0
2021-08-13,91.0
2021-08-14,87.0
2021-08-15,85.0
2021-08-16,90.0
2021-08-17,84.0
2021-08-18,73.0
2021-08-19,73.0
2021-08-20,
2021-08-21,
2021-08-22,75.0
2021-08-23,79.0
2021-08-24,77.0
2021-08-25,80.0
2021-08-26,82.0
2021-08-27,83.0
2021-08-28,88.0
2021-08-29,89.0
2021-08-30,89.0
2021-08-31,88.0
2021-09-01,77.0
2021-09-02,75.0
2021-09-03,78.0
2021-09-04,82.0
2021-09-05,86.0
2021-09-06,88.0
2021-09-07,91.0
2021-09-08,92.0
2021-09-09,84.0
2021-09-10,80.0
2021-09-11,78.0
2021-09-12,81.0
2021-09-13,81.0
2021-09-14,81.0
2021-09-15,81.0
2021-09-16,
2021-09-17,77.0
2021-09-18,72.0
2021-09-19,68.0
2021-09-20,79.0
2021-09-21,81.0
2021-09-22,80.0
2021-09-23,80.0
2021-09-24,81.0
2021-09-25,83.0
2021-09-26,78.0
2021-09-27,72.0
2021-09-28,60.0
2021-09-29,65.0
2021-09-30,71.0
2021-10-01,72.0
2021-10-02,70.0
2021-10-03,76.0
2021-10-04,73.0
2021-10-05,67.0
2021-10-06,67.0
2021-10-07,62.0
2021-10-08,51.0
2021-10-09,53.0
2021-10-10,61.0
2021-10-11,47.0
2021-10-12,48.0
2021-10-13,54.0
2021-10-14,57.0
2021-10-15,66.0
2021-10-16,68.0
2021-10-17,61.0
2021-10-18,42.0
2021-10-19,54.0
2021-10-20,60.0
2021-10-21,67.0
2021-10-22,57.0
2021-10-23,55.0
2021-10-24,52.0
2021-10-25,50.0
2021-10-26,49.0
2021-10-27,59.0
2021-10-28,73.0
2021-10-29,72.0
2021-10-30,63.0
2021-10-31,56.0
2021-11-01,55.0
2021-11-02,60.0
2021-11-03,69.0
2021-11-04,62.0
2021-11-05,68.0
2021-11-06,59.0
2021-11-07,50.0
2021-11-08,60.0
2021-11-09,46.0
2021-11-10,58.0
2021-11-11,66.0
2021-11-12,63.0
2021-11-13,70.0
2021-11-14,71.0
2021-11-15,68.0
2021-11-16,64.0
2021-11-17,63.0
2021-11-18,60.0
2021-11-19,59.0
2021-11-20,57.0
2021-11-21,63.0
2021-11-22,61.0
2021-11-23,55.0
2021-11-24,56.0
2021-11-25,61.0
2021-11-26,60.0
2021-11-27,66.0
2021-11-28,67.0
2021-11-29,68.0
2021-11-30,72.0
2021-12-01,72.0
2021-12-02,63.0
2021-12-03,62.0
2021-12-04,59.0
2021-12-05,61.0
2021-12-06,58.0
2021-12-07,55.0
2021-12-08,53.0
2021-12-09,41.0
2021-12-10,39.0
2021-12-11,45.0
2021-12-12,44.0
2021-12-13,37.0
2021-12-14,37.0
2021-12-15,37.0
2021-12-16,
2021-12-17,44.0
2021-12-18,51.0
2021-12-19,52.0
2021-12-20,53.0
2021-12-21,56.0
2021-12-22,43.0
2021-12-23,45.0
2021-12-24,39.0
2021-12-25,36.0
2021-12-26,32.0
2021-12-27,29.0
2021-12-28,36.0
2021-12-29,32.0
2021-12-30,43.0
2021-12-31,43.0
2022-01-01,40.0
2022-01-02,54.0
2022-01-03,47.0
2022-01-04,47.0
2022-01-05,51.0
2022-01-06,63.0
2022-01-07,51.0
2022-01-08,50.0
2022-01-09,52.0
2022-01-10,57.0
2022-01-11,60.0
2022-01-12,68.0
2022-01-13,64.0
2022-01-14,60.0
2022-01-15,59.0
2022-01-16,56.0
2022-01-17,52.0
2022-01-18,47.0
2022-01-19,52.0
2022-01-20,54.0
2022-01-21,47.0
2022-01-22,51.0
2022-01-23,54.0
2022-01-24,55.0
2022-01-25,52.0
2022-01-26,52.0
2022-01-27,55.0
2022-01-28,53.0
2022-01-29,48.0
2022-01-30,53.0
2022-01-31,52.0
2022-02-01,43.0
2022-02-02,45.0
2022-02-03,48.0
2022-02-04,47.0
2022-02-05,54.0
2022-02-06,63.0
2022-02-07,58.0
2022-02-08,64.0
2022-02-09,63.0
2022-02-10,67.0
2022-02-11,67.0
2022-02-12,65.0
2022-02-13,64.0
2022-02-14,60.0
2022-02-15,43.0
2022-02-16,49.0
2022-02-17,51.0
2022-02-18,57.0
2022-02-19,59.0
2022-02-20,55.0
2022-02-21,41.0
2022-02-22,29.0
2022-02-23,37.0
2022-02-24,36.0
2022-02-25,41.0
2022-02-26,48.0
2022-02-27,57.0
2022-02-28,62.0
2022-03-01,68.0
2022-03-02,67.0
2022-03-03,56.0
2022-03-04,43.0
2022-03-05,34.0
2022-03-06,37.0
2022-03-07,47.0
2022-03-08,49.0
2022-03-09,50.0
2022-03-10,48.0
2022-03-11,51.0
2022-03-12,56.0
2022-03-13,54.0
2022-03-14,59.0
2022-03-15,52.0
2022-03-16,58.0
2022-03-17,55.0
2022-03-18,58.0
2022-03-19,51.0
2022-03-20,51.0
2022-03-21,57.0
2022-03-22,66.0
2022-03-23,68.0
2022-03-24,69.0
2022-03-25,70.0
2022-03-26,67.0
2022-03-27,62.0
2022-03-28,44.0
2022-03-29,49.0
2022-03-30,51.0
2022-03-31,52.0
2022-04-01,63.0
2022-04-02,63.0
2022-04-03,62.0
2022-04-04,64.0
2022-04-05,60.0
2022-04-06,70.0
2022-04-07,74.0
2022-04-08,74.0
2022-04-09,67.0
2022-04-10,56.0
2022-04-11,42.0
2022-04-12,41.0
2022-04-13,47.0
2022-04-14,50.0
2022-04-15,57.0
2022-04-16,46.0
2022-04-17,59.0
2022-04-18,59.0
2022-04-19,52.0
2022-04-20,57.0
2022-04-21,46.0
2022-04-22,47.0
2022-04-23,55.0
2022-04-24,59.0
2022-04-25,64.0
2022-04-26,59.0
2022-04-27,60.0
2022-04-28,55.0
2022-04-29,60.0
2022-04-30,63.0
2022-05-01,61.0
2022-05-02,62.0
2022-05-03,60.0
2022-05-04,69.0
2022-05-05,69.0
2022-05-06,69.0
2022-05-07,59.0
2022-05-08,49.0
2022-05-09,44.0
2022-05-10,43.0
2022-05-11,48.0
2022-05-12,58.0
2022-05-13,70.0
2022-05-14,73.0
2022-05-15,75.0
2022-05-16,72.0
2022-05-17,72.0
2022-05-18,76.0
2022-05-19,76.0
2022-05-20,62.0
2022-05-21,64.0
2022-05-22,72.0
2022-05-23,73.0
2022-05-24,77.0
2022-05-25,81.0
2022-05-26,77.0
2022-05-27,71.0
2022-05-28,64.0
2022-05-29,61.0
2022-05-30,63.0
2022-05-31,68.0
2022-06-01,75.0
2022-06-02,75.0
2022-06-03,72.0
2022-06-04,64.0
2022-06-05,71.0
2022-06-06,77.0
2022-06-07,78.0
2022-06-08,79.0
2022-06-09,79.0
2022-06-10,85.0
2022-06-11,84.0
2022-06-12,75.0
2022-06-13,70.0
2022-06-14,71.0
2022-06-15,80.0
2022-06-16,79.0
2022-06-17,64.0
2022-06-18,60.0
2022-06-19,65.0
2022-06-20,75.0
2022-06-21,82.0
2022-06-22,79.0
2022-06-23,73.0
2022-06-24,83.0
2022-06-25,84.0
2022-06-26,87.0
2022-06-27,88.0
2022-06-28,86.0
2022-06-29,84.0
2022-06-30,79.0
2022-07-01,80.0
2022-07-02,77.0
2022-07-03,71.0
2022-07-04,72.0
2022-07-05,239.0
2022-07-06,73.0
2022-07-07,78.0
2022-07-08,81.0
2022-07-09,80.0
2022-07-10,85.0
2022-07-11,90.0
2022-07-12,88.0
2022-07-13,86.0
2022-07-14,88.0
2022-07-15,88.0
2022-07-16,91.0
2022-07-17,92.0
2022-07-18,83.0
2022-07-19,87.0
2022-07-20,88.0
2022-07-21,88.0
2022-07-22,88.0
2022-07-23,88.0
2022-07-24,88.0
2022-07-25,87.0
2022-07-26,88.0
2022-07-27,84.0
2022-07-28,86.0
2022-07-29,88.0
2022-07-30,87.0
2022-07-31,82.0
2022-08-01,80.0
2022-08-02,84.0
2022-08-03,87.0
2022-08-04,87.0
2022-08-05,71.0
2022-08-06,80.0
2022-08-07,84.0
2022-08-08,82.0
2022-08-09,82.0
2022-08-10,80.0
2022-08-11,82.0
2022-08-12,85.0
2022-08-13,85.0
2022-08-14,86.0
2022-08-15,89.0
2022-08-16,91.0
2022-08-17,88.0
2022-08-18,86.0
2022-08-19,87.0
2022-08-20,88.0
2022-08-21,87.0
2022-08-22,85.0
2022-08-23,86.0
2022-08-24,89.0
2022-08-25,87.0
2022-08-26,86.0
2022-08-27,83.0
2022-08-28,83.0
2022-08-29,86.0
2022-08-30,88.0
2022-08-31,91.0
2022-09-01,92.0
2022-09-02,91.0
2022-09-03,92.0
2022-09-04,92.0
2022-09-05,95.0
2022-09-06,97.0
2022-09-07,95.0
2022-09-08,92.0
2022-09-09,92.0
2022-09-10,78.0
2022-09-11,76.0
2022-09-12,75.0
2022-09-13,71.0
2022-09-14,69.0
2022-09-15,66.0
2022-09-16,70.0
2022-09-17,69.0
2022-09-18,59.0
2022-09-19,61.0
2022-09-20,60.0
2022-09-21,60.0
2022-09-22,67.0
2022-09-23,76.0
2022-09-24,81.0
2022-09-25,81.0
2022-09-26,84.0
2022-09-27,82.0
2022-09-28,80.0
2022-09-29,77.0
2022-09-30,75.0
2022-10-01,75.0
2022-10-02,74.0
2022-10-03,74.0
2022-10-04,77.0
2022-10-05,78.0
2022-10-06,79.0
2022-10-07,80.0
2022-10-08,79.0
2022-10-09,78.0
2022-10-10,76.0
2022-10-11,75.0
2022-10-12,78.0
2022-10-13,77.0
2022-10-14,78.0
2022-10-15,77.0
2022-10-16,67.0
2022-10-17,70.0
2022-10-18,74.0
2022-10-19,75.0
2022-10-20,76.0
2022-10-21,73.0
2022-10-22,56.0
2022-10-23,53.0
2022-10-24,56.0
2022-10-25,61.0
2022-10-26,58.0
2022-10-27,59.0
2022-10-28,60.0
2022-10-29,63.0
2022-10-30,64.0
2022-10-31,63.0
2022-11-01,53.0
2022-11-02,39.0
2022-11-03,40.0
2022-11-04,46.0
2022-11-05,53.0
2022-11-06,48.0
2022-11-07,44.0
2022-11-08,38.0
2022-11-09,37.0
2022-11-10,45.0
2022-11-11,49.0
2022-11-12,53.0
2022-11-13,49.0
2022-11-14,50.0
2022-11-15,53.0
2022-11-16,58.0
2022-11-17,55.0
2022-11-18,52.0
2022-11-19,51.0
2022-11-20,55.0
2022-11-21,56.0
2022-11-22,57.0
2022-11-23,58.0
2022-11-24,65.0
2022-11-25,59.0
2022-11-26,56.0
2022-11-27,55.0
2022-11-28,45.0
2022-11-29,45.0
2022-11-30,48.0
2022-12-01,35.0
2022-12-02,42.0
2022-12-03,39.0
2022-12-04,44.0
2022-12-05,39.0
2022-12-06,38.0
2022-12-07,39.0
2022-12-08,41.0
2022-12-09,47.0
2022-12-10,40.0
2022-12-11,38.0
2022-12-12,34.0
2022-12-13,42.0
2022-12-14,46.0
2022-12-15,53.0
2022-12-16,51.0
2022-12-17,50.0
2022-12-18,48.0
2022-12-19,48.0
2022-12-20,48.0
2022-12-21,55.0
2022-12-22,52.0
2022-12-23,56.0
2022-12-24,59.0
2022-12-25,64.0
2022-12-26,60.0
2022-12-27,42.0
2022-12-28,43.0
2022-12-29,40.0
2022-12-30,47.0
2022-12-31,46.0
2023-01-01,39.0
2023-01-02,35.0
2023-01-03,43.0
2023-01-04,47.0
2023-01-05,40.0
2023-01-06,43.0
2023-01-07,50.0
2023-01-08,41.0
2023-01-09,46.0
2023-01-10,43.0
2023-01-11,40.0
2023-01-12,59.0
2023-01-13,47.0
2023-01-14,38.0
2023-01-15,35.0
2023-01-16,
2023-01-17,
2023-01-18,41.0
2023-01-19,35.0
2023-01-20,47.0
2023-01-21,46.0
2023-01-22,43.0
2023-01-23,48.0
2023-01-24,53.0
2023-01-25,52.0
2023-01-26,55.0
2023-01-27,55.0
2023-01-28,50.0
2023-01-29,32.0
2023-01-30,42.0
2023-01-31,48.0
2023-02-01,48.0
2023-02-02,52.0
2023-02-03,49.0
2023-02-04,50.0
2023-02-05,40.0
2023-02-06,47.0
2023-02-07,51.0
2023-02-08,60.0
2023-02-09,58.0
2023-02-10,58.0
2023-02-11,38.0
2023-02-12,52.0
2023-02-13,52.0
2023-02-14,37.0
2023-02-15,39.0
2023-02-16,40.0
2023-02-17,44.0
2023-02-18,49.0
2023-02-19,53.0
2023-02-20,55.0
2023-02-21,50.0
2023-02-22,26.0
2023-02-23,25.0
2023-02-24,32.0
2023-02-25,31.0
2023-02-26,34.0
2023-02-27,30.0
2023-02-28,30.0
2023-03-01,33.0
2023-03-02,38.0
2023-03-03,246.0
2023-03-04,36.0
2023-03-05,
2023-03-06,
2023-03-07,
2023-03-08,
2023-03-09,52.0
2023-03-10,44.0
2023-03-11,45.0
2023-03-12,44.0
2023-03-13,55.0
2023-03-14,44.0
2023-03-15,55.0
2023-03-16,47.0
2023-03-17,52.0
2023-03-18,49.0
2023-03-19,44.0
2023-03-20,
2023-03-21,36.0
2023-03-22,39.0
2023-03-23,36.0
2023-03-24,40.0
2023-03-25,39.0
2023-03-26,41.0
2023-03-27,44.0
2023-03-28,44.0
2023-03-29,35.0
2023-03-30,38.0
2023-03-31,47.0
2023-04-01,48.0
2023-04-02,48.0
2023-04-03,33.0
2023-04-04,36.0
2023-04-05,44.0
2023-04-06,51.0
2023-04-07,48.0
2023-04-08,53.0
2023-04-09,65.0
2023-04-10,68.0
2023-04-11,60.0
2023-04-12,54.0
2023-04-13,47.0
2023-04-14,51.0
2023-04-15,61.0
2023-04-16,61.0
2023-04-17,53.0
2023-04-18,42.0
2023-04-19,49.0
2023-04-20,56.0
2023-04-21,64.0
2023-04-22,64.0
2023-04-23,63.0
2023-04-24,64.0
2023-04-25,65.0
2023-04-26,69.0
2023-04-27,75.0
2023-04-28,77.0
2023-04-29,77.0
2023-04-30,71.0
2023-05-01,52.0
2023-05-02,41.0
2023-05-03,47.0
2023-05-04,41.0
2023-05-05,45.0
2023-05-06,48.0
2023-05-07,55.0
2023-05-08,56.0
2023-05-09,53.0
2023-05-10,58.0
2023-05-11,62.0
2023-05-12,72.0
2023-05-13,75.0
2023-05-14,73.0
2023-05-15,75.0
2023-05-16,77.0
2023-05-17,77.0
2023-05-18,77.0
2023-05-19,74.0
2023-05-20,75.0
2023-05-21,75.0
2023-05-22,75.0
2023-05-23,819.0
2023-05-24,64.0
2023-05-25,62.0
2023-05-26,63.0
2023-05-27,68.0
2023-05-28,66.0
2023-05-29,64.0
2023-05-30,61.0
2023-05-31,62.0
2023-06-01,67.0
2023-06-02,69.0
2023-06-03,74.0
2023-06-04,76.0
2023-06-05,78.0
2023-06-06,60.0
2023-06-07,57.0
2023-06-08,62.0
2023-06-09,67.0
2023-06-10,65.0
2023-06-11,64.0
2023-06-12,62.0
2023-06-13,69.0
2023-06-14,72.0
2023-06-15,75.0
2023-06-16,72.0
2023-06-17,76.0
2023-06-18,72.0
2023-06-19,62.0
2023-06-20,63.0
2023-06-21,67.0
2023-06-22,64.0
2023-06-23,64.0
2023-06-24,68.0
2023-06-25,68.0
2023-06-26,68.0
2023-06-27,69.0
2023-06-28,72.0
2023-06-29,81.0
2023-06-30,85.0
2023-07-01,90.0
2023-07-02,90.0
2023-07-03,84.0
2023-07-04,82.0
2023-07-05,80.0
2023-07-06,77.0
2023-07-07,76.0
2023-07-08,76.0
2023-07-09,73.0
2023-07-10,75.0
2023-07-11,81.0
2023-07-12,81.0
2023-07-13,83.0
2023-07-14,86.0
2023-07-15,97.0
2023-07-16,96.0
2023-07-17,89.0
2023-07-18,88.0
2023-07-19,87.0
2023-07-20,88.0
2023-07-21,89.0
2023-07-22,91.0
2023-07-23,87.0
2023-07-24,84.0
2023-07-25,85.0
2023-07-26,86.0
2023-07-27,85.0
2023-07-28,84.0
2023-07-29,84.0
2023-07-30,85.0
2023-07-31,84.0
2023-08-01,80.0
2023-08-02,77.0
2023-08-03,75.0
2023-08-04,78.0
2023-08-05,80.0
2023-08-06,82.0
2023-08-07,82.0
2023-08-08,80.0
2023-08-09,78.0
2023-08-10,77.0
2023-08-11,74.0
2023-08-12,80.0
2023-08-13,80.0
2023-08-14,84.0
2023-08-15,84.0
2023-08-16,85.0
2023-08-17,84.0
2023-08-18,82.0
2023-08-19,80.0
2023-08-20,66.0
2023-08-21,68.0
2023-08-22,73.0
2023-08-23,79.0
2023-08-24,77.0
2023-08-25,77.0
2023-08-26,79.0
2023-08-27,81.0
2023-08-28,84.0
2023-08-29,83.0
2023-08-30,85.0
2023-08-31,79.0
2023-09-01,71.0
2023-09-02,61.0
2023-09-03,59.0
2023-09-04,65.0
2023-09-05,73.0
2023-09-06,75.0
2023-09-07,76.0
2023-09-08,79.0
2023-09-09,78.0
2023-09-10,78.0
2023-09-11,76.0
2023-09-12,75.0
2023-09-13,76.0
2023-09-14,80.0
2023-09-15,81.0
2023-09-16,80.0
2023-09-17,78.0
2023-09-18,69.0
2023-09-19,69.0
2023-09-20,69.0
2023-09-21,61.0
2023-09-22,68.0
2023-09-23,69.0
2023-09-24,72.0
2023-09-25,71.0
2023-09-26,70.0
2023-09-27,71.0
2023-09-28,69.0
2023-09-29,67.0
2023-09-30,55.0
2023-10-01,57.0
2023-10-02,58.0
2023-10-03,64.0
2023-10-04,71.0
2023-10-05,76.0
2023-10-06,80.0
2023-10-07,80.0
2023-10-08,79.0
2023-10-09,71.0
2023-10-10,64.0
2023-10-11,58.0
2023-10-12,61.0
2023-10-13,67.0
2023-10-14,68.0
2023-10-15,74.0
2023-10-16,75.0
2023-10-17,73.0
2023-10-18,83.0
2023-10-19,82.0
2023-10-20,77.0
2023-10-21,71.0
2023-10-22,60.0
2023-10-23,64.0
2023-10-24,66.0
2023-10-25,63.0
2023-10-26,56.0
2023-10-27,54.0
2023-10-28,52.0
2023-10-29,61.0
2023-10-30,63.0
2023-10-31,66.0
2023-11-01,65.0
2023-11-02,69.0
2023-11-03,70.0
2023-11-04,
2023-11-05,67.0
2023-11-06,56.0
2023-11-07,48.0
2023-11-08,53.0
2023-11-09,56.0
2023-11-10,57.0
2023-11-11,62.0
2023-11-12,65.0
2023-11-13,59.0
2023-11-14,60.0
2023-11-15,56.0
2023-11-16,54.0
2023-11-17,53.0
2023-11-18,45.0
2023-11-19,47.0
2023-11-20,66.0
2023-11-21,61.0
2023-11-22,61.0
2023-11-23,56.0
2023-11-24,46.0
2023-11-25,47.0
2023-11-26,47.0
2023-11-27,50.0
2023-11-28,52.0
2023-11-29,46.0
2023-11-30,45.0
2023-12-01,43.0
2023-12-02,47.0
2023-12-03,50.0
2023-12-04,57.0
2023-12-05,64.0
2023-12-06,58.0
2023-12-07,45.0
2023-12-08,45.0
2023-12-09,52.0
2023-12-10,61.0
2023-12-11,60.0
2023-12-12,55.0
2023-12-13,53.0
2023-12-14,55.0
2023-12-15,60.0
2023-12-16,64.0
2023-12-17,59.0
2023-12-18,52.0
2023-12-19,46.0
2023-12-20,50.0
2023-12-21,51.0
2023-12-22,52.0
2023-12-23,47.0
2023-12-24,50.0
2023-12-25,55.0
2023-12-26,56.0
2023-12-27,56.0
2023-12-28,58.0
2023-12-29,56.0
2023-12-30,39.0
2023-12-31,42.0
2024-01-01,50.0
2024-01-02,48.0
2024-01-03,32.0
2024-01-04,44.0
2024-01-05,49.0
2024-01-06,40.0
2024-01-07,46.0
2024-01-08,38.0
2024-01-09,44.0
2024-01-10,36.0
2024-01-11,32.0
2024-01-12,40.0
2024-01-13,40.0
2024-01-14,50.0
2024-01-15,48.0
2024-01-16,51.0
2024-01-17,49.0
2024-01-18,56.0
2024-01-19,57.0
2024-01-20,44.0
2024-01-21,46.0
2024-01-22,40.0
2024-01-23,46.0
2024-01-24,41.0
2024-01-25,48.0
2024-01-26,51.0
2024-01-27,63.0
2024-01-28,68.0
2024-01-29,63.0
2024-01-30,62.0
2024-01-31,55.0
2024-02-01,39.0
2024-02-02,35.0
2024-02-03,39.0
2024-02-04,41.0
2024-02-05,43.0
2024-02-06,39.0
2024-02-07,36.0
2024-02-08,37.0
2024-02-09,36.0
2024-02-10,39.0
2024-02-11,45.0
2024-02-12,51.0
2024-02-13,48.0
2024-02-14,47.0
2024-02-15,49.0
2024-02-16,50.0
2024-02-17,51.0
2024-02-18,51.0
2024-02-19,44.0
2024-02-20,47.0
2024-02-21,43.0
2024-02-22,49.0
2024-02-23,59.0
2024-02-24,56.0
2024-02-25,55.0
2024-02-26,48.0
2024-02-27,49.0
2024-02-28,55.0
2024-02-29,47.0
2024-03-01,39.0
2024-03-02,36.0
2024-03-03,37.0
2024-03-04,42.0
2024-03-05,45.0
2024-03-06,46.0
2024-03-07,46.0
2024-03-08,50.0
2024-03-09,52.0
2024-03-10,51.0
2024-03-11,48.0
2024-03-12,45.0
2024-03-13,49.0
2024-03-14,46.0
2024-03-15,51.0
2024-03-16,53.0
2024-03-17,57.0
2024-03-18,62.0
2024-03-19,62.0
2024-03-20,60.0
2024-03-21,59.0
2024-03-22,57.0
2024-03-23,43.0
2024-03-24,41.0
2024-03-25,47.0
2024-03-26,51.0
2024-03-27,52.0
2024-03-28,42.0
2024-03-29,38.0
2024-03-30,42.0
2024-03-31,47.0
2024-04-01,51.0
2024-04-02,57.0
2024-04-03,60.0
2024-04-04,48.0
2024-04-05,31.0
2024-04-06,41.0
2024-04-07,44.0
2024-04-08,52.0
2024-04-09,56.0
2024-04-10,66.0
2024-04-11,68.0
2024-04-12,63.0
2024-04-13,48.0
2024-04-14,39.0
2024-04-15,48.0
2024-04-16,63.0
2024-04-17,66.0
2024-04-18,66.0
2024-04-19,67.0
2024-04-20,69.0
2024-04-21,73.0
2024-04-22,71.0
2024-04-23,60.0
2024-04-24,54.0
2024-04-25,56.0
2024-04-26,48.0
2024-04-27,54.0
2024-04-28,59.0
2024-04-29,59.0
2024-04-30,63.0
2024-05-01,61.0
2024-05-02,65.0
2024-05-03,65.0
2024-05-04,55.0
2024-05-05,46.0
2024-05-06,56.0
2024-05-07,58.0
2024-05-08,56.0
2024-05-09,64.0
2024-05-10,66.0
2024-05-11,69.0
2024-05-12,74.0
2024-05-13,72.0
2024-05-14,72.0
2024-05-15,75.0
2024-05-16,72.0
2024-05-17,71.0
2024-05-18,68.0
2024-05-19,68.0
2024-05-20,63.0
2024-05-21,65.0
2024-05-22,68.0
2024-05-23,65.0
2024-05-24,63.0
2024-05-25,62.0
2024-05-26,68.0
2024-05-27,72.0
2024-05-28,73.0
2024-05-29,71.0
2024-05-30,73.0
2024-05-31,75.0
2024-06-01,74.0
2024-06-02,73.0
2024-06-03,69.0
2024-06-04,80.0
2024-06-05,86.0
2024-06-06,86.0
2024-06-07,84.0
2024-06-08,78.0
2024-06-09,73.0
2024-06-10,78.0
2024-06-11,85.0
2024-06-12,83.0
2024-06-13,79.0
2024-06-14,79.0
2024-06-15,74.0
2024-06-16,75.0
2024-06-17,67.0
2024-06-18,68.0
2024-06-19,72.0
2024-06-20,75.0
2024-06-21,80.0
2024-06-22,88.0
2024-06-23,87.0
2024-06-24,83.0
2024-06-25,85.0
2024-06-26,82.0
2024-06-27,80.0
2024-06-28,78.0
2024-06-29,82.0
2024-06-30,80.0
2024-07-01,82.0
2024-07-02,89.0
2024-07-03,90.0
2024-07-04,90.0
2024-07-05,93.0
2024-07-06,96.0
2024-07-07,96.0
2024-07-08,94.0
2024-07-09,92.0
2024-07-10,92.0
2024-07-11,96.0
2024-07-12,96.0
2024-07-13,91.0
2024-07-14,86.0
2024-07-15,83.0
2024-07-16,85.0
2024-07-17,84.0
2024-07-18,83.0
2024-07-19,87.0
2024-07-20,89.0
2024-07-21,88.0
2024-07-22,90.0
2024-07-23,94.0
2024-07-24,89.0
2024-07-25,88.0
2024-07-26,85.0
2024-07-27,77.0
2024-07-28,77.0
2024-07-29,81.0
2024-07-30,80.0
2024-07-31,83.0
2024-08-01,88.0
2024-08-02,83.0
2024-08-03,86.0
2024-08-04,86.0
2024-08-05,90.0
2024-08-06,90.0
2024-08-07,91.0
2024-08-08,90.0
2024-08-09,90.0
2024-08-10,89.0
2024-08-11,86.0
2024-08-12,81.0
2024-08-13,79.0
2024-08-14,78.0
2024-08-15,82.0
2024-08-16,82.0
2024-08-17,77.0
2024-08-18,76.0
2024-08-19,80.0
2024-08-20,80.0
2024-08-21,78.0
2024-08-22,74.0
2024-08-23,64.0
2024-08-24,64.0
2024-08-25,70.0
2024-08-26,79.0
2024-08-27,83.0
2024-08-28,84.0
2024-08-29,84.0
2024-08-30,85.0
2024-08-31,85.0
2024-09-01,86.0
2024-09-02,83.0
2024-09-03,85.0
2024-09-04,85.0
2024-09-05,89.0
2024-09-06,87.0
2024-09-07,86.0
2024-09-08,84.0
2024-09-09,85.0
2024-09-10,81.0
2024-09-11,74.0
2024-09-12,69.0
2024-09-13,76.0
2024-09-14,76.0
2024-09-15,70.0
2024-09-16,53.0
2024-09-17,62.0
2024-09-18,62.0
2024-09-19,65.0
2024-09-20,72.0
2024-09-21,74.0
2024-09-22,78.0
2024-09-23,82.0
2024-09-24,84.0
2024-09-25,81.0
2024-09-26,79.0
2024-09-27,84.0
2024-09-28,85.0
2024-09-29,79.0
2024-09-30,86.0
2024-10-01,88.0
2024-10-02,88.0
2024-10-03,85.0
2024-10-04,83.0
2024-10-05,85.0
2024-10-06,84.0
2024-10-07,84.0
2024-10-08,81.0
2024-10-09,79.0
2024-10-10,75.0
2024-10-11,74.0
2024-10-12,73.0
2024-10-13,68.0
2024-10-14,69.0
2024-10-15,77.0
2024-10-16,66.0
2024-10-17,59.0
2024-10-18,61.0
2024-10-19,66.0
2024-10-20,68.0
2024-10-21,69.0
2024-10-22,74.0
2024-10-23,74.0
2024-10-24,72.0
2024-10-25,72.0
2024-10-26,73.0
2024-10-27,67.0
2024-10-28,51.0
2024-10-29,48.0
2024-10-30,51.0
2024-10-31,52.0
2024-11-01,51.0
2024-11-02,49.0
2024-11-03,51.0
2024-11-04,54.0
2024-11-05,55.0
2024-11-06,52.0
2024-11-07,54.0
2024-11-08,60.0
2024-11-09,61.0
2024-11-10,63.0
2024-11-11,52.0
2024-11-12,46.0
2024-11-13,57.0
2024-11-14,50.0
2024-11-15,37.0
2024-11-16,43.0
2024-11-17,47.0
2024-11-18,39.0
2024-11-19,45.0
2024-11-20,55.0
2024-11-21,60.0
2024-11-22,61.0
2024-11-23,46.0
2024-11-24,44.0
2024-11-25,45.0
2024-11-26,38.0
2024-11-27,50.0
2024-11-28,51.0
2024-11-29,59.0
2024-11-30,60.0
2024-12-01,62.0
2024-12-02,64.0
2024-12-03,60.0
2024-12-04,63.0
2024-12-05,61.0
2024-12-06,63.0
2024-12-07,62.0
2024-12-08,57.0
2024-12-09,54.0
2024-12-10,57.0
2024-12-11,59.0
2024-12-12,47.0
2024-12-13,40.0
2024-12-14,45.0
2024-12-15,45.0
2024-12-16,53.0
2024-12-17,57.0
2024-12-18,62.0
2024-12-19,65.0
2024-12-20,63.0
2024-12-21,58.0
2024-12-22,54.0
2024-12-23,58.0
2024-12-24,47.0
2024-12-25,39.0
2024-12-26,52.0
2024-12-27,46.0
2024-12-28,55.0
2024-12-29,50.0
2024-12-30,49.0
2024-12-31,49.0
2025-01-01,57.0
2025-01-02,
