DATE TIME,KSP
2015-01-05,5.28
2015-01-06,5.28
2015-01-07,5.4
2015-01-08,5.4
2015-01-09,5.4
2015-01-10,5.4
2015-01-11,5.4
2015-01-12,5.28
2015-01-13,5.28
2015-01-14,5.28
2015-01-15,5.28
2015-01-16,5.4
2015-01-17,5.4
2015-01-18,5.4
2015-01-19,5.4
2015-01-20,5.4
2015-01-21,5.4
2015-01-22,5.28
2015-01-23,5.4
2015-01-24,5.4
2015-01-25,5.4
2015-01-26,5.4
2015-01-27,5.4
2015-01-28,5.4
2015-01-29,5.4
2015-01-30,5.4
2015-01-31,5.4
2015-02-01,5.4
2015-02-02,5.4
2015-02-03,5.4
2015-02-04,5.4
2015-02-05,5.4
2015-02-06,5.4
2015-02-07,5.52
2015-02-08,6.6
2015-02-09,7.68
2015-02-10,7.92
2015-02-11,8.16
2015-02-12,8.16
2015-02-13,8.16
2015-02-14,8.16
2015-02-15,8.16
2015-02-16,8.16
2015-02-17,8.16
2015-02-18,8.16
2015-02-19,8.16
2015-02-20,8.16
2015-02-21,7.92
2015-02-22,7.8
2015-02-23,7.8
2015-02-24,7.68
2015-02-25,7.8
2015-02-26,7.8
2015-02-27,7.8
2015-02-28,7.68
2015-03-01,7.68
2015-03-02,7.56
2015-03-03,7.56
2015-03-04,7.56
2015-03-05,7.56
2015-03-06,7.8
2015-03-07,7.8
2015-03-08,7.92
2015-03-09,7.8
2015-03-10,7.32
2015-03-11,7.08
2015-03-12,6.84
2015-03-13,6.6
2015-03-14,6.0
2015-03-15,5.16
2015-03-16,4.08
2015-03-17,3.24
2015-03-18,2.64
2015-03-19,2.16
2015-03-20,1.68
2015-03-21,1.44
2015-03-22,1.08
2015-03-23,1.08
2015-03-24,0.96
2015-03-25,0.96
2015-03-26,0.84
2015-03-27,0.84
2015-03-28,0.72
2015-03-29,0.72
2015-03-30,0.6
2015-03-31,0.6
2015-04-01,0.48
2015-04-02,0.48
2015-04-03,0.36
2015-04-04,0.36
2015-04-05,0.24
2015-04-06,0.24
2015-04-07,0.24
2015-04-08,0.24
2015-04-09,0.24
2015-04-10,0.24
2015-04-11,0.24
2015-04-12,0.24
2015-04-13,0.24
2015-04-14,0.24
2015-04-15,0.24
2015-04-16,0.24
2015-04-17,0.24
2015-04-18,0.24
2015-04-19,0.36
2015-04-20,0.36
2015-04-21,0.24
2015-04-22,0.24
2015-04-23,0.24
2015-04-24,0.24
2015-04-25,0.24
2015-04-26,0.36
2015-04-27,0.36
2015-04-28,0.48
2015-04-29,0.48
2015-04-30,0.48
2015-05-01,0.48
2015-05-02,0.48
2015-05-03,0.36
2015-05-04,0.36
2015-05-05,0.36
2015-05-06,0.36
2015-05-07,0.24
2015-05-08,0.24
2015-05-09,0.24
2015-05-10,0.24
2015-05-11,0.24
2015-05-12,0.24
2015-05-13,0.24
2015-05-14,0.24
2015-05-15,0.24
2015-05-16,0.24
2015-05-17,0.24
2015-05-18,0.24
2015-05-19,0.24
2015-05-20,0.24
2015-05-21,0.24
2015-05-22,0.24
2015-05-23,0.24
2015-05-24,0.24
2015-05-25,0.24
2015-05-26,0.24
2015-05-27,0.24
2015-05-28,0.24
2015-05-29,0.36
2015-05-30,0.36
2015-05-31,0.36
2015-06-01,0.36
2015-06-02,0.36
2015-06-03,0.36
2015-06-04,0.24
2015-06-05,0.24
2015-06-06,0.24
2015-06-07,0.24
2015-06-08,0.24
2015-06-09,0.36
2015-06-10,0.36
2015-06-11,0.24
2015-06-12,0.36
2015-06-13,0.36
2015-06-14,0.36
2015-06-15,0.36
2015-06-16,0.36
2015-06-17,0.36
2015-06-18,0.36
2015-06-19,0.36
2015-06-20,0.36
2015-06-21,0.36
2015-06-22,0.36
2015-06-23,0.36
2015-06-24,0.36
2015-06-25,0.36
2015-06-26,0.36
2015-06-27,0.36
2015-06-28,0.36
2015-06-29,0.36
2015-06-30,0.36
2015-07-01,0.36
2015-07-02,0.36
2015-07-03,0.36
2015-07-04,0.36
2015-07-05,0.36
2015-07-06,0.36
2015-07-07,0.48
2015-07-08,0.48
2015-07-09,0.36
2015-07-10,0.36
2015-07-11,0.36
2015-07-12,0.36
2015-07-13,0.36
2015-07-14,0.36
2015-07-15,0.36
2015-07-16,0.36
2015-07-17,0.48
2015-07-18,0.48
2015-07-19,0.48
2015-07-20,0.36
2015-07-21,0.36
2015-07-22,0.36
2015-07-23,0.36
2015-07-24,0.36
2015-07-25,0.36
2015-07-26,0.36
2015-07-27,0.36
2015-07-28,0.36
2015-07-29,0.48
2015-07-30,0.48
2015-07-31,0.48
2015-08-01,0.48
2015-08-02,0.48
2015-08-03,0.48
2015-08-04,0.48
2015-08-05,0.36
2015-08-06,0.48
2015-08-07,0.48
2015-08-08,0.36
2015-08-09,0.36
2015-08-10,0.48
2015-08-11,0.48
2015-08-12,0.48
2015-08-13,0.48
2015-08-14,0.48
2015-08-15,0.48
2015-08-16,0.48
2015-08-17,0.48
2015-08-18,0.48
2015-08-19,0.48
2015-08-20,0.48
2015-08-21,0.48
2015-08-22,0.48
2015-08-23,0.48
2015-08-24,0.48
2015-08-25,0.48
2015-08-26,0.48
2015-08-27,0.48
2015-08-28,0.48
2015-08-29,0.48
2015-08-30,0.48
2015-08-31,0.48
2015-09-01,0.48
2015-09-02,0.48
2015-09-03,0.48
2015-09-04,0.48
2015-09-05,0.36
2015-09-06,0.36
2015-09-07,0.48
2015-09-08,0.48
2015-09-09,0.48
2015-09-10,0.48
2015-09-11,0.48
2015-09-12,0.48
2015-09-13,0.48
2015-09-14,0.48
2015-09-15,0.36
2015-09-16,0.36
2015-09-17,0.36
2015-09-18,0.36
2015-09-19,0.36
2015-09-20,0.48
2015-09-21,0.48
2015-09-22,0.48
2015-09-23,0.48
2015-09-24,0.48
2015-09-25,0.12
2015-09-26,0.12
2015-09-27,0.12
2015-09-28,0.12
2015-09-29,0.12
2015-09-30,0.12
2015-10-01,0.12
2015-10-02,0.12
2015-10-03,0.12
2015-10-04,0.0
2015-10-05,0.0
2015-10-06,0.0
2015-10-07,0.0
2015-10-08,0.12
2015-10-09,0.12
2015-10-10,0.12
2015-10-11,0.0
2015-10-12,0.0
2015-10-13,0.0
2015-10-14,0.0
2015-10-15,0.0
2015-10-16,0.12
2015-10-17,0.12
2015-10-18,0.24
2015-10-19,0.24
2015-10-20,0.24
2015-10-21,0.24
2015-10-22,0.24
2015-10-23,0.24
2015-10-24,0.24
2015-10-25,0.24
2015-10-26,0.24
2015-10-27,0.24
2015-10-28,0.12
2015-10-29,0.24
2015-10-30,0.36
2015-10-31,0.36
2015-11-01,0.36
2015-11-02,0.24
2015-11-03,1.2
2015-11-04,1.32
2015-11-05,1.32
2015-11-06,1.32
2015-11-07,1.32
2015-11-08,1.32
2015-11-09,1.32
2015-11-10,1.8
2015-11-11,1.92
2015-11-12,1.92
2015-11-13,2.04
2015-11-14,2.04
2015-11-15,2.04
2015-11-16,
2015-11-17,2.28
2015-11-18,2.52
2015-11-19,2.52
2015-11-20,2.52
2015-11-21,2.52
2015-11-22,2.52
2015-11-23,2.52
2015-11-24,2.52
2015-11-25,2.52
2015-11-26,2.52
2015-11-27,2.64
2015-11-28,2.64
2015-11-29,2.76
2015-11-30,2.88
2015-12-01,2.88
2015-12-02,2.88
2015-12-03,2.88
2015-12-04,3.0
2015-12-05,3.0
2015-12-06,3.0
2015-12-07,3.0
2015-12-08,3.0
2015-12-09,3.12
2015-12-10,3.12
2015-12-11,3.72
2015-12-12,4.2
2015-12-13,4.2
2015-12-14,5.16
2015-12-15,5.28
2015-12-16,5.28
2015-12-17,5.4
2015-12-18,5.4
2015-12-19,5.52
2015-12-20,5.64
2015-12-21,5.88
2015-12-22,7.32
2015-12-23,7.8
2015-12-24,7.92
2015-12-25,8.64
2015-12-26,8.76
2015-12-27,8.76
2015-12-28,8.88
2015-12-29,8.88
2015-12-30,8.88
2015-12-31,8.88
2016-01-01,8.88
2016-01-02,8.88
2016-01-03,9.0
2016-01-04,9.0
2016-01-05,9.0
2016-01-06,10.08
2016-01-07,11.16
2016-01-08,11.28
2016-01-09,11.4
2016-01-10,11.4
2016-01-11,11.52
2016-01-12,11.52
2016-01-13,11.64
2016-01-14,11.64
2016-01-15,12.0
2016-01-16,12.24
2016-01-17,12.48
2016-01-18,12.6
2016-01-19,13.08
2016-01-20,14.52
2016-01-21,14.64
2016-01-22,14.76
2016-01-23,15.24
2016-01-24,15.96
2016-01-25,16.08
2016-01-26,16.2
2016-01-27,16.32
2016-01-28,16.44
2016-01-29,16.44
2016-01-30,16.44
2016-01-31,18.0
2016-02-01,19.68
2016-02-02,19.8
2016-02-03,19.92
2016-02-04,20.04
2016-02-05,20.16
2016-02-06,20.16
2016-02-07,20.28
2016-02-08,20.28
2016-02-09,20.4
2016-02-10,20.52
2016-02-11,20.76
2016-02-12,21.0
2016-02-13,21.0
2016-02-14,21.0
2016-02-15,21.0
2016-02-16,21.12
2016-02-17,21.12
2016-02-18,22.08
2016-02-19,22.8
2016-02-20,23.04
2016-02-21,23.04
2016-02-22,23.16
2016-02-23,23.16
2016-02-24,23.04
2016-02-25,22.92
2016-02-26,23.04
2016-02-27,23.16
2016-02-28,23.28
2016-02-29,23.28
2016-03-01,23.04
2016-03-02,22.92
2016-03-03,22.8
2016-03-04,22.8
2016-03-05,23.04
2016-03-06,24.84
2016-03-07,25.68
2016-03-08,25.92
2016-03-09,26.16
2016-03-10,26.28
2016-03-11,26.4
2016-03-12,26.76
2016-03-13,27.24
2016-03-14,27.84
2016-03-15,28.08
2016-03-16,28.2
2016-03-17,27.84
2016-03-18,27.36
2016-03-19,27.0
2016-03-20,27.0
2016-03-21,26.4
2016-03-22,26.4
2016-03-23,26.64
2016-03-24,26.64
2016-03-25,26.16
2016-03-26,25.56
2016-03-27,24.84
2016-03-28,24.48
2016-03-29,24.48
2016-03-30,24.72
2016-03-31,24.84
2016-04-01,24.72
2016-04-02,23.88
2016-04-03,23.52
2016-04-04,23.28
2016-04-05,22.2
2016-04-06,21.48
2016-04-07,20.64
2016-04-08,20.4
2016-04-09,20.16
2016-04-10,20.16
2016-04-11,20.28
2016-04-12,20.16
2016-04-13,19.68
2016-04-14,19.08
2016-04-15,18.6
2016-04-16,18.12
2016-04-17,17.4
2016-04-18,16.68
2016-04-19,15.72
2016-04-20,14.64
2016-04-21,13.68
2016-04-22,12.84
2016-04-23,12.6
2016-04-24,12.72
2016-04-25,12.6
2016-04-26,12.48
2016-04-27,12.36
2016-04-28,12.12
2016-04-29,11.76
2016-04-30,11.16
2016-05-01,10.56
2016-05-02,9.96
2016-05-03,9.96
2016-05-04,9.24
2016-05-05,8.4
2016-05-06,8.04
2016-05-07,7.92
2016-05-08,7.92
2016-05-09,7.92
2016-05-10,7.2
2016-05-11,5.88
2016-05-12,4.08
2016-05-13,2.64
2016-05-14,1.44
2016-05-15,0.96
2016-05-16,0.84
2016-05-17,0.72
2016-05-18,0.72
2016-05-19,0.72
2016-05-20,0.6
2016-05-21,0.48
2016-05-22,0.36
2016-05-23,0.36
2016-05-24,0.36
2016-05-25,0.6
2016-05-26,1.08
2016-05-27,1.08
2016-05-28,0.84
2016-05-29,0.84
2016-05-30,0.72
2016-05-31,0.72
2016-06-01,0.72
2016-06-02,0.6
2016-06-03,0.48
2016-06-04,0.6
2016-06-05,0.48
2016-06-06,0.48
2016-06-07,0.48
2016-06-08,0.48
2016-06-09,0.48
2016-06-10,0.48
2016-06-11,0.48
2016-06-12,0.6
2016-06-13,0.72
2016-06-14,0.72
2016-06-15,0.6
2016-06-16,0.48
2016-06-17,0.48
2016-06-18,0.48
2016-06-19,0.48
2016-06-20,0.6
2016-06-21,0.48
2016-06-22,0.48
2016-06-23,0.48
2016-06-24,0.48
2016-06-25,0.6
2016-06-26,0.96
2016-06-27,0.96
2016-06-28,0.96
2016-06-29,1.08
2016-06-30,0.96
2016-07-01,0.96
2016-07-02,0.96
2016-07-03,0.96
2016-07-04,0.96
2016-07-05,0.96
2016-07-06,0.96
2016-07-07,0.84
2016-07-08,1.08
2016-07-09,0.96
2016-07-10,0.84
2016-07-11,0.84
2016-07-12,0.84
2016-07-13,0.96
2016-07-14,0.96
2016-07-15,0.96
2016-07-16,0.96
2016-07-17,0.96
2016-07-18,0.96
2016-07-19,0.96
2016-07-20,0.96
2016-07-21,0.96
2016-07-22,0.96
2016-07-23,0.96
2016-07-24,1.08
2016-07-25,1.08
2016-07-26,1.08
2016-07-27,1.08
2016-07-28,1.08
2016-07-29,1.08
2016-07-30,1.08
2016-07-31,1.08
2016-08-01,1.08
2016-08-02,1.08
2016-08-03,1.08
2016-08-04,1.08
2016-08-05,0.96
2016-08-06,0.96
2016-08-07,0.96
2016-08-08,0.96
2016-08-09,0.96
2016-08-10,0.96
2016-08-11,0.96
2016-08-12,0.96
2016-08-13,0.96
2016-08-14,1.08
2016-08-15,0.96
2016-08-16,0.96
2016-08-17,1.08
2016-08-18,1.08
2016-08-19,1.08
2016-08-20,1.08
2016-08-21,1.08
2016-08-22,1.08
2016-08-23,0.96
2016-08-24,0.96
2016-08-25,0.96
2016-08-26,0.96
2016-08-27,0.96
2016-08-28,0.96
2016-08-29,0.96
2016-08-30,1.08
2016-08-31,1.08
2016-09-01,0.96
2016-09-02,0.96
2016-09-03,0.96
2016-09-04,0.84
2016-09-05,0.84
2016-09-06,0.96
2016-09-07,0.96
2016-09-08,0.96
2016-09-09,1.08
2016-09-10,1.08
2016-09-11,1.08
2016-09-12,1.32
2016-09-13,1.2
2016-09-14,0.96
2016-09-15,1.2
2016-09-16,1.2
2016-09-17,1.2
2016-09-18,1.2
2016-09-19,1.2
2016-09-20,1.2
2016-09-21,1.2
2016-09-22,1.08
2016-09-23,0.36
2016-09-24,0.36
2016-09-25,0.36
2016-09-26,0.48
2016-09-27,0.36
2016-09-28,0.36
2016-09-29,0.36
2016-09-30,0.36
2016-10-01,0.36
2016-10-02,0.24
2016-10-03,0.12
2016-10-04,0.12
2016-10-05,0.12
2016-10-06,0.12
2016-10-07,0.24
2016-10-08,0.24
2016-10-09,0.24
2016-10-10,0.24
2016-10-11,0.24
2016-10-12,0.24
2016-10-13,0.24
2016-10-14,0.24
2016-10-15,0.24
2016-10-16,0.72
2016-10-17,1.08
2016-10-18,1.2
2016-10-19,1.08
2016-10-20,0.96
2016-10-21,0.96
2016-10-22,0.84
2016-10-23,0.84
2016-10-24,0.84
2016-10-25,0.84
2016-10-26,0.84
2016-10-27,0.84
2016-10-28,1.08
2016-10-29,1.08
2016-10-30,0.96
2016-10-31,1.2
2016-11-01,1.2
2016-11-02,1.2
2016-11-03,1.2
2016-11-04,1.2
2016-11-05,1.2
2016-11-06,1.08
2016-11-07,1.08
2016-11-08,0.96
2016-11-09,0.96
2016-11-10,0.84
2016-11-11,0.84
2016-11-12,0.84
2016-11-13,0.84
2016-11-14,0.84
2016-11-15,0.84
2016-11-16,0.84
2016-11-17,0.72
2016-11-18,0.48
2016-11-19,0.48
2016-11-20,0.48
2016-11-21,0.48
2016-11-22,0.48
2016-11-23,0.84
2016-11-24,1.2
2016-11-25,1.2
2016-11-26,1.2
2016-11-27,1.8
2016-11-28,2.16
2016-11-29,2.28
2016-11-30,2.28
2016-12-01,2.28
2016-12-02,2.28
2016-12-03,2.28
2016-12-04,2.28
2016-12-05,2.28
2016-12-06,2.28
2016-12-07,2.16
2016-12-08,2.16
2016-12-09,2.76
2016-12-10,2.88
2016-12-11,3.6
2016-12-12,3.6
2016-12-13,3.6
2016-12-14,3.6
2016-12-15,3.72
2016-12-16,9.24
2016-12-17,9.48
2016-12-18,9.6
2016-12-19,9.6
2016-12-20,9.72
2016-12-21,9.72
2016-12-22,9.72
2016-12-23,9.72
2016-12-24,11.28
2016-12-25,11.4
2016-12-26,11.4
2016-12-27,11.4
2016-12-28,11.52
2016-12-29,11.52
2016-12-30,11.52
2016-12-31,11.52
2017-01-01,11.52
2017-01-02,11.52
2017-01-03,11.4
2017-01-04,12.84
2017-01-05,16.92
2017-01-06,17.64
2017-01-07,17.76
2017-01-08,21.96
2017-01-09,23.88
2017-01-10,26.04
2017-01-11,29.16
2017-01-12,30.6
2017-01-13,32.04
2017-01-14,32.4
2017-01-15,32.76
2017-01-16,33.12
2017-01-17,33.36
2017-01-18,33.6
2017-01-19,35.64
2017-01-20,36.84
2017-01-21,39.0
2017-01-22,40.2
2017-01-23,43.8
2017-01-24,45.0
2017-01-25,45.24
2017-01-26,45.6
2017-01-27,45.84
2017-01-28,45.96
2017-01-29,46.2
2017-01-30,46.32
2017-01-31,46.44
2017-02-01,46.44
2017-02-02,46.44
2017-02-03,46.68
2017-02-04,
2017-02-05,48.12
2017-02-06,48.48
2017-02-07,49.56
2017-02-08,48.96
2017-02-09,50.52
2017-02-10,50.52
2017-02-11,52.08
2017-02-12,53.04
2017-02-13,53.76
2017-02-14,54.36
2017-02-15,54.6
2017-02-16,54.6
2017-02-17,55.08
2017-02-18,57.12
2017-02-19,57.96
2017-02-20,58.8
2017-02-21,61.8
2017-02-22,63.72
2017-02-23,64.56
2017-02-24,65.04
2017-02-25,65.28
2017-02-26,65.64
2017-02-27,66.0
2017-02-28,66.6
2017-03-01,67.08
2017-03-02,67.32
2017-03-03,67.56
2017-03-04,67.08
2017-03-05,66.24
2017-03-06,67.8
2017-03-07,68.4
2017-03-08,68.88
2017-03-09,67.56
2017-03-10,68.64
2017-03-11,68.76
2017-03-12,68.88
2017-03-13,69.48
2017-03-14,69.24
2017-03-15,68.88
2017-03-16,68.64
2017-03-17,68.4
2017-03-18,68.28
2017-03-19,68.04
2017-03-20,67.56
2017-03-21,67.32
2017-03-22,67.56
2017-03-23,67.68
2017-03-24,67.68
2017-03-25,68.04
2017-03-26,68.16
2017-03-27,68.28
2017-03-28,68.4
2017-03-29,68.4
2017-03-30,69.12
2017-03-31,69.24
2017-04-01,69.0
2017-04-02,69.12
2017-04-03,69.12
2017-04-04,68.76
2017-04-05,68.16
2017-04-06,67.8
2017-04-07,67.44
2017-04-08,69.48
2017-04-09,70.32
2017-04-10,70.56
2017-04-11,70.56
2017-04-12,70.56
2017-04-13,70.56
2017-04-14,70.68
2017-04-15,70.8
2017-04-16,70.92
2017-04-17,71.28
2017-04-18,72.12
2017-04-19,73.2
2017-04-20,73.32
2017-04-21,73.32
2017-04-22,73.32
2017-04-23,73.08
2017-04-24,72.36
2017-04-25,71.88
2017-04-26,71.52
2017-04-27,71.16
2017-04-28,70.92
2017-04-29,70.44
2017-04-30,69.96
2017-05-01,69.6
2017-05-02,69.0
2017-05-03,68.16
2017-05-04,67.32
2017-05-05,66.24
2017-05-06,65.04
2017-05-07,64.2
2017-05-08,63.6
2017-05-09,63.0
2017-05-10,62.28
2017-05-11,61.44
2017-05-12,60.48
2017-05-13,59.4
2017-05-14,58.44
2017-05-15,57.72
2017-05-16,57.24
2017-05-17,57.0
2017-05-18,56.64
2017-05-19,56.52
2017-05-20,56.16
2017-05-21,55.32
2017-05-22,54.12
2017-05-23,52.92
2017-05-24,51.48
2017-05-25,50.16
2017-05-26,48.96
2017-05-27,47.76
2017-05-28,46.56
2017-05-29,45.12
2017-05-30,43.8
2017-05-31,42.36
2017-06-01,41.4
2017-06-02,40.32
2017-06-03,39.12
2017-06-04,37.68
2017-06-05,36.12
2017-06-06,34.56
2017-06-07,33.0
2017-06-08,31.56
2017-06-09,30.0
2017-06-10,28.44
2017-06-11,27.0
2017-06-12,26.28
2017-06-13,26.04
2017-06-14,24.96
2017-06-15,23.4
2017-06-16,21.48
2017-06-17,19.44
2017-06-18,16.56
2017-06-19,13.08
2017-06-20,7.44
2017-06-21,3.6
2017-06-22,2.52
2017-06-23,2.04
2017-06-24,1.8
2017-06-25,1.56
2017-06-26,1.44
2017-06-27,1.2
2017-06-28,0.96
2017-06-29,0.96
2017-06-30,0.96
2017-07-01,0.84
2017-07-02,0.6
2017-07-03,0.6
2017-07-04,0.6
2017-07-05,0.48
2017-07-06,0.48
2017-07-07,0.48
2017-07-08,0.6
2017-07-09,0.48
2017-07-10,0.48
2017-07-11,0.48
2017-07-12,0.48
2017-07-13,0.48
2017-07-14,0.48
2017-07-15,0.48
2017-07-16,0.48
2017-07-17,0.48
2017-07-18,0.36
2017-07-19,0.36
2017-07-20,0.36
2017-07-21,0.36
2017-07-22,0.48
2017-07-23,0.48
2017-07-24,0.48
2017-07-25,0.36
2017-07-26,0.36
2017-07-27,0.36
2017-07-28,0.36
2017-07-29,0.36
2017-07-30,0.36
2017-07-31,0.36
2017-08-01,0.48
2017-08-02,0.48
2017-08-03,0.36
2017-08-04,-0.96
2017-08-05,-0.6
2017-08-06,-0.6
2017-08-07,-0.72
2017-08-08,-0.72
2017-08-09,-0.72
2017-08-10,-0.84
2017-08-11,-0.84
2017-08-12,-0.84
2017-08-13,-0.84
2017-08-14,-0.72
2017-08-15,-0.84
2017-08-16,-0.72
2017-08-17,-0.72
2017-08-18,-0.72
2017-08-19,-0.72
2017-08-20,-0.84
2017-08-21,-0.72
2017-08-22,-0.84
2017-08-23,-0.72
2017-08-24,-0.72
2017-08-25,-0.72
2017-08-26,-0.72
2017-08-27,-0.72
2017-08-28,-0.72
2017-08-29,-0.6
2017-08-30,-0.6
2017-08-31,-0.72
2017-09-01,-0.6
2017-09-02,-0.6
2017-09-03,-0.6
2017-09-04,-0.72
2017-09-05,-0.72
2017-09-06,-0.6
2017-09-07,-0.72
2017-09-08,-0.72
2017-09-09,-0.72
2017-09-10,-0.72
2017-09-11,-0.72
2017-09-12,-0.48
2017-09-13,-0.48
2017-09-14,-0.6
2017-09-15,-0.72
2017-09-16,-0.72
2017-09-17,-0.72
2017-09-18,-0.72
2017-09-19,-0.72
2017-09-20,-0.72
2017-09-21,
2017-09-22,
2017-09-23,0.05
2017-09-24,0.05
2017-09-25,0.04
2017-09-26,
2017-09-27,0.04
2017-09-28,0.05
2017-09-29,0.01
2017-09-30,0.01
2017-10-01,0.12
2017-10-02,0.12
2017-10-03,0.12
2017-10-04,0.0
2017-10-05,0.12
2017-10-06,0.12
2017-10-07,0.24
2017-10-08,0.12
2017-10-09,0.12
2017-10-10,0.12
2017-10-11,0.12
2017-10-12,0.0
2017-10-13,0.0
2017-10-14,0.12
2017-10-15,0.12
2017-10-16,0.12
2017-10-17,0.12
2017-10-18,0.12
2017-10-19,0.12
2017-10-20,0.24
2017-10-21,0.36
2017-10-22,0.72
2017-10-23,0.72
2017-10-24,0.72
2017-10-25,0.6
2017-10-26,0.6
2017-10-27,0.6
2017-10-28,0.6
2017-10-29,0.6
2017-10-30,0.48
2017-10-31,0.36
2017-11-01,0.36
2017-11-02,0.24
2017-11-03,0.24
2017-11-04,0.24
2017-11-05,0.24
2017-11-06,0.24
2017-11-07,0.24
2017-11-08,0.24
2017-11-09,0.24
2017-11-10,0.24
2017-11-11,0.24
2017-11-12,0.24
2017-11-13,0.24
2017-11-14,0.36
2017-11-15,0.24
2017-11-16,1.44
2017-11-17,4.56
2017-11-18,4.68
2017-11-19,4.56
2017-11-20,4.68
2017-11-21,4.68
2017-11-22,4.68
2017-11-23,4.8
2017-11-24,4.8
2017-11-25,4.68
2017-11-26,4.68
2017-11-27,5.04
2017-11-28,5.16
2017-11-29,5.28
2017-11-30,5.28
2017-12-01,5.76
2017-12-02,5.76
2017-12-03,5.76
2017-12-04,5.76
2017-12-05,5.4
2017-12-06,5.76
2017-12-07,5.64
2017-12-08,5.88
2017-12-09,5.76
2017-12-10,5.64
2017-12-11,5.64
2017-12-12,5.88
2017-12-13,6.0
2017-12-14,6.12
2017-12-15,6.12
2017-12-16,6.12
2017-12-17,6.0
2017-12-18,6.12
2017-12-19,6.12
2017-12-20,6.12
2017-12-21,6.0
2017-12-22,6.0
2017-12-23,6.0
2017-12-24,6.12
2017-12-25,6.12
2017-12-26,6.12
2017-12-27,6.12
2017-12-28,6.0
2017-12-29,6.0
2017-12-30,6.0
2017-12-31,6.0
2018-01-01,6.0
2018-01-02,6.0
2018-01-03,6.12
2018-01-04,6.24
2018-01-05,7.44
2018-01-06,7.68
2018-01-07,7.8
2018-01-08,7.8
2018-01-09,8.4
2018-01-10,8.52
2018-01-11,8.64
2018-01-12,8.76
2018-01-13,8.76
2018-01-14,8.76
2018-01-15,8.76
2018-01-16,8.76
2018-01-17,8.64
2018-01-18,8.64
2018-01-19,8.64
2018-01-20,8.64
2018-01-21,8.64
2018-01-22,8.64
2018-01-23,8.76
2018-01-24,8.88
2018-01-25,8.88
2018-01-26,9.0
2018-01-27,9.0
2018-01-28,9.0
2018-01-29,9.0
2018-01-30,9.0
2018-01-31,9.0
2018-02-01,9.0
2018-02-02,9.0
2018-02-03,9.0
2018-02-04,9.0
2018-02-05,9.0
2018-02-06,9.0
2018-02-07,8.88
2018-02-08,8.88
2018-02-09,9.0
2018-02-10,9.0
2018-02-11,9.0
2018-02-12,9.0
2018-02-13,9.0
2018-02-14,9.0
2018-02-15,9.12
2018-02-16,9.36
2018-02-17,9.72
2018-02-18,9.84
2018-02-19,9.72
2018-02-20,9.72
2018-02-21,9.84
2018-02-22,9.84
2018-02-23,9.96
2018-02-24,9.96
2018-02-25,10.2
2018-02-26,10.2
2018-02-27,10.2
2018-02-28,10.2
2018-03-01,10.32
2018-03-02,10.8
2018-03-03,11.28
2018-03-04,11.76
2018-03-05,12.0
2018-03-06,12.24
2018-03-07,12.48
2018-03-08,12.6
2018-03-09,12.72
2018-03-10,12.84
2018-03-11,12.96
2018-03-12,13.2
2018-03-13,13.44
2018-03-14,14.04
2018-03-15,14.88
2018-03-16,15.36
2018-03-17,16.08
2018-03-18,16.68
2018-03-19,16.92
2018-03-20,17.28
2018-03-21,17.64
2018-03-22,18.96
2018-03-23,21.24
2018-03-24,21.84
2018-03-25,22.32
2018-03-26,22.68
2018-03-27,22.92
2018-03-28,23.16
2018-03-29,23.52
2018-03-30,23.88
2018-03-31,24.36
2018-04-01,24.6
2018-04-02,24.72
2018-04-03,24.72
2018-04-04,24.6
2018-04-05,24.24
2018-04-06,23.88
2018-04-07,23.88
2018-04-08,23.4
2018-04-09,22.8
2018-04-10,22.2
2018-04-11,21.72
2018-04-12,21.48
2018-04-13,21.24
2018-04-14,21.12
2018-04-15,20.88
2018-04-16,20.52
2018-04-17,20.4
2018-04-18,20.4
2018-04-19,20.28
2018-04-20,20.28
2018-04-21,20.4
2018-04-22,20.04
2018-04-23,19.44
2018-04-24,18.84
2018-04-25,18.0
2018-04-26,17.04
2018-04-27,16.08
2018-04-28,15.12
2018-04-29,14.28
2018-04-30,13.68
2018-05-01,12.96
2018-05-02,12.84
2018-05-03,12.6
2018-05-04,11.88
2018-05-05,10.92
2018-05-06,10.08
2018-05-07,8.76
2018-05-08,6.48
2018-05-09,3.48
2018-05-10,2.28
2018-05-11,1.68
2018-05-12,0.96
2018-05-13,0.72
2018-05-14,0.72
2018-05-15,0.72
2018-05-16,0.6
2018-05-17,0.6
2018-05-18,0.6
2018-05-19,0.6
2018-05-20,0.48
2018-05-21,0.48
2018-05-22,0.48
2018-05-23,0.6
2018-05-24,0.36
2018-05-25,0.36
2018-05-26,0.24
2018-05-27,0.24
2018-05-28,0.24
2018-05-29,0.36
2018-05-30,0.36
2018-05-31,0.24
2018-06-01,0.12
2018-06-02,0.24
2018-06-03,0.24
2018-06-04,0.24
2018-06-05,0.24
2018-06-06,0.24
2018-06-07,0.24
2018-06-08,0.24
2018-06-09,0.24
2018-06-10,0.12
2018-06-11,0.24
2018-06-12,0.24
2018-06-13,0.24
2018-06-14,0.24
2018-06-15,0.24
2018-06-16,0.24
2018-06-17,0.12
2018-06-18,0.12
2018-06-19,0.12
2018-06-20,0.24
2018-06-21,0.24
2018-06-22,0.24
2018-06-23,0.24
2018-06-24,0.24
2018-06-25,0.24
2018-06-26,0.24
2018-06-27,0.24
2018-06-28,0.24
2018-06-29,0.24
2018-06-30,0.24
2018-07-01,0.24
2018-07-02,0.24
2018-07-03,0.24
2018-07-04,0.24
2018-07-05,0.24
2018-07-06,0.24
2018-07-07,0.24
2018-07-08,0.36
2018-07-09,0.24
2018-07-10,0.24
2018-07-11,0.24
2018-07-12,0.36
2018-07-13,0.48
2018-07-14,0.36
2018-07-15,0.36
2018-07-16,0.36
2018-07-17,0.36
2018-07-18,0.36
2018-07-19,0.36
2018-07-20,0.36
2018-07-21,0.6
2018-07-22,0.48
2018-07-23,0.36
2018-07-24,0.36
2018-07-25,0.36
2018-07-26,0.36
2018-07-27,0.36
2018-07-28,0.36
2018-07-29,0.36
2018-07-30,0.36
2018-07-31,0.36
2018-08-01,0.36
2018-08-02,0.36
2018-08-03,0.36
2018-08-04,0.24
2018-08-05,0.24
2018-08-06,0.24
2018-08-07,0.24
2018-08-08,0.36
2018-08-09,0.36
2018-08-10,0.36
2018-08-11,0.36
2018-08-12,0.24
2018-08-13,0.24
2018-08-14,0.24
2018-08-15,-0.36
2018-08-16,-0.36
2018-08-17,-0.36
2018-08-18,-0.24
2018-08-19,-0.24
2018-08-20,-0.24
2018-08-21,-0.48
2018-08-22,-0.36
2018-08-23,-0.36
2018-08-24,-0.36
2018-08-25,-0.48
2018-08-26,-0.6
2018-08-27,-0.6
2018-08-28,-0.6
2018-08-29,-0.24
2018-08-30,0.0
2018-08-31,-0.12
2018-09-01,0.0
2018-09-02,-0.12
2018-09-03,0.0
2018-09-04,0.0
2018-09-05,0.0
2018-09-06,0.0
2018-09-07,0.0
2018-09-08,0.0
2018-09-09,0.0
2018-09-10,0.0
2018-09-11,0.0
2018-09-12,-0.12
2018-09-13,-0.12
2018-09-14,-0.12
2018-09-15,0.0
2018-09-16,-0.12
2018-09-17,-0.12
2018-09-18,-0.12
2018-09-19,-0.12
2018-09-20,-0.12
2018-09-21,0.0
2018-09-22,0.0
2018-09-23,0.0
2018-09-24,-0.12
2018-09-25,0.0
2018-09-26,0.0
2018-09-27,0.0
2018-09-28,0.0
2018-09-29,0.0
2018-09-30,0.0
2018-10-01,0.0
2018-10-02,0.0
2018-10-03,0.6
2018-10-04,0.48
2018-10-05,0.36
2018-10-06,0.36
2018-10-07,0.24
2018-10-08,0.24
2018-10-09,0.24
2018-10-10,0.24
2018-10-11,0.24
2018-10-12,0.24
2018-10-13,0.24
2018-10-14,0.24
2018-10-15,0.12
2018-10-16,0.12
2018-10-17,0.12
2018-10-18,0.24
2018-10-19,0.24
2018-10-20,0.24
2018-10-21,0.24
2018-10-22,0.24
2018-10-23,0.24
2018-10-24,0.24
2018-10-25,0.24
2018-10-26,0.24
2018-10-27,0.24
2018-10-28,0.24
2018-10-29,0.24
2018-10-30,0.12
2018-10-31,0.12
2018-11-01,0.24
2018-11-02,0.24
2018-11-03,0.24
2018-11-04,0.24
2018-11-05,0.24
2018-11-06,0.12
2018-11-07,0.12
2018-11-08,0.12
2018-11-09,0.12
2018-11-10,0.24
2018-11-11,0.24
2018-11-12,0.12
2018-11-13,0.24
2018-11-14,0.12
2018-11-15,0.24
2018-11-16,0.24
2018-11-17,0.24
2018-11-18,0.24
2018-11-19,0.12
2018-11-20,0.12
2018-11-21,0.12
2018-11-22,0.6
2018-11-23,1.08
2018-11-24,1.44
2018-11-25,1.8
2018-11-26,2.04
2018-11-27,2.04
2018-11-28,2.16
2018-11-29,3.6
2018-11-30,6.0
2018-12-01,6.0
2018-12-02,6.24
2018-12-03,6.36
2018-12-04,6.36
2018-12-05,6.48
2018-12-06,6.72
2018-12-07,6.72
2018-12-08,6.84
2018-12-09,6.84
2018-12-10,6.84
2018-12-11,6.84
2018-12-12,6.84
2018-12-13,6.84
2018-12-14,6.84
2018-12-15,6.84
2018-12-16,6.84
2018-12-17,6.84
2018-12-18,7.32
2018-12-19,7.32
2018-12-20,7.44
2018-12-21,7.44
2018-12-22,7.44
2018-12-23,7.44
2018-12-24,7.44
2018-12-25,7.8
2018-12-26,7.92
2018-12-27,8.04
2018-12-28,8.04
2018-12-29,8.04
2018-12-30,8.04
2018-12-31,8.16
2019-01-01,8.16
2019-01-02,8.16
2019-01-03,8.16
2019-01-04,8.16
2019-01-05,8.16
2019-01-06,9.0
2019-01-07,10.56
2019-01-08,10.68
2019-01-09,10.8
2019-01-10,11.64
2019-01-11,11.76
2019-01-12,11.76
2019-01-13,11.88
2019-01-14,11.88
2019-01-15,12.0
2019-01-16,12.6
2019-01-17,14.4
2019-01-18,15.84
2019-01-19,15.96
2019-01-20,16.08
2019-01-21,16.92
2019-01-22,17.04
2019-01-23,17.16
2019-01-24,17.16
2019-01-25,17.28
2019-01-26,17.28
2019-01-27,17.28
2019-01-28,17.28
2019-01-29,17.28
2019-01-30,17.28
2019-01-31,17.28
2019-02-01,17.28
2019-02-02,17.76
2019-02-03,20.64
2019-02-04,22.56
2019-02-05,25.32
2019-02-06,26.4
2019-02-07,26.64
2019-02-08,26.76
2019-02-09,27.36
2019-02-10,27.96
2019-02-11,28.68
2019-02-12,28.92
2019-02-13,29.04
2019-02-14,25.08
2019-02-15,29.76
2019-02-16,31.92
2019-02-17,33.24
2019-02-18,34.2
2019-02-19,34.68
2019-02-20,35.28
2019-02-21,35.76
2019-02-22,36.0
2019-02-23,36.48
2019-02-24,36.84
2019-02-25,37.32
2019-02-26,37.56
2019-02-27,37.8
2019-02-28,38.52
2019-03-01,38.88
2019-03-02,39.36
2019-03-03,41.04
2019-03-04,41.4
2019-03-05,41.52
2019-03-06,42.36
2019-03-07,44.04
2019-03-08,44.88
2019-03-09,45.24
2019-03-10,45.48
2019-03-11,45.6
2019-03-12,45.84
2019-03-13,45.96
2019-03-14,45.6
2019-03-15,45.48
2019-03-16,43.8
2019-03-17,44.04
2019-03-18,44.76
2019-03-19,45.12
2019-03-20,45.36
2019-03-21,45.6
2019-03-22,45.84
2019-03-23,46.32
2019-03-24,46.68
2019-03-25,46.92
2019-03-26,47.04
2019-03-27,46.68
2019-03-28,47.04
2019-03-29,47.4
2019-03-30,47.88
2019-03-31,48.12
2019-04-01,47.76
2019-04-02,47.04
2019-04-03,47.04
2019-04-04,47.16
2019-04-05,47.16
2019-04-06,47.16
2019-04-07,47.16
2019-04-08,46.68
2019-04-09,45.96
2019-04-10,45.84
2019-04-11,45.84
2019-04-12,45.84
2019-04-13,45.72
2019-04-14,45.24
2019-04-15,44.64
2019-04-16,44.04
2019-04-17,44.28
2019-04-18,44.28
2019-04-19,43.92
2019-04-20,43.56
2019-04-21,42.72
2019-04-22,42.36
2019-04-23,41.76
2019-04-24,41.16
2019-04-25,40.56
2019-04-26,39.48
2019-04-27,38.16
2019-04-28,36.96
2019-04-29,36.0
2019-04-30,34.92
2019-05-01,34.32
2019-05-02,33.48
2019-05-03,32.64
2019-05-04,31.8
2019-05-05,30.84
2019-05-06,29.88
2019-05-07,28.68
2019-05-08,27.72
2019-05-09,26.4
2019-05-10,25.68
2019-05-11,25.2
2019-05-12,24.48
2019-05-13,23.16
2019-05-14,22.08
2019-05-15,20.88
2019-05-16,20.28
2019-05-17,20.64
2019-05-18,20.88
2019-05-19,20.88
2019-05-20,21.6
2019-05-21,21.84
2019-05-22,21.84
2019-05-23,21.96
2019-05-24,22.08
2019-05-25,22.2
2019-05-26,22.2
2019-05-27,22.2
2019-05-28,22.44
2019-05-29,22.56
2019-05-30,22.08
2019-05-31,21.6
2019-06-01,21.24
2019-06-02,21.12
2019-06-03,20.64
2019-06-04,20.16
2019-06-05,19.2
2019-06-06,17.76
2019-06-07,16.8
2019-06-08,15.48
2019-06-09,13.92
2019-06-10,12.24
2019-06-11,10.56
2019-06-12,8.16
2019-06-13,4.68
2019-06-14,3.0
2019-06-15,2.4
2019-06-16,1.8
2019-06-17,1.44
2019-06-18,1.44
2019-06-19,1.32
2019-06-20,1.08
2019-06-21,0.96
2019-06-22,0.84
2019-06-23,0.72
2019-06-24,0.72
2019-06-25,0.6
2019-06-26,0.6
2019-06-27,0.48
2019-06-28,0.48
2019-06-29,0.48
2019-06-30,0.48
2019-07-01,0.48
2019-07-02,0.36
2019-07-03,0.36
2019-07-04,0.24
2019-07-05,0.36
2019-07-06,0.24
2019-07-07,0.24
2019-07-08,0.24
2019-07-09,0.24
2019-07-10,0.24
2019-07-11,0.24
2019-07-12,0.36
2019-07-13,0.24
2019-07-14,0.24
2019-07-15,0.24
2019-07-16,0.24
2019-07-17,0.24
2019-07-18,0.24
2019-07-19,0.24
2019-07-20,0.24
2019-07-21,0.24
2019-07-22,0.24
2019-07-23,0.24
2019-07-24,0.24
2019-07-25,0.24
2019-07-26,0.48
2019-07-27,0.48
2019-07-28,0.48
2019-07-29,0.36
2019-07-30,0.24
2019-07-31,0.24
2019-08-01,0.24
2019-08-02,0.24
2019-08-03,0.24
2019-08-04,0.24
2019-08-05,0.24
2019-08-06,0.24
2019-08-07,0.36
2019-08-08,0.24
2019-08-09,0.24
2019-08-10,0.12
2019-08-11,0.12
2019-08-12,0.24
2019-08-13,0.24
2019-08-14,0.24
2019-08-15,0.24
2019-08-16,0.24
2019-08-17,0.24
2019-08-18,
2019-08-19,0.24
2019-08-20,0.24
2019-08-21,0.24
2019-08-22,0.24
2019-08-23,0.24
2019-08-24,0.24
2019-08-25,0.24
2019-08-26,0.24
2019-08-27,0.24
2019-08-28,0.24
2019-08-29,0.24
2019-08-30,0.12
2019-08-31,0.24
2019-09-01,0.24
2019-09-02,0.24
2019-09-03,0.24
2019-09-04,0.24
2019-09-05,0.24
2019-09-06,0.12
2019-09-07,0.24
2019-09-08,0.12
2019-09-09,0.0
2019-09-10,0.0
2019-09-11,0.0
2019-09-12,0.0
2019-09-13,0.0
2019-09-14,0.12
2019-09-15,0.12
2019-09-16,0.12
2019-09-17,0.0
2019-09-18,0.0
2019-09-19,0.0
2019-09-20,0.0
2019-09-21,0.0
2019-09-22,0.0
2019-09-23,0.0
2019-09-24,0.0
2019-09-25,0.12
2019-09-26,0.24
2019-09-27,0.24
2019-09-28,0.12
2019-09-29,0.12
2019-09-30,0.0
2019-10-01,0.0
2019-10-02,0.0
2019-10-03,0.12
2019-10-04,0.0
2019-10-05,0.12
2019-10-06,0.12
2019-10-07,0.12
2019-10-08,0.12
2019-10-09,0.12
2019-10-10,0.12
2019-10-11,0.0
2019-10-12,0.12
2019-10-13,0.0
2019-10-14,0.0
2019-10-15,0.0
2019-10-16,0.12
2019-10-17,0.12
2019-10-18,0.0
2019-10-19,0.0
2019-10-20,0.0
2019-10-21,0.12
2019-10-22,0.12
2019-10-23,0.12
2019-10-24,0.12
2019-10-25,0.12
2019-10-26,0.12
2019-10-27,0.12
2019-10-28,0.0
2019-10-29,0.0
2019-10-30,
2019-10-31,0.0
2019-11-01,0.12
2019-11-02,0.12
2019-11-03,0.12
2019-11-04,0.12
2019-11-05,0.12
2019-11-06,0.12
2019-11-07,0.12
2019-11-08,0.12
2019-11-09,0.12
2019-11-10,0.12
2019-11-11,0.12
2019-11-12,0.12
2019-11-13,0.12
2019-11-14,0.12
2019-11-15,0.12
2019-11-16,0.12
2019-11-17,0.12
2019-11-18,0.24
2019-11-19,0.12
2019-11-20,0.12
2019-11-21,0.12
2019-11-22,0.12
2019-11-23,0.0
2019-11-24,0.0
2019-11-25,0.12
2019-11-26,0.0
2019-11-27,1.2
2019-11-28,2.28
2019-11-29,2.88
2019-11-30,3.24
2019-12-01,3.96
2019-12-02,4.68
2019-12-03,4.8
2019-12-04,4.8
2019-12-05,5.64
2019-12-06,5.64
2019-12-07,5.64
2019-12-08,7.32
2019-12-09,7.68
2019-12-10,7.68
2019-12-11,7.68
2019-12-12,7.8
2019-12-13,7.92
2019-12-14,8.28
2019-12-15,8.4
2019-12-16,8.4
2019-12-17,8.52
2019-12-18,8.52
2019-12-19,8.52
2019-12-20,8.64
2019-12-21,8.64
2019-12-22,8.64
2019-12-23,9.0
2019-12-24,9.36
2019-12-25,9.48
2019-12-26,9.48
2019-12-27,9.48
2019-12-28,9.48
2019-12-29,9.48
2019-12-30,9.6
2019-12-31,9.6
2020-01-01,9.6
2020-01-02,9.72
2020-01-03,9.72
2020-01-04,9.72
2020-01-05,9.72
2020-01-06,9.72
2020-01-07,9.72
2020-01-08,9.72
2020-01-09,9.72
2020-01-10,9.72
2020-01-11,9.72
2020-01-12,9.72
2020-01-13,9.72
2020-01-14,9.72
2020-01-15,9.72
2020-01-16,9.72
2020-01-17,10.2
2020-01-18,10.44
2020-01-19,10.56
2020-01-20,10.56
2020-01-21,10.56
2020-01-22,10.56
2020-01-23,10.68
2020-01-24,10.68
2020-01-25,10.68
2020-01-26,10.8
2020-01-27,10.92
2020-01-28,11.04
2020-01-29,11.04
2020-01-30,11.04
2020-01-31,11.04
2020-02-01,11.04
2020-02-02,11.04
2020-02-03,11.04
2020-02-04,11.04
2020-02-05,11.04
2020-02-06,11.16
2020-02-07,11.16
2020-02-08,11.28
2020-02-09,11.16
2020-02-10,11.04
2020-02-11,11.04
2020-02-12,11.04
2020-02-13,11.16
2020-02-14,11.28
2020-02-15,11.28
2020-02-16,11.4
2020-02-17,11.4
2020-02-18,11.28
2020-02-19,11.16
2020-02-20,11.16
2020-02-21,11.16
2020-02-22,11.16
2020-02-23,11.16
2020-02-24,11.28
2020-02-25,11.4
2020-02-26,11.4
2020-02-27,11.64
2020-02-28,11.76
2020-02-29,11.64
2020-03-01,11.76
2020-03-02,11.76
2020-03-03,11.88
2020-03-04,12.0
2020-03-05,12.0
2020-03-06,11.76
2020-03-07,11.64
2020-03-08,11.52
2020-03-09,11.4
2020-03-10,11.4
2020-03-11,11.4
2020-03-12,11.4
2020-03-13,11.52
2020-03-14,11.4
2020-03-15,11.76
2020-03-16,12.48
2020-03-17,13.44
2020-03-18,13.68
2020-03-19,13.8
2020-03-20,13.92
2020-03-21,14.16
2020-03-22,14.4
2020-03-23,14.52
2020-03-24,14.76
2020-03-25,14.88
2020-03-26,15.24
2020-03-27,15.36
2020-03-28,15.48
2020-03-29,15.48
2020-03-30,15.48
2020-03-31,15.48
2020-04-01,15.24
2020-04-02,15.12
2020-04-03,14.88
2020-04-04,14.88
2020-04-05,14.64
2020-04-06,16.8
2020-04-07,17.76
2020-04-08,18.0
2020-04-09,18.24
2020-04-10,18.48
2020-04-11,18.6
2020-04-12,18.72
2020-04-13,18.72
2020-04-14,18.48
2020-04-15,18.24
2020-04-16,17.64
2020-04-17,17.28
2020-04-18,17.28
2020-04-19,17.28
2020-04-20,17.16
2020-04-21,17.16
2020-04-22,17.04
2020-04-23,16.32
2020-04-24,15.6
2020-04-25,14.64
2020-04-26,13.8
2020-04-27,12.96
2020-04-28,12.0
2020-04-29,10.8
2020-04-30,9.36
2020-05-01,8.16
2020-05-02,7.2
2020-05-03,6.12
2020-05-04,5.04
2020-05-05,3.72
2020-05-06,2.4
2020-05-07,1.56
2020-05-08,1.08
2020-05-09,0.96
2020-05-10,0.84
2020-05-11,0.72
2020-05-12,0.6
2020-05-13,0.6
2020-05-14,0.48
2020-05-15,0.48
2020-05-16,0.48
2020-05-17,0.6
2020-05-18,0.84
2020-05-19,1.08
2020-05-20,1.08
2020-05-21,0.96
2020-05-22,0.84
2020-05-23,0.72
2020-05-24,0.72
2020-05-25,0.84
2020-05-26,0.72
2020-05-27,0.72
2020-05-28,0.72
2020-05-29,0.72
2020-05-30,0.72
2020-05-31,0.48
2020-06-01,0.48
2020-06-02,0.48
2020-06-03,0.6
2020-06-04,0.48
2020-06-05,0.6
2020-06-06,0.48
2020-06-07,0.36
2020-06-08,0.24
2020-06-09,0.36
2020-06-10,0.48
2020-06-11,0.48
2020-06-12,0.48
2020-06-13,0.48
2020-06-14,0.48
2020-06-15,0.6
2020-06-16,0.48
2020-06-17,0.48
2020-06-18,0.48
2020-06-19,0.48
2020-06-20,0.6
2020-06-21,0.6
2020-06-22,0.72
2020-06-23,0.72
2020-06-24,0.72
2020-06-25,0.6
2020-06-26,0.6
2020-06-27,0.6
2020-06-28,0.6
2020-06-29,0.48
2020-06-30,0.48
2020-07-01,0.48
2020-07-02,0.48
2020-07-03,0.48
2020-07-04,0.48
2020-07-05,0.48
2020-07-06,0.48
2020-07-07,0.48
2020-07-08,0.48
2020-07-09,0.48
2020-07-10,0.48
2020-07-11,0.6
2020-07-12,0.6
2020-07-13,0.6
2020-07-14,0.6
2020-07-15,0.6
2020-07-16,0.6
2020-07-17,0.6
2020-07-18,0.6
2020-07-19,0.6
2020-07-20,0.6
2020-07-21,0.6
2020-07-22,0.6
2020-07-23,0.48
2020-07-24,0.48
2020-07-25,0.48
2020-07-26,0.48
2020-07-27,0.48
2020-07-28,0.48
2020-07-29,0.6
2020-07-30,0.6
2020-07-31,0.48
2020-08-01,0.48
2020-08-02,0.48
2020-08-03,0.36
2020-08-04,0.48
2020-08-05,0.48
2020-08-06,0.36
2020-08-07,0.36
2020-08-08,0.48
2020-08-09,0.48
2020-08-10,0.48
2020-08-11,0.48
2020-08-12,0.36
2020-08-13,0.36
2020-08-14,0.48
2020-08-15,0.48
2020-08-16,0.6
2020-08-17,0.6
2020-08-18,0.48
2020-08-19,0.48
2020-08-20,0.48
2020-08-21,0.48
2020-08-22,0.36
2020-08-23,0.48
2020-08-24,0.36
2020-08-25,0.36
2020-08-26,0.36
2020-08-27,0.24
2020-08-28,0.36
2020-08-29,0.36
2020-08-30,0.24
2020-08-31,0.36
2020-09-01,0.24
2020-09-02,0.36
2020-09-03,0.24
2020-09-04,0.36
2020-09-05,0.36
2020-09-06,0.36
2020-09-07,0.24
2020-09-08,0.12
2020-09-09,0.24
2020-09-10,0.12
2020-09-11,0.12
2020-09-12,0.12
2020-09-13,0.12
2020-09-14,0.12
2020-09-15,0.12
2020-09-16,0.12
2020-09-17,0.12
2020-09-18,0.24
2020-09-19,0.12
2020-09-20,0.24
2020-09-21,0.24
2020-09-22,0.24
2020-09-23,0.24
2020-09-24,0.24
2020-09-25,0.24
2020-09-26,0.36
2020-09-27,0.36
2020-09-28,0.36
2020-09-29,0.36
2020-09-30,0.24
2020-10-01,0.36
2020-10-02,0.36
2020-10-03,0.24
2020-10-04,0.24
2020-10-05,0.24
2020-10-06,0.24
2020-10-07,0.24
2020-10-08,0.24
2020-10-09,0.24
2020-10-10,0.24
2020-10-11,0.24
2020-10-12,0.24
2020-10-13,0.24
2020-10-14,0.36
2020-10-15,0.36
2020-10-16,0.36
2020-10-17,0.36
2020-10-18,0.36
2020-10-19,0.24
2020-10-20,0.24
2020-10-21,0.24
2020-10-22,0.24
2020-10-23,0.24
2020-10-24,0.24
2020-10-25,0.12
2020-10-26,0.12
2020-10-27,0.0
2020-10-28,0.12
2020-10-29,0.0
2020-10-30,0.0
2020-10-31,0.0
2020-11-01,0.0
2020-11-02,0.0
2020-11-03,0.0
2020-11-04,0.0
2020-11-05,0.0
2020-11-06,0.0
2020-11-07,0.0
2020-11-08,0.0
2020-11-09,0.48
2020-11-10,0.6
2020-11-11,0.72
2020-11-12,0.72
2020-11-13,0.72
2020-11-14,0.72
2020-11-15,0.84
2020-11-16,0.84
2020-11-17,0.84
2020-11-18,0.84
2020-11-19,1.08
2020-11-20,1.2
2020-11-21,1.2
2020-11-22,1.32
2020-11-23,1.32
2020-11-24,1.32
2020-11-25,1.32
2020-11-26,1.32
2020-11-27,1.2
2020-11-28,1.32
2020-11-29,1.32
2020-11-30,1.2
2020-12-01,1.2
2020-12-02,1.32
2020-12-03,1.32
2020-12-04,1.2
2020-12-05,1.2
2020-12-06,1.2
2020-12-07,1.2
2020-12-08,1.2
2020-12-09,1.2
2020-12-10,1.2
2020-12-11,1.2
2020-12-12,1.32
2020-12-13,1.44
2020-12-14,2.16
2020-12-15,2.28
2020-12-16,2.28
2020-12-17,2.4
2020-12-18,2.88
2020-12-19,2.88
2020-12-20,3.0
2020-12-21,3.0
2020-12-22,3.12
2020-12-23,3.12
2020-12-24,3.12
2020-12-25,3.12
2020-12-26,3.12
2020-12-27,3.24
2020-12-28,3.36
2020-12-29,3.48
2020-12-30,3.6
2020-12-31,3.6
2021-01-01,3.6
2021-01-02,3.72
2021-01-03,3.72
2021-01-04,3.72
2021-01-05,3.84
2021-01-06,3.84
2021-01-07,3.96
2021-01-08,3.96
2021-01-09,3.96
2021-01-10,3.96
2021-01-11,3.96
2021-01-12,3.96
2021-01-13,3.96
2021-01-14,3.96
2021-01-15,4.08
2021-01-16,4.08
2021-01-17,4.08
2021-01-18,4.08
2021-01-19,3.96
2021-01-20,3.96
2021-01-21,3.84
2021-01-22,3.84
2021-01-23,3.84
2021-01-24,3.84
2021-01-25,3.96
2021-01-26,3.96
2021-01-27,4.8
2021-01-28,8.04
2021-01-29,9.96
2021-01-30,10.32
2021-01-31,10.56
2021-02-01,10.56
2021-02-02,10.68
2021-02-03,10.68
2021-02-04,10.8
2021-02-05,10.8
2021-02-06,10.92
2021-02-07,10.92
2021-02-08,10.92
2021-02-09,10.92
2021-02-10,10.92
2021-02-11,11.04
2021-02-12,12.0
2021-02-13,12.24
2021-02-14,12.36
2021-02-15,12.36
2021-02-16,12.48
2021-02-17,12.48
2021-02-18,12.48
2021-02-19,12.6
2021-02-20,12.6
2021-02-21,12.6
2021-02-22,12.72
2021-02-23,12.12
2021-02-24,12.84
2021-02-25,13.2
2021-02-26,13.32
2021-02-27,13.56
2021-02-28,13.56
2021-03-01,13.68
2021-03-02,13.8
2021-03-03,13.8
2021-03-04,13.68
2021-03-05,13.8
2021-03-06,13.8
2021-03-07,13.68
2021-03-08,13.56
2021-03-09,13.32
2021-03-10,13.32
2021-03-11,13.8
2021-03-12,13.8
2021-03-13,13.8
2021-03-14,13.8
2021-03-15,13.8
2021-03-16,13.92
2021-03-17,13.92
2021-03-18,14.04
2021-03-19,14.16
2021-03-20,15.12
2021-03-21,15.36
2021-03-22,15.36
2021-03-23,15.36
2021-03-24,15.48
2021-03-25,15.48
2021-03-26,15.48
2021-03-27,15.48
2021-03-28,15.36
2021-03-29,15.12
2021-03-30,14.76
2021-03-31,14.16
2021-04-01,13.44
2021-04-02,12.84
2021-04-03,12.0
2021-04-04,11.28
2021-04-05,10.56
2021-04-06,9.84
2021-04-07,8.88
2021-04-08,7.8
2021-04-09,7.08
2021-04-10,6.24
2021-04-11,4.8
2021-04-12,3.6
2021-04-13,2.28
2021-04-14,1.32
2021-04-15,0.96
2021-04-16,0.72
2021-04-17,0.6
2021-04-18,
2021-04-19,0.48
2021-04-20,0.48
2021-04-21,0.36
2021-04-22,0.36
2021-04-23,0.36
2021-04-24,0.36
2021-04-25,0.24
2021-04-26,0.6
2021-04-27,0.72
2021-04-28,0.72
2021-04-29,0.6
2021-04-30,0.6
2021-05-01,0.48
2021-05-02,0.36
2021-05-03,0.24
2021-05-04,0.36
2021-05-05,0.36
2021-05-06,0.36
2021-05-07,0.24
2021-05-08,0.12
2021-05-09,0.24
2021-05-10,0.12
2021-05-11,0.24
2021-05-12,0.24
2021-05-13,0.24
2021-05-14,0.24
2021-05-15,0.24
2021-05-16,0.12
2021-05-17,0.12
2021-05-18,0.24
2021-05-19,0.12
2021-05-20,0.12
2021-05-21,0.0
2021-05-22,0.36
2021-05-23,0.36
2021-05-24,0.48
2021-05-25,0.48
2021-05-26,0.36
2021-05-27,0.36
2021-05-28,0.36
2021-05-29,0.36
2021-05-30,0.36
2021-05-31,0.36
2021-06-01,0.36
2021-06-02,0.36
2021-06-03,0.36
2021-06-04,0.36
2021-06-05,0.36
2021-06-06,0.36
2021-06-07,0.24
2021-06-08,0.12
2021-06-09,0.12
2021-06-10,0.0
2021-06-11,0.12
2021-06-12,0.24
2021-06-13,0.24
2021-06-14,0.24
2021-06-15,0.24
2021-06-16,0.36
2021-06-17,0.48
2021-06-18,0.48
2021-06-19,0.36
2021-06-20,0.36
2021-06-21,0.36
2021-06-22,0.24
2021-06-23,0.24
2021-06-24,0.24
2021-06-25,0.24
2021-06-26,0.36
2021-06-27,0.36
2021-06-28,0.36
2021-06-29,0.36
2021-06-30,0.6
2021-07-01,0.48
2021-07-02,0.48
2021-07-03,0.48
2021-07-04,0.36
2021-07-05,0.36
2021-07-06,0.36
2021-07-07,0.36
2021-07-08,0.48
2021-07-09,0.48
2021-07-10,0.48
2021-07-11,0.48
2021-07-12,0.48
2021-07-13,0.48
2021-07-14,0.36
2021-07-15,0.36
2021-07-16,0.36
2021-07-17,0.36
2021-07-18,0.36
2021-07-19,0.24
2021-07-20,0.24
2021-07-21,0.24
2021-07-22,0.6
2021-07-23,0.36
2021-07-24,0.36
2021-07-25,0.36
2021-07-26,0.36
2021-07-27,0.36
2021-07-28,0.36
2021-07-29,0.24
2021-07-30,0.36
2021-07-31,0.36
2021-08-01,0.36
2021-08-02,0.36
2021-08-03,0.36
2021-08-04,0.36
2021-08-05,0.36
2021-08-06,0.24
2021-08-07,0.36
2021-08-08,0.36
2021-08-09,0.36
2021-08-10,0.36
2021-08-11,0.36
2021-08-12,0.24
2021-08-13,0.36
2021-08-14,0.36
2021-08-15,0.36
2021-08-16,0.36
2021-08-17,0.36
2021-08-18,0.24
2021-08-19,0.12
2021-08-20,0.24
2021-08-21,0.24
2021-08-22,0.24
2021-08-23,0.24
2021-08-24,0.24
2021-08-25,0.24
2021-08-26,0.24
2021-08-27,0.36
2021-08-28,0.36
2021-08-29,0.36
2021-08-30,0.36
2021-08-31,0.36
2021-09-01,0.36
2021-09-02,0.24
2021-09-03,0.0
2021-09-04,0.0
2021-09-05,0.12
2021-09-06,0.12
2021-09-07,0.36
2021-09-08,0.36
2021-09-09,0.48
2021-09-10,0.48
2021-09-11,0.36
2021-09-12,0.36
2021-09-13,0.36
2021-09-14,0.36
2021-09-15,0.36
2021-09-16,0.36
2021-09-17,0.36
2021-09-18,0.36
2021-09-19,0.24
2021-09-20,0.36
2021-09-21,0.36
2021-09-22,0.36
2021-09-23,0.36
2021-09-24,0.36
2021-09-25,0.36
2021-09-26,0.48
2021-09-27,0.36
2021-09-28,0.24
2021-09-29,0.24
2021-09-30,0.24
2021-10-01,0.24
2021-10-02,0.24
2021-10-03,0.24
2021-10-04,0.24
2021-10-05,0.24
2021-10-06,0.0
2021-10-07,0.0
2021-10-08,0.0
2021-10-09,0.24
2021-10-10,0.48
2021-10-11,0.6
2021-10-12,0.48
2021-10-13,0.48
2021-10-14,0.48
2021-10-15,0.48
2021-10-16,0.48
2021-10-17,0.48
2021-10-18,0.6
2021-10-19,0.72
2021-10-20,0.72
2021-10-21,0.72
2021-10-22,0.6
2021-10-23,0.48
2021-10-24,0.48
2021-10-25,0.72
2021-10-26,2.76
2021-10-27,2.76
2021-10-28,2.76
2021-10-29,2.76
2021-10-30,2.64
2021-10-31,2.52
2021-11-01,2.4
2021-11-02,2.4
2021-11-03,2.28
2021-11-04,2.28
2021-11-05,2.04
2021-11-06,1.92
2021-11-07,1.8
2021-11-08,1.68
2021-11-09,2.04
2021-11-10,2.52
2021-11-11,2.64
2021-11-12,2.52
2021-11-13,2.52
2021-11-14,2.52
2021-11-15,2.52
2021-11-16,2.4
2021-11-17,2.28
2021-11-18,2.28
2021-11-19,2.16
2021-11-20,2.28
2021-11-21,2.4
2021-11-22,2.16
2021-11-23,2.16
2021-11-24,2.52
2021-11-25,3.12
2021-11-26,3.24
2021-11-27,3.0
2021-11-28,2.88
2021-11-29,2.88
2021-11-30,2.88
2021-12-01,2.76
2021-12-02,2.64
2021-12-03,2.64
2021-12-04,3.24
2021-12-05,3.96
2021-12-06,3.96
2021-12-07,3.48
2021-12-08,3.0
2021-12-09,3.72
2021-12-10,4.32
2021-12-11,4.08
2021-12-12,3.96
2021-12-13,4.08
2021-12-14,5.88
2021-12-15,7.44
2021-12-16,8.04
2021-12-17,9.12
2021-12-18,9.24
2021-12-19,9.24
2021-12-20,9.24
2021-12-21,9.24
2021-12-22,9.12
2021-12-23,10.2
2021-12-24,13.08
2021-12-25,14.28
2021-12-26,15.6
2021-12-27,16.2
2021-12-28,17.28
2021-12-29,17.52
2021-12-30,18.12
2021-12-31,18.24
2022-01-01,18.24
2022-01-02,18.24
2022-01-03,18.36
2022-01-04,18.36
2022-01-05,18.36
2022-01-06,18.36
2022-01-07,18.36
2022-01-08,18.36
2022-01-09,18.36
2022-01-10,18.36
2022-01-11,18.36
2022-01-12,18.36
2022-01-13,18.36
2022-01-14,18.36
2022-01-15,18.36
2022-01-16,18.36
2022-01-17,18.36
2022-01-18,18.36
2022-01-19,18.36
2022-01-20,18.36
2022-01-21,18.36
2022-01-22,18.36
2022-01-23,18.36
2022-01-24,18.36
2022-01-25,18.36
2022-01-26,18.48
2022-01-27,18.48
2022-01-28,18.48
2022-01-29,18.6
2022-01-30,18.6
2022-01-31,18.6
2022-02-01,18.6
2022-02-02,18.6
2022-02-03,18.6
2022-02-04,18.6
2022-02-05,18.6
2022-02-06,18.6
2022-02-07,18.6
2022-02-08,18.6
2022-02-09,18.6
2022-02-10,18.6
2022-02-11,18.6
2022-02-12,18.48
2022-02-13,18.36
2022-02-14,18.36
2022-02-15,18.24
2022-02-16,18.0
2022-02-17,18.0
2022-02-18,18.0
2022-02-19,17.88
2022-02-20,17.88
2022-02-21,17.76
2022-02-22,17.64
2022-02-23,17.64
2022-02-24,17.64
2022-02-25,17.64
2022-02-26,17.64
2022-02-27,17.88
2022-02-28,18.0
2022-03-01,17.52
2022-03-02,17.4
2022-03-03,17.4
2022-03-04,17.52
2022-03-05,17.88
2022-03-06,18.12
2022-03-07,18.48
2022-03-08,18.6
2022-03-09,18.6
2022-03-10,18.48
2022-03-11,18.48
2022-03-12,18.36
2022-03-13,18.12
2022-03-14,18.24
2022-03-15,18.24
2022-03-16,18.36
2022-03-17,18.36
2022-03-18,18.36
2022-03-19,18.24
2022-03-20,18.24
2022-03-21,18.6
2022-03-22,18.24
2022-03-23,17.88
2022-03-24,17.04
2022-03-25,16.32
2022-03-26,15.6
2022-03-27,15.0
2022-03-28,14.4
2022-03-29,14.52
2022-03-30,14.64
2022-03-31,14.4
2022-04-01,14.04
2022-04-02,13.32
2022-04-03,12.6
2022-04-04,12.12
2022-04-05,11.64
2022-04-06,10.92
2022-04-07,10.08
2022-04-08,9.24
2022-04-09,8.28
2022-04-10,7.56
2022-04-11,6.84
2022-04-12,6.36
2022-04-13,6.36
2022-04-14,6.36
2022-04-15,5.88
2022-04-16,5.4
2022-04-17,5.52
2022-04-18,5.52
2022-04-19,5.28
2022-04-20,4.92
2022-04-21,4.32
2022-04-22,4.44
2022-04-23,4.32
2022-04-24,4.32
2022-04-25,4.08
2022-04-26,3.48
2022-04-27,3.0
2022-04-28,2.16
2022-04-29,1.44
2022-04-30,0.96
2022-05-01,0.72
2022-05-02,0.72
2022-05-03,0.6
2022-05-04,0.6
2022-05-05,0.6
2022-05-06,0.6
2022-05-07,0.48
2022-05-08,0.36
2022-05-09,0.24
2022-05-10,0.24
2022-05-11,0.36
2022-05-12,0.36
2022-05-13,0.48
2022-05-14,0.48
2022-05-15,0.6
2022-05-16,0.48
2022-05-17,0.36
2022-05-18,0.48
2022-05-19,0.48
2022-05-20,0.48
2022-05-21,0.24
2022-05-22,0.36
2022-05-23,0.36
2022-05-24,0.36
2022-05-25,0.48
2022-05-26,0.48
2022-05-27,0.36
2022-05-28,0.36
2022-05-29,0.24
2022-05-30,0.24
2022-05-31,0.36
2022-06-01,0.24
2022-06-02,0.36
2022-06-03,0.12
2022-06-04,0.12
2022-06-05,0.12
2022-06-06,0.12
2022-06-07,0.24
2022-06-08,0.24
2022-06-09,0.24
2022-06-10,0.36
2022-06-11,0.36
2022-06-12,0.24
2022-06-13,0.24
2022-06-14,0.12
2022-06-15,0.24
2022-06-16,0.24
2022-06-17,0.24
2022-06-18,0.0
2022-06-19,0.0
2022-06-20,0.12
2022-06-21,0.12
2022-06-22,0.24
2022-06-23,0.24
2022-06-24,0.24
2022-06-25,0.36
2022-06-26,0.36
2022-06-27,0.36
2022-06-28,0.36
2022-06-29,0.36
2022-06-30,0.36
2022-07-01,0.24
2022-07-02,0.24
2022-07-03,0.24
2022-07-04,0.24
2022-07-05,0.24
2022-07-06,0.24
2022-07-07,0.24
2022-07-08,0.24
2022-07-09,0.36
2022-07-10,0.36
2022-07-11,0.36
2022-07-12,0.36
2022-07-13,0.36
2022-07-14,0.36
2022-07-15,0.36
2022-07-16,0.36
2022-07-17,0.36
2022-07-18,0.48
2022-07-19,-0.12
2022-07-20,0.0
2022-07-21,0.0
2022-07-22,0.0
2022-07-23,0.0
2022-07-24,0.0
2022-07-25,0.12
2022-07-26,0.12
2022-07-27,0.12
2022-07-28,0.12
2022-07-29,0.12
2022-07-30,0.12
2022-07-31,0.12
2022-08-01,0.48
2022-08-02,0.36
2022-08-03,0.36
2022-08-04,0.36
2022-08-05,0.6
2022-08-06,0.48
2022-08-07,0.48
2022-08-08,0.36
2022-08-09,0.36
2022-08-10,0.24
2022-08-11,0.24
2022-08-12,0.24
2022-08-13,0.24
2022-08-14,0.24
2022-08-15,0.24
2022-08-16,0.24
2022-08-17,0.24
2022-08-18,0.12
2022-08-19,0.24
2022-08-20,0.24
2022-08-21,0.24
2022-08-22,0.24
2022-08-23,0.24
2022-08-24,0.24
2022-08-25,0.24
2022-08-26,0.12
2022-08-27,0.12
2022-08-28,0.12
2022-08-29,0.12
2022-08-30,0.24
2022-08-31,0.12
2022-09-01,0.24
2022-09-02,0.24
2022-09-03,0.24
2022-09-04,0.24
2022-09-05,0.24
2022-09-06,0.24
2022-09-07,0.24
2022-09-08,0.24
2022-09-09,0.12
2022-09-10,0.24
2022-09-11,0.6
2022-09-12,1.08
2022-09-13,0.6
2022-09-14,0.6
2022-09-15,0.48
2022-09-16,0.36
2022-09-17,0.36
2022-09-18,0.36
2022-09-19,0.24
2022-09-20,0.24
2022-09-21,0.36
2022-09-22,0.36
2022-09-23,0.36
2022-09-24,0.36
2022-09-25,0.36
2022-09-26,0.48
2022-09-27,0.36
2022-09-28,0.36
2022-09-29,0.36
2022-09-30,0.36
2022-10-01,0.36
2022-10-02,0.24
2022-10-03,0.24
2022-10-04,0.36
2022-10-05,0.24
2022-10-06,0.24
2022-10-07,0.24
2022-10-08,0.24
2022-10-09,0.24
2022-10-10,0.24
2022-10-11,0.24
2022-10-12,0.24
2022-10-13,0.24
2022-10-14,0.24
2022-10-15,0.24
2022-10-16,0.24
2022-10-17,0.24
2022-10-18,0.24
2022-10-19,0.24
2022-10-20,0.24
2022-10-21,0.24
2022-10-22,0.12
2022-10-23,0.12
2022-10-24,0.12
2022-10-25,0.12
2022-10-26,0.12
2022-10-27,0.24
2022-10-28,0.24
2022-10-29,0.24
2022-10-30,0.24
2022-10-31,0.24
2022-11-01,0.24
2022-11-02,0.6
2022-11-03,0.6
2022-11-04,0.6
2022-11-05,0.72
2022-11-06,0.72
2022-11-07,1.2
2022-11-08,2.52
2022-11-09,4.68
2022-11-10,4.92
2022-11-11,5.04
2022-11-12,5.04
2022-11-13,5.04
2022-11-14,5.04
2022-11-15,5.04
2022-11-16,5.04
2022-11-17,5.04
2022-11-18,5.04
2022-11-19,5.04
2022-11-20,5.04
2022-11-21,5.04
2022-11-22,5.04
2022-11-23,5.04
2022-11-24,5.04
2022-11-25,5.04
2022-11-26,5.04
2022-11-27,5.04
2022-11-28,5.04
2022-11-29,4.92
2022-11-30,4.92
2022-12-01,4.92
2022-12-02,6.6
2022-12-03,6.84
2022-12-04,8.4
2022-12-05,9.36
2022-12-06,9.48
2022-12-07,9.48
2022-12-08,9.48
2022-12-09,9.48
2022-12-10,9.48
2022-12-11,12.36
2022-12-12,13.08
2022-12-13,13.2
2022-12-14,13.2
2022-12-15,13.32
2022-12-16,13.32
2022-12-17,13.32
2022-12-18,13.32
2022-12-19,13.32
2022-12-20,13.32
2022-12-21,13.32
2022-12-22,13.32
2022-12-23,13.44
2022-12-24,13.44
2022-12-25,13.44
2022-12-26,13.44
2022-12-27,13.8
2022-12-28,16.56
2022-12-29,16.68
2022-12-30,17.16
2022-12-31,18.72
2023-01-01,22.68
2023-01-02,23.16
2023-01-03,24.0
2023-01-04,24.24
2023-01-05,25.32
2023-01-06,27.48
2023-01-07,27.6
2023-01-08,27.72
2023-01-09,29.16
2023-01-10,34.08
2023-01-11,36.48
2023-01-12,36.84
2023-01-13,37.08
2023-01-14,37.44
2023-01-15,39.48
2023-01-16,40.32
2023-01-17,41.52
2023-01-18,41.52
2023-01-19,41.52
2023-01-20,41.76
2023-01-21,41.76
2023-01-22,41.76
2023-01-23,41.76
2023-01-24,41.76
2023-01-25,41.76
2023-01-26,41.64
2023-01-27,41.64
2023-01-28,41.52
2023-01-29,41.4
2023-01-30,41.16
2023-01-31,41.16
2023-02-01,41.16
2023-02-02,41.04
2023-02-03,41.04
2023-02-04,41.04
2023-02-05,41.4
2023-02-06,41.88
2023-02-07,42.0
2023-02-08,42.0
2023-02-09,42.0
2023-02-10,42.0
2023-02-11,42.0
2023-02-12,42.0
2023-02-13,42.12
2023-02-14,42.12
2023-02-15,42.12
2023-02-16,42.12
2023-02-17,42.12
2023-02-18,42.12
2023-02-19,42.12
2023-02-20,42.24
2023-02-21,42.24
2023-02-22,42.36
2023-02-23,42.48
2023-02-24,42.6
2023-02-25,44.88
2023-02-26,45.84
2023-02-27,46.56
2023-02-28,47.88
2023-03-01,49.56
2023-03-02,50.16
2023-03-03,50.52
2023-03-04,50.76
2023-03-05,50.88
2023-03-06,51.6
2023-03-07,51.72
2023-03-08,51.96
2023-03-09,51.96
2023-03-10,54.12
2023-03-11,58.56
2023-03-12,60.24
2023-03-13,61.44
2023-03-14,61.8
2023-03-15,64.44
2023-03-16,65.28
2023-03-17,65.64
2023-03-18,65.88
2023-03-19,66.0
2023-03-20,67.08
2023-03-21,67.68
2023-03-22,69.0
2023-03-23,69.6
2023-03-24,69.72
2023-03-25,69.84
2023-03-26,69.84
2023-03-27,69.96
2023-03-28,69.96
2023-03-29,71.04
2023-03-30,71.88
2023-03-31,72.12
2023-04-01,72.24
2023-04-02,72.24
2023-04-03,72.24
2023-04-04,72.84
2023-04-05,73.32
2023-04-06,73.32
2023-04-07,73.56
2023-04-08,73.8
2023-04-09,73.92
2023-04-10,72.0
2023-04-11,69.24
2023-04-12,69.6
2023-04-13,69.72
2023-04-14,70.2
2023-04-15,70.32
2023-04-16,70.56
2023-04-17,71.16
2023-04-18,71.28
2023-04-19,71.16
2023-04-20,71.04
2023-04-21,71.28
2023-04-22,72.12
2023-04-23,71.76
2023-04-24,71.16
2023-04-25,70.56
2023-04-26,70.08
2023-04-27,69.36
2023-04-28,68.52
2023-04-29,67.56
2023-04-30,66.48
2023-05-01,65.28
2023-05-02,64.44
2023-05-03,64.32
2023-05-04,64.32
2023-05-05,64.32
2023-05-06,64.32
2023-05-07,64.32
2023-05-08,64.2
2023-05-09,64.08
2023-05-10,64.08
2023-05-11,63.84
2023-05-12,63.84
2023-05-13,63.48
2023-05-14,62.52
2023-05-15,61.56
2023-05-16,60.48
2023-05-17,59.52
2023-05-18,58.56
2023-05-19,57.24
2023-05-20,56.16
2023-05-21,55.2
2023-05-22,54.36
2023-05-23,53.88
2023-05-24,53.04
2023-05-25,52.08
2023-05-26,51.12
2023-05-27,50.28
2023-05-28,49.56
2023-05-29,48.48
2023-05-30,47.76
2023-05-31,46.92
2023-06-01,45.96
2023-06-02,45.36
2023-06-03,44.4
2023-06-04,43.32
2023-06-05,42.24
2023-06-06,41.28
2023-06-07,40.32
2023-06-08,39.6
2023-06-09,39.0
2023-06-10,38.4
2023-06-11,37.56
2023-06-12,36.72
2023-06-13,36.12
2023-06-14,35.64
2023-06-15,34.56
2023-06-16,33.24
2023-06-17,31.92
2023-06-18,30.48
2023-06-19,28.68
2023-06-20,27.48
2023-06-21,26.28
2023-06-22,24.96
2023-06-23,23.64
2023-06-24,22.32
2023-06-25,21.12
2023-06-26,19.56
2023-06-27,17.64
2023-06-28,16.32
2023-06-29,14.04
2023-06-30,10.32
2023-07-01,5.04
2023-07-02,3.84
2023-07-03,3.12
2023-07-04,2.4
2023-07-05,1.44
2023-07-06,1.08
2023-07-07,0.72
2023-07-08,0.48
2023-07-09,0.36
2023-07-10,0.36
2023-07-11,0.36
2023-07-12,0.24
2023-07-13,0.24
2023-07-14,0.24
2023-07-15,0.24
2023-07-16,0.24
2023-07-17,0.24
2023-07-18,0.24
2023-07-19,0.12
2023-07-20,0.12
2023-07-21,0.12
2023-07-22,0.12
2023-07-23,0.12
2023-07-24,0.12
2023-07-25,0.0
2023-07-26,0.0
2023-07-27,0.0
2023-07-28,0.0
2023-07-29,0.12
2023-07-30,0.0
2023-07-31,0.0
2023-08-01,0.0
2023-08-02,0.0
2023-08-03,0.0
2023-08-04,0.0
2023-08-05,0.0
2023-08-06,0.0
2023-08-07,0.0
2023-08-08,0.0
2023-08-09,0.0
2023-08-10,0.0
2023-08-11,0.0
2023-08-12,0.0
2023-08-13,0.24
2023-08-14,0.12
2023-08-15,0.12
2023-08-16,0.24
2023-08-17,0.24
2023-08-18,0.12
2023-08-19,0.12
2023-08-20,0.12
2023-08-21,0.36
2023-08-22,0.24
2023-08-23,0.24
2023-08-24,0.24
2023-08-25,0.24
2023-08-26,0.12
2023-08-27,0.0
2023-08-28,0.12
2023-08-29,0.12
2023-08-30,0.12
2023-08-31,0.0
2023-09-01,0.0
2023-09-02,0.0
2023-09-03,0.0
2023-09-04,-0.12
2023-09-05,0.0
2023-09-06,0.0
2023-09-07,0.0
2023-09-08,0.0
2023-09-09,0.0
2023-09-10,0.12
2023-09-11,0.12
2023-09-12,0.0
2023-09-13,0.0
2023-09-14,0.0
2023-09-15,0.0
2023-09-16,0.0
2023-09-17,0.0
2023-09-18,0.24
2023-09-19,0.0
2023-09-20,0.12
2023-09-21,0.0
2023-09-22,0.0
2023-09-23,0.0
2023-09-24,0.0
2023-09-25,0.12
2023-09-26,0.12
2023-09-27,0.12
2023-09-28,0.12
2023-09-29,0.12
2023-09-30,0.24
2023-10-01,0.36
2023-10-02,0.36
2023-10-03,0.36
2023-10-04,0.6
2023-10-05,0.6
2023-10-06,0.6
2023-10-07,0.6
2023-10-08,0.6
2023-10-09,0.48
2023-10-10,0.36
2023-10-11,0.36
2023-10-12,0.24
2023-10-13,0.36
2023-10-14,0.36
2023-10-15,0.36
2023-10-16,0.48
2023-10-17,0.36
2023-10-18,0.12
2023-10-19,0.12
2023-10-20,0.12
2023-10-21,0.0
2023-10-22,0.0
2023-10-23,0.0
2023-10-24,-0.12
2023-10-25,-0.12
2023-10-26,-0.12
2023-10-27,-0.12
2023-10-28,-0.12
2023-10-29,-0.12
2023-10-30,-0.12
2023-10-31,-0.12
2023-11-01,-0.12
2023-11-02,0.0
2023-11-03,0.0
2023-11-04,0.0
2023-11-05,0.0
2023-11-06,0.0
2023-11-07,0.72
2023-11-08,0.84
2023-11-09,0.84
2023-11-10,0.84
2023-11-11,0.84
2023-11-12,0.96
2023-11-13,0.96
2023-11-14,0.84
2023-11-15,0.84
2023-11-16,1.32
2023-11-17,1.32
2023-11-18,1.32
2023-11-19,1.68
2023-11-20,1.8
2023-11-21,1.92
2023-11-22,1.92
2023-11-23,1.92
2023-11-24,2.04
2023-11-25,2.04
2023-11-26,1.68
2023-11-27,1.8
2023-11-28,1.8
2023-11-29,1.68
2023-11-30,1.68
2023-12-01,1.68
2023-12-02,1.68
2023-12-03,1.68
2023-12-04,1.8
2023-12-05,1.92
2023-12-06,2.04
2023-12-07,2.04
2023-12-08,1.8
2023-12-09,1.68
2023-12-10,1.8
2023-12-11,2.04
2023-12-12,1.8
2023-12-13,1.68
2023-12-14,1.56
2023-12-15,1.68
2023-12-16,1.8
2023-12-17,1.8
2023-12-18,2.04
2023-12-19,3.24
2023-12-20,3.96
2023-12-21,3.96
2023-12-22,3.96
2023-12-23,3.84
2023-12-24,3.6
2023-12-25,3.48
2023-12-26,3.36
2023-12-27,3.48
2023-12-28,3.48
2023-12-29,3.48
2023-12-30,3.6
2023-12-31,3.6
2024-01-01,3.6
2024-01-02,3.6
2024-01-03,3.72
2024-01-04,3.72
2024-01-05,3.72
2024-01-06,3.72
2024-01-07,3.84
2024-01-08,3.84
2024-01-09,3.84
2024-01-10,3.96
2024-01-11,3.96
2024-01-12,4.08
2024-01-13,4.2
2024-01-14,4.32
2024-01-15,4.44
2024-01-16,4.56
2024-01-17,4.8
2024-01-18,4.8
2024-01-19,5.04
2024-01-20,5.16
2024-01-21,5.28
2024-01-22,5.52
2024-01-23,6.0
2024-01-24,6.12
2024-01-25,6.36
2024-01-26,6.48
2024-01-27,6.48
2024-01-28,7.08
2024-01-29,7.68
2024-01-30,8.16
2024-01-31,8.28
2024-02-01,8.76
2024-02-02,9.6
2024-02-03,9.96
2024-02-04,10.32
2024-02-05,12.48
2024-02-06,13.08
2024-02-07,13.44
2024-02-08,13.68
2024-02-09,13.92
2024-02-10,13.92
2024-02-11,14.04
2024-02-12,14.16
2024-02-13,14.4
2024-02-14,14.52
2024-02-15,15.12
2024-02-16,15.36
2024-02-17,15.6
2024-02-18,15.96
2024-02-19,16.56
2024-02-20,18.0
2024-02-21,18.84
2024-02-22,19.2
2024-02-23,19.32
2024-02-24,19.44
2024-02-25,19.56
2024-02-26,19.56
2024-02-27,19.56
2024-02-28,19.68
2024-02-29,19.68
2024-03-01,19.68
2024-03-02,21.0
2024-03-03,22.8
2024-03-04,23.4
2024-03-05,23.64
2024-03-06,23.88
2024-03-07,24.0
2024-03-08,24.12
2024-03-09,24.24
2024-03-10,24.24
2024-03-11,24.24
2024-03-12,24.24
2024-03-13,24.36
2024-03-14,24.48
2024-03-15,24.48
2024-03-16,24.6
2024-03-17,24.6
2024-03-18,24.6
2024-03-19,24.48
2024-03-20,24.24
2024-03-21,23.76
2024-03-22,23.16
2024-03-23,22.8
2024-03-24,23.04
2024-03-25,23.4
2024-03-26,23.52
2024-03-27,23.64
2024-03-28,24.12
2024-03-29,24.84
2024-03-30,25.8
2024-03-31,26.52
2024-04-01,26.76
2024-04-02,27.0
2024-04-03,27.12
2024-04-04,27.0
2024-04-05,27.48
2024-04-06,27.96
2024-04-07,28.2
2024-04-08,28.2
2024-04-09,28.44
2024-04-10,28.44
2024-04-11,28.08
2024-04-12,27.6
2024-04-13,27.36
2024-04-14,27.12
2024-04-15,27.12
2024-04-16,27.24
2024-04-17,27.24
2024-04-18,26.88
2024-04-19,26.16
2024-04-20,25.44
2024-04-21,24.48
2024-04-22,23.4
2024-04-23,22.32
2024-04-24,21.24
2024-04-25,20.4
2024-04-26,19.44
2024-04-27,18.84
2024-04-28,18.6
2024-04-29,18.0
2024-04-30,17.04
2024-05-01,16.2
2024-05-02,15.24
2024-05-03,14.4
2024-05-04,13.08
2024-05-05,12.96
2024-05-06,12.96
2024-05-07,13.32
2024-05-08,13.08
2024-05-09,12.48
2024-05-10,11.4
2024-05-11,10.56
2024-05-12,9.36
2024-05-13,7.92
2024-05-14,6.84
2024-05-15,5.28
2024-05-16,3.24
2024-05-17,2.52
2024-05-18,1.56
2024-05-19,0.84
2024-05-20,0.48
2024-05-21,0.48
2024-05-22,0.36
2024-05-23,0.36
2024-05-24,0.36
2024-05-25,0.24
2024-05-26,0.24
2024-05-27,0.24
2024-05-28,0.24
2024-05-29,0.12
2024-05-30,0.12
2024-05-31,0.12
2024-06-01,0.12
2024-06-02,0.12
2024-06-03,0.12
2024-06-04,0.12
2024-06-05,0.24
2024-06-06,0.24
2024-06-07,0.24
2024-06-08,0.12
2024-06-09,0.12
2024-06-10,0.12
2024-06-11,0.12
2024-06-12,0.24
2024-06-13,0.12
2024-06-14,0.12
2024-06-15,0.12
2024-06-16,0.12
2024-06-17,0.0
2024-06-18,0.0
2024-06-19,0.0
2024-06-20,0.0
2024-06-21,0.12
2024-06-22,0.12
2024-06-23,0.12
2024-06-24,0.12
2024-06-25,0.12
2024-06-26,0.12
2024-06-27,0.12
2024-06-28,0.12
2024-06-29,0.12
2024-06-30,0.12
2024-07-01,0.0
2024-07-02,0.12
2024-07-03,0.24
2024-07-04,0.24
2024-07-05,0.24
2024-07-06,0.24
2024-07-07,0.24
2024-07-08,0.24
2024-07-09,0.24
2024-07-10,0.24
2024-07-11,0.24
2024-07-12,0.36
2024-07-13,0.24
2024-07-14,0.24
2024-07-15,0.24
2024-07-16,0.12
2024-07-17,0.12
2024-07-18,0.24
2024-07-19,0.12
2024-07-20,0.24
2024-07-21,0.36
2024-07-22,0.24
2024-07-23,0.24
2024-07-24,0.36
2024-07-25,0.36
2024-07-26,0.24
2024-07-27,0.12
2024-07-28,0.12
2024-07-29,0.12
2024-07-30,0.12
2024-07-31,0.12
2024-08-01,0.12
2024-08-02,0.24
2024-08-03,0.12
2024-08-04,0.12
2024-08-05,0.12
2024-08-06,0.24
2024-08-07,0.24
2024-08-08,0.24
2024-08-09,0.24
2024-08-10,0.12
2024-08-11,0.24
2024-08-12,0.12
2024-08-13,0.12
2024-08-14,0.0
2024-08-15,0.0
2024-08-16,0.12
2024-08-17,0.0
2024-08-18,0.0
2024-08-19,0.12
2024-08-20,0.12
2024-08-21,0.0
2024-08-22,0.0
2024-08-23,0.0
2024-08-24,0.0
2024-08-25,-0.12
2024-08-26,0.0
2024-08-27,0.0
2024-08-28,0.12
2024-08-29,0.12
2024-08-30,0.12
2024-08-31,0.12
2024-09-01,0.12
2024-09-02,0.12
2024-09-03,0.12
2024-09-04,0.12
2024-09-05,0.12
2024-09-06,0.12
2024-09-07,0.12
2024-09-08,0.12
2024-09-09,0.12
2024-09-10,0.12
2024-09-11,0.0
2024-09-12,0.0
2024-09-13,0.0
2024-09-14,0.0
2024-09-15,0.0
2024-09-16,0.0
2024-09-17,-0.24
2024-09-18,0.0
2024-09-19,-0.12
2024-09-20,-0.12
2024-09-21,0.0
2024-09-22,0.0
2024-09-23,0.12
2024-09-24,0.12
2024-09-25,0.12
2024-09-26,0.0
2024-09-27,0.0
2024-09-28,0.12
2024-09-29,0.12
2024-09-30,0.12
2024-10-01,0.12
2024-10-02,0.12
2024-10-03,0.12
2024-10-04,0.12
2024-10-05,0.0
2024-10-06,0.12
2024-10-07,0.12
2024-10-08,0.12
2024-10-09,0.0
2024-10-10,-0.36
2024-10-11,-0.24
2024-10-12,-0.12
2024-10-13,0.0
2024-10-14,0.12
2024-10-15,0.12
2024-10-16,0.12
2024-10-17,0.12
2024-10-18,0.0
2024-10-19,0.0
2024-10-20,0.12
2024-10-21,0.12
2024-10-22,0.12
2024-10-23,0.24
2024-10-24,0.24
2024-10-25,0.24
2024-10-26,0.24
2024-10-27,0.24
2024-10-28,0.24
2024-10-29,0.12
2024-10-30,0.12
2024-10-31,0.12
2024-11-01,0.12
2024-11-02,0.12
2024-11-03,0.24
2024-11-04,0.24
2024-11-05,0.24
2024-11-06,0.36
2024-11-07,0.12
2024-11-08,0.24
2024-11-09,0.36
2024-11-10,0.36
2024-11-11,0.24
2024-11-12,0.36
2024-11-13,0.36
2024-11-14,0.36
2024-11-15,0.36
2024-11-16,0.36
2024-11-17,0.36
2024-11-18,0.36
2024-11-19,0.36
2024-11-20,0.36
2024-11-21,0.36
2024-11-22,0.48
2024-11-23,1.08
2024-11-24,1.8
2024-11-25,1.92
2024-11-26,5.16
2024-11-27,6.72
2024-11-28,6.84
2024-11-29,6.84
2024-11-30,6.84
2024-12-01,6.84
2024-12-02,6.84
2024-12-03,6.84
2024-12-04,6.84
2024-12-05,6.84
2024-12-06,6.84
2024-12-07,6.84
2024-12-08,6.84
2024-12-09,6.84
2024-12-10,6.84
2024-12-11,6.84
2024-12-12,6.84
2024-12-13,6.84
2024-12-14,7.08
2024-12-15,7.92
2024-12-16,8.04
2024-12-17,8.16
2024-12-18,8.28
2024-12-19,8.28
2024-12-20,8.28
2024-12-21,8.28
2024-12-22,8.28
2024-12-23,9.0
2024-12-24,9.12
2024-12-25,9.48
2024-12-26,9.6
2024-12-27,9.72
2024-12-28,9.96
2024-12-29,9.96
2024-12-30,10.32
2024-12-31,10.44
2025-01-01,10.56
2025-01-02,10.56
