DATE TIME,TMR
2015-01-05,46.0
2015-01-06,48.0
2015-01-07,46.0
2015-01-08,44.0
2015-01-09,41.0
2015-01-10,38.0
2015-01-11,36.0
2015-01-12,34.0
2015-01-13,35.0
2015-01-14,36.0
2015-01-15,41.0
2015-01-16,42.0
2015-01-17,44.0
2015-01-18,44.0
2015-01-19,42.0
2015-01-20,39.0
2015-01-21,38.0
2015-01-22,38.0
2015-01-23,41.0
2015-01-24,47.0
2015-01-25,51.0
2015-01-26,43.0
2015-01-27,33.0
2015-01-28,35.0
2015-01-29,38.0
2015-01-30,36.0
2015-01-31,41.0
2015-02-01,45.0
2015-02-02,44.0
2015-02-03,44.0
2015-02-04,45.0
2015-02-05,44.0
2015-02-06,42.0
2015-02-07,38.0
2015-02-08,38.0
2015-02-09,36.0
2015-02-10,41.0
2015-02-11,46.0
2015-02-12,49.0
2015-02-13,52.0
2015-02-14,47.0
2015-02-15,48.0
2015-02-16,47.0
2015-02-17,46.0
2015-02-18,47.0
2015-02-19,46.0
2015-02-20,44.0
2015-02-21,42.0
2015-02-22,28.0
2015-02-23,25.0
2015-02-24,35.0
2015-02-25,43.0
2015-02-26,40.0
2015-02-27,32.0
2015-02-28,25.0
2015-03-01,26.0
2015-03-02,25.0
2015-03-03,27.0
2015-03-04,33.0
2015-03-05,39.0
2015-03-06,44.0
2015-03-07,46.0
2015-03-08,45.0
2015-03-09,46.0
2015-03-10,45.0
2015-03-11,37.0
2015-03-12,42.0
2015-03-13,45.0
2015-03-14,49.0
2015-03-15,49.0
2015-03-16,46.0
2015-03-17,43.0
2015-03-18,43.0
2015-03-19,47.0
2015-03-20,47.0
2015-03-21,41.0
2015-03-22,40.0
2015-03-23,37.0
2015-03-24,37.0
2015-03-25,44.0
2015-03-26,49.0
2015-03-27,51.0
2015-03-28,49.0
2015-03-29,50.0
2015-03-30,51.0
2015-03-31,44.0
2015-04-01,38.0
2015-04-02,34.0
2015-04-03,39.0
2015-04-04,39.0
2015-04-05,34.0
2015-04-06,30.0
2015-04-07,25.0
2015-04-08,27.0
2015-04-09,36.0
2015-04-10,39.0
2015-04-11,40.0
2015-04-12,47.0
2015-04-13,47.0
2015-04-14,36.0
2015-04-15,41.0
2015-04-16,41.0
2015-04-17,44.0
2015-04-18,48.0
2015-04-19,50.0
2015-04-20,48.0
2015-04-21,46.0
2015-04-22,40.0
2015-04-23,39.0
2015-04-24,36.0
2015-04-25,32.0
2015-04-26,40.0
2015-04-27,49.0
2015-04-28,52.0
2015-04-29,51.0
2015-04-30,53.0
2015-05-01,53.0
2015-05-02,50.0
2015-05-03,47.0
2015-05-04,47.0
2015-05-05,45.0
2015-05-06,41.0
2015-05-07,30.0
2015-05-08,31.0
2015-05-09,40.0
2015-05-10,46.0
2015-05-11,45.0
2015-05-12,41.0
2015-05-13,37.0
2015-05-14,31.0
2015-05-15,32.0
2015-05-16,37.0
2015-05-17,38.0
2015-05-18,35.0
2015-05-19,38.0
2015-05-20,42.0
2015-05-21,38.0
2015-05-22,36.0
2015-05-23,40.0
2015-05-24,44.0
2015-05-25,48.0
2015-05-26,49.0
2015-05-27,52.0
2015-05-28,55.0
2015-05-29,59.0
2015-05-30,61.0
2015-05-31,59.0
2015-06-01,51.0
2015-06-02,50.0
2015-06-03,49.0
2015-06-04,47.0
2015-06-05,47.0
2015-06-06,49.0
2015-06-07,56.0
2015-06-08,62.0
2015-06-09,57.0
2015-06-10,50.0
2015-06-11,55.0
2015-06-12,57.0
2015-06-13,63.0
2015-06-14,65.0
2015-06-15,63.0
2015-06-16,61.0
2015-06-17,63.0
2015-06-18,64.0
2015-06-19,65.0
2015-06-20,67.0
2015-06-21,62.0
2015-06-22,61.0
2015-06-23,61.0
2015-06-24,64.0
2015-06-25,69.0
2015-06-26,69.0
2015-06-27,68.0
2015-06-28,65.0
2015-06-29,67.0
2015-06-30,70.0
2015-07-01,64.0
2015-07-02,61.0
2015-07-03,64.0
2015-07-04,66.0
2015-07-05,65.0
2015-07-06,63.0
2015-07-07,60.0
2015-07-08,54.0
2015-07-09,46.0
2015-07-10,48.0
2015-07-11,53.0
2015-07-12,55.0
2015-07-13,58.0
2015-07-14,58.0
2015-07-15,58.0
2015-07-16,62.0
2015-07-17,63.0
2015-07-18,61.0
2015-07-19,57.0
2015-07-20,55.0
2015-07-21,58.0
2015-07-22,56.0
2015-07-23,56.0
2015-07-24,56.0
2015-07-25,58.0
2015-07-26,58.0
2015-07-27,58.0
2015-07-28,64.0
2015-07-29,69.0
2015-07-30,68.0
2015-07-31,67.0
2015-08-01,67.0
2015-08-02,64.0
2015-08-03,62.0
2015-08-04,60.0
2015-08-05,62.0
2015-08-06,64.0
2015-08-07,57.0
2015-08-08,57.0
2015-08-09,60.0
2015-08-10,60.0
2015-08-11,58.0
2015-08-12,61.0
2015-08-13,65.0
2015-08-14,65.0
2015-08-15,68.0
2015-08-16,69.0
2015-08-17,69.0
2015-08-18,68.0
2015-08-19,66.0
2015-08-20,66.0
2015-08-21,62.0
2015-08-22,62.0
2015-08-23,64.0
2015-08-24,64.0
2015-08-25,64.0
2015-08-26,63.0
2015-08-27,64.0
2015-08-28,65.0
2015-08-29,60.0
2015-08-30,57.0
2015-08-31,59.0
2015-09-01,60.0
2015-09-02,57.0
2015-09-03,52.0
2015-09-04,48.0
2015-09-05,50.0
2015-09-06,56.0
2015-09-07,59.0
2015-09-08,64.0
2015-09-09,65.0
2015-09-10,66.0
2015-09-11,68.0
2015-09-12,66.0
2015-09-13,62.0
2015-09-14,50.0
2015-09-15,48.0
2015-09-16,45.0
2015-09-17,47.0
2015-09-18,56.0
2015-09-19,60.0
2015-09-20,62.0
2015-09-21,61.0
2015-09-22,59.0
2015-09-23,58.0
2015-09-24,63.0
2015-09-25,64.0
2015-09-26,62.0
2015-09-27,59.0
2015-09-28,58.0
2015-09-29,58.0
2015-09-30,58.0
2015-10-01,46.0
2015-10-02,46.0
2015-10-03,49.0
2015-10-04,42.0
2015-10-05,41.0
2015-10-06,46.0
2015-10-07,54.0
2015-10-08,58.0
2015-10-09,62.0
2015-10-10,59.0
2015-10-11,58.0
2015-10-12,61.0
2015-10-13,61.0
2015-10-14,59.0
2015-10-15,51.0
2015-10-16,50.0
2015-10-17,46.0
2015-10-18,42.0
2015-10-19,39.0
2015-10-20,44.0
2015-10-21,44.0
2015-10-22,45.0
2015-10-23,48.0
2015-10-24,49.0
2015-10-25,48.0
2015-10-26,49.0
2015-10-27,49.0
2015-10-28,40.0
2015-10-29,40.0
2015-10-30,51.0
2015-10-31,52.0
2015-11-01,49.0
2015-11-02,35.0
2015-11-03,30.0
2015-11-04,24.0
2015-11-05,29.0
2015-11-06,37.0
2015-11-07,41.0
2015-11-08,39.0
2015-11-09,27.0
2015-11-10,24.0
2015-11-11,34.0
2015-11-12,41.0
2015-11-13,42.0
2015-11-14,41.0
2015-11-15,27.0
2015-11-16,26.0
2015-11-17,42.0
2015-11-18,47.0
2015-11-19,47.0
2015-11-20,48.0
2015-11-21,45.0
2015-11-22,45.0
2015-11-23,40.0
2015-11-24,31.0
2015-11-25,18.0
2015-11-26,20.0
2015-11-27,21.0
2015-11-28,21.0
2015-11-29,24.0
2015-11-30,32.0
2015-12-01,35.0
2015-12-02,41.0
2015-12-03,38.0
2015-12-04,31.0
2015-12-05,38.0
2015-12-06,41.0
2015-12-07,45.0
2015-12-08,48.0
2015-12-09,47.0
2015-12-10,33.0
2015-12-11,23.0
2015-12-12,26.0
2015-12-13,27.0
2015-12-14,17.0
2015-12-15,20.0
2015-12-16,28.0
2015-12-17,35.0
2015-12-18,37.0
2015-12-19,28.0
2015-12-20,26.0
2015-12-21,33.0
2015-12-22,32.0
2015-12-23,26.0
2015-12-24,18.0
2015-12-25,14.0
2015-12-26,21.0
2015-12-27,28.0
2015-12-28,19.0
2015-12-29,22.0
2015-12-30,24.0
2015-12-31,23.0
2016-01-01,24.0
2016-01-02,32.0
2016-01-03,37.0
2016-01-04,31.0
2016-01-05,29.0
2016-01-06,23.0
2016-01-07,22.0
2016-01-08,22.0
2016-01-09,28.0
2016-01-10,27.0
2016-01-11,28.0
2016-01-12,35.0
2016-01-13,30.0
2016-01-14,31.0
2016-01-15,31.0
2016-01-16,35.0
2016-01-17,37.0
2016-01-18,32.0
2016-01-19,32.0
2016-01-20,34.0
2016-01-21,39.0
2016-01-22,35.0
2016-01-23,29.0
2016-01-24,26.0
2016-01-25,30.0
2016-01-26,37.0
2016-01-27,42.0
2016-01-28,43.0
2016-01-29,42.0
2016-01-30,32.0
2016-01-31,24.0
2016-02-01,16.0
2016-02-02,19.0
2016-02-03,27.0
2016-02-04,31.0
2016-02-05,35.0
2016-02-06,40.0
2016-02-07,46.0
2016-02-08,50.0
2016-02-09,50.0
2016-02-10,49.0
2016-02-11,48.0
2016-02-12,46.0
2016-02-13,45.0
2016-02-14,46.0
2016-02-15,49.0
2016-02-16,50.0
2016-02-17,37.0
2016-02-18,28.0
2016-02-19,33.0
2016-02-20,41.0
2016-02-21,42.0
2016-02-22,41.0
2016-02-23,45.0
2016-02-24,44.0
2016-02-25,46.0
2016-02-26,46.0
2016-02-27,43.0
2016-02-28,44.0
2016-02-29,44.0
2016-03-01,45.0
2016-03-02,44.0
2016-03-03,43.0
2016-03-04,41.0
2016-03-05,34.0
2016-03-06,30.0
2016-03-07,25.0
2016-03-08,32.0
2016-03-09,39.0
2016-03-10,43.0
2016-03-11,30.0
2016-03-12,31.0
2016-03-13,32.0
2016-03-14,36.0
2016-03-15,40.0
2016-03-16,45.0
2016-03-17,46.0
2016-03-18,46.0
2016-03-19,44.0
2016-03-20,42.0
2016-03-21,35.0
2016-03-22,28.0
2016-03-23,35.0
2016-03-24,42.0
2016-03-25,40.0
2016-03-26,41.0
2016-03-27,40.0
2016-03-28,27.0
2016-03-29,24.0
2016-03-30,28.0
2016-03-31,35.0
2016-04-01,43.0
2016-04-02,45.0
2016-04-03,44.0
2016-04-04,44.0
2016-04-05,51.0
2016-04-06,54.0
2016-04-07,47.0
2016-04-08,41.0
2016-04-09,35.0
2016-04-10,36.0
2016-04-11,38.0
2016-04-12,41.0
2016-04-13,39.0
2016-04-14,36.0
2016-04-15,35.0
2016-04-16,47.0
2016-04-17,49.0
2016-04-18,50.0
2016-04-19,50.0
2016-04-20,49.0
2016-04-21,49.0
2016-04-22,36.0
2016-04-23,34.0
2016-04-24,36.0
2016-04-25,29.0
2016-04-26,34.0
2016-04-27,35.0
2016-04-28,35.0
2016-04-29,38.0
2016-04-30,41.0
2016-05-01,38.0
2016-05-02,43.0
2016-05-03,48.0
2016-05-04,48.0
2016-05-05,39.0
2016-05-06,35.0
2016-05-07,35.0
2016-05-08,38.0
2016-05-09,46.0
2016-05-10,48.0
2016-05-11,53.0
2016-05-12,57.0
2016-05-13,57.0
2016-05-14,48.0
2016-05-15,44.0
2016-05-16,45.0
2016-05-17,49.0
2016-05-18,53.0
2016-05-19,51.0
2016-05-20,36.0
2016-05-21,32.0
2016-05-22,36.0
2016-05-23,38.0
2016-05-24,36.0
2016-05-25,37.0
2016-05-26,42.0
2016-05-27,48.0
2016-05-28,51.0
2016-05-29,52.0
2016-05-30,58.0
2016-05-31,61.0
2016-06-01,62.0
2016-06-02,62.0
2016-06-03,64.0
2016-06-04,66.0
2016-06-05,61.0
2016-06-06,61.0
2016-06-07,62.0
2016-06-08,63.0
2016-06-09,59.0
2016-06-10,55.0
2016-06-11,53.0
2016-06-12,47.0
2016-06-13,51.0
2016-06-14,50.0
2016-06-15,45.0
2016-06-16,44.0
2016-06-17,50.0
2016-06-18,55.0
2016-06-19,63.0
2016-06-20,69.0
2016-06-21,67.0
2016-06-22,65.0
2016-06-23,64.0
2016-06-24,62.0
2016-06-25,65.0
2016-06-26,69.0
2016-06-27,70.0
2016-06-28,69.0
2016-06-29,69.0
2016-06-30,68.0
2016-07-01,66.0
2016-07-02,65.0
2016-07-03,64.0
2016-07-04,62.0
2016-07-05,60.0
2016-07-06,59.0
2016-07-07,59.0
2016-07-08,59.0
2016-07-09,58.0
2016-07-10,55.0
2016-07-11,57.0
2016-07-12,59.0
2016-07-13,64.0
2016-07-14,67.0
2016-07-15,66.0
2016-07-16,64.0
2016-07-17,61.0
2016-07-18,60.0
2016-07-19,60.0
2016-07-20,63.0
2016-07-21,65.0
2016-07-22,66.0
2016-07-23,69.0
2016-07-24,70.0
2016-07-25,68.0
2016-07-26,70.0
2016-07-27,72.0
2016-07-28,73.0
2016-07-29,73.0
2016-07-30,70.0
2016-07-31,67.0
2016-08-01,66.0
2016-08-02,66.0
2016-08-03,65.0
2016-08-04,65.0
2016-08-05,61.0
2016-08-06,60.0
2016-08-07,58.0
2016-08-08,60.0
2016-08-09,58.0
2016-08-10,58.0
2016-08-11,61.0
2016-08-12,64.0
2016-08-13,66.0
2016-08-14,68.0
2016-08-15,65.0
2016-08-16,63.0
2016-08-17,64.0
2016-08-18,64.0
2016-08-19,64.0
2016-08-20,63.0
2016-08-21,62.0
2016-08-22,60.0
2016-08-23,61.0
2016-08-24,61.0
2016-08-25,61.0
2016-08-26,59.0
2016-08-27,60.0
2016-08-28,63.0
2016-08-29,66.0
2016-08-30,65.0
2016-08-31,64.0
2016-09-01,59.0
2016-09-02,57.0
2016-09-03,53.0
2016-09-04,49.0
2016-09-05,51.0
2016-09-06,58.0
2016-09-07,61.0
2016-09-08,60.0
2016-09-09,63.0
2016-09-10,63.0
2016-09-11,56.0
2016-09-12,53.0
2016-09-13,42.0
2016-09-14,48.0
2016-09-15,52.0
2016-09-16,55.0
2016-09-17,59.0
2016-09-18,62.0
2016-09-19,63.0
2016-09-20,59.0
2016-09-21,50.0
2016-09-22,39.0
2016-09-23,44.0
2016-09-24,55.0
2016-09-25,61.0
2016-09-26,60.0
2016-09-27,60.0
2016-09-28,58.0
2016-09-29,55.0
2016-09-30,53.0
2016-10-01,49.0
2016-10-02,38.0
2016-10-03,36.0
2016-10-04,42.0
2016-10-05,41.0
2016-10-06,46.0
2016-10-07,51.0
2016-10-08,54.0
2016-10-09,54.0
2016-10-10,52.0
2016-10-11,50.0
2016-10-12,49.0
2016-10-13,52.0
2016-10-14,49.0
2016-10-15,46.0
2016-10-16,41.0
2016-10-17,40.0
2016-10-18,41.0
2016-10-19,50.0
2016-10-20,54.0
2016-10-21,53.0
2016-10-22,51.0
2016-10-23,49.0
2016-10-24,43.0
2016-10-25,45.0
2016-10-26,48.0
2016-10-27,46.0
2016-10-28,42.0
2016-10-29,44.0
2016-10-30,39.0
2016-10-31,35.0
2016-11-01,35.0
2016-11-02,42.0
2016-11-03,46.0
2016-11-04,46.0
2016-11-05,46.0
2016-11-06,44.0
2016-11-07,50.0
2016-11-08,52.0
2016-11-09,50.0
2016-11-10,48.0
2016-11-11,47.0
2016-11-12,46.0
2016-11-13,49.0
2016-11-14,54.0
2016-11-15,48.0
2016-11-16,31.0
2016-11-17,30.0
2016-11-18,41.0
2016-11-19,42.0
2016-11-20,37.0
2016-11-21,31.0
2016-11-22,32.0
2016-11-23,32.0
2016-11-24,38.0
2016-11-25,39.0
2016-11-26,30.0
2016-11-27,25.0
2016-11-28,30.0
2016-11-29,26.0
2016-11-30,30.0
2016-12-01,27.0
2016-12-02,29.0
2016-12-03,44.0
2016-12-04,42.0
2016-12-05,35.0
2016-12-06,30.0
2016-12-07,32.0
2016-12-08,36.0
2016-12-09,38.0
2016-12-10,38.0
2016-12-11,38.0
2016-12-12,36.0
2016-12-13,38.0
2016-12-14,42.0
2016-12-15,37.0
2016-12-16,24.0
2016-12-17,22.0
2016-12-18,29.0
2016-12-19,41.0
2016-12-20,43.0
2016-12-21,40.0
2016-12-22,35.0
2016-12-23,29.0
2016-12-24,17.0
2016-12-25,16.0
2016-12-26,29.0
2016-12-27,38.0
2016-12-28,42.0
2016-12-29,42.0
2016-12-30,36.0
2016-12-31,30.0
2017-01-01,28.0
2017-01-02,20.0
2017-01-03,27.0
2017-01-04,32.0
2017-01-05,28.0
2017-01-06,26.0
2017-01-07,34.0
2017-01-08,38.0
2017-01-09,31.0
2017-01-10,29.0
2017-01-11,28.0
2017-01-12,25.0
2017-01-13,25.0
2017-01-14,30.0
2017-01-15,32.0
2017-01-16,33.0
2017-01-17,34.0
2017-01-18,32.0
2017-01-19,26.0
2017-01-20,24.0
2017-01-21,24.0
2017-01-22,28.0
2017-01-23,18.0
2017-01-24,13.0
2017-01-25,
2017-01-26,23.0
2017-01-27,29.0
2017-01-28,39.0
2017-01-29,43.0
2017-01-30,44.0
2017-01-31,43.0
2017-02-01,38.0
2017-02-02,34.0
2017-02-03,
2017-02-04,33.0
2017-02-05,34.0
2017-02-06,32.0
2017-02-07,35.0
2017-02-08,39.0
2017-02-09,41.0
2017-02-10,32.0
2017-02-11,30.0
2017-02-12,37.0
2017-02-13,38.0
2017-02-14,41.0
2017-02-15,43.0
2017-02-16,35.0
2017-02-17,31.0
2017-02-18,32.0
2017-02-19,33.0
2017-02-20,32.0
2017-02-21,31.0
2017-02-22,24.0
2017-02-23,16.0
2017-02-24,20.0
2017-02-25,22.0
2017-02-26,26.0
2017-02-27,23.0
2017-02-28,24.0
2017-03-01,33.0
2017-03-02,39.0
2017-03-03,40.0
2017-03-04,35.0
2017-03-05,19.0
2017-03-06,21.0
2017-03-07,38.0
2017-03-08,44.0
2017-03-09,48.0
2017-03-10,47.0
2017-03-11,47.0
2017-03-12,49.0
2017-03-13,51.0
2017-03-14,50.0
2017-03-15,46.0
2017-03-16,47.0
2017-03-17,51.0
2017-03-18,47.0
2017-03-19,45.0
2017-03-20,44.0
2017-03-21,36.0
2017-03-22,31.0
2017-03-23,31.0
2017-03-24,34.0
2017-03-25,35.0
2017-03-26,34.0
2017-03-27,33.0
2017-03-28,40.0
2017-03-29,48.0
2017-03-30,32.0
2017-03-31,37.0
2017-04-01,45.0
2017-04-02,45.0
2017-04-03,40.0
2017-04-04,43.0
2017-04-05,46.0
2017-04-06,40.0
2017-04-07,32.0
2017-04-08,26.0
2017-04-09,31.0
2017-04-10,38.0
2017-04-11,39.0
2017-04-12,41.0
2017-04-13,32.0
2017-04-14,35.0
2017-04-15,44.0
2017-04-16,42.0
2017-04-17,40.0
2017-04-18,37.0
2017-04-19,38.0
2017-04-20,38.0
2017-04-21,50.0
2017-04-22,50.0
2017-04-23,42.0
2017-04-24,38.0
2017-04-25,38.0
2017-04-26,43.0
2017-04-27,41.0
2017-04-28,38.0
2017-04-29,42.0
2017-04-30,47.0
2017-05-01,53.0
2017-05-02,54.0
2017-05-03,58.0
2017-05-04,58.0
2017-05-05,51.0
2017-05-06,37.0
2017-05-07,37.0
2017-05-08,44.0
2017-05-09,50.0
2017-05-10,48.0
2017-05-11,50.0
2017-05-12,39.0
2017-05-13,35.0
2017-05-14,35.0
2017-05-15,32.0
2017-05-16,36.0
2017-05-17,38.0
2017-05-18,43.0
2017-05-19,48.0
2017-05-20,53.0
2017-05-21,56.0
2017-05-22,60.0
2017-05-23,62.0
2017-05-24,57.0
2017-05-25,51.0
2017-05-26,49.0
2017-05-27,53.0
2017-05-28,56.0
2017-05-29,59.0
2017-05-30,58.0
2017-05-31,46.0
2017-06-01,50.0
2017-06-02,59.0
2017-06-03,61.0
2017-06-04,58.0
2017-06-05,58.0
2017-06-06,60.0
2017-06-07,58.0
2017-06-08,51.0
2017-06-09,49.0
2017-06-10,45.0
2017-06-11,34.0
2017-06-12,34.0
2017-06-13,48.0
2017-06-14,56.0
2017-06-15,59.0
2017-06-16,66.0
2017-06-17,67.0
2017-06-18,71.0
2017-06-19,73.0
2017-06-20,70.0
2017-06-21,68.0
2017-06-22,70.0
2017-06-23,70.0
2017-06-24,69.0
2017-06-25,68.0
2017-06-26,63.0
2017-06-27,61.0
2017-06-28,60.0
2017-06-29,62.0
2017-06-30,66.0
2017-07-01,64.0
2017-07-02,64.0
2017-07-03,64.0
2017-07-04,66.0
2017-07-05,68.0
2017-07-06,69.0
2017-07-07,71.0
2017-07-08,73.0
2017-07-09,70.0
2017-07-10,68.0
2017-07-11,66.0
2017-07-12,66.0
2017-07-13,65.0
2017-07-14,66.0
2017-07-15,68.0
2017-07-16,68.0
2017-07-17,67.0
2017-07-18,65.0
2017-07-19,64.0
2017-07-20,62.0
2017-07-21,63.0
2017-07-22,69.0
2017-07-23,70.0
2017-07-24,65.0
2017-07-25,63.0
2017-07-26,64.0
2017-07-27,64.0
2017-07-28,66.0
2017-07-29,65.0
2017-07-30,67.0
2017-07-31,69.0
2017-08-01,71.0
2017-08-02,68.0
2017-08-03,65.0
2017-08-04,63.0
2017-08-05,62.0
2017-08-06,61.0
2017-08-07,61.0
2017-08-08,61.0
2017-08-09,61.0
2017-08-10,61.0
2017-08-11,62.0
2017-08-12,62.0
2017-08-13,61.0
2017-08-14,58.0
2017-08-15,55.0
2017-08-16,61.0
2017-08-17,64.0
2017-08-18,64.0
2017-08-19,65.0
2017-08-20,62.0
2017-08-21,60.0
2017-08-22,62.0
2017-08-23,63.0
2017-08-24,62.0
2017-08-25,65.0
2017-08-26,68.0
2017-08-27,70.0
2017-08-28,72.0
2017-08-29,72.0
2017-08-30,67.0
2017-08-31,67.0
2017-09-01,68.0
2017-09-02,70.0
2017-09-03,66.0
2017-09-04,68.0
2017-09-05,64.0
2017-09-06,61.0
2017-09-07,58.0
2017-09-08,57.0
2017-09-09,56.0
2017-09-10,60.0
2017-09-11,62.0
2017-09-12,61.0
2017-09-13,57.0
2017-09-14,50.0
2017-09-15,48.0
2017-09-16,52.0
2017-09-17,52.0
2017-09-18,51.0
2017-09-19,49.0
2017-09-20,49.0
2017-09-21,36.0
2017-09-22,34.0
2017-09-23,37.0
2017-09-24,41.0
2017-09-25,45.0
2017-09-26,49.0
2017-09-27,50.0
2017-09-28,52.0
2017-09-29,52.0
2017-09-30,50.0
2017-10-01,48.0
2017-10-02,42.0
2017-10-03,36.0
2017-10-04,42.0
2017-10-05,47.0
2017-10-06,54.0
2017-10-07,57.0
2017-10-08,53.0
2017-10-09,49.0
2017-10-10,47.0
2017-10-11,46.0
2017-10-12,44.0
2017-10-13,46.0
2017-10-14,53.0
2017-10-15,56.0
2017-10-16,55.0
2017-10-17,54.0
2017-10-18,52.0
2017-10-19,47.0
2017-10-20,35.0
2017-10-21,43.0
2017-10-22,53.0
2017-10-23,61.0
2017-10-24,61.0
2017-10-25,57.0
2017-10-26,57.0
2017-10-27,56.0
2017-10-28,57.0
2017-10-29,55.0
2017-10-30,49.0
2017-10-31,45.0
2017-11-01,45.0
2017-11-02,37.0
2017-11-03,33.0
2017-11-04,35.0
2017-11-05,35.0
2017-11-06,36.0
2017-11-07,40.0
2017-11-08,41.0
2017-11-09,40.0
2017-11-10,34.0
2017-11-11,41.0
2017-11-12,43.0
2017-11-13,43.0
2017-11-14,40.0
2017-11-15,43.0
2017-11-16,37.0
2017-11-17,36.0
2017-11-18,43.0
2017-11-19,44.0
2017-11-20,46.0
2017-11-21,52.0
2017-11-22,54.0
2017-11-23,52.0
2017-11-24,49.0
2017-11-25,52.0
2017-11-26,46.0
2017-11-27,30.0
2017-11-28,38.0
2017-11-29,41.0
2017-11-30,42.0
2017-12-01,42.0
2017-12-02,40.0
2017-12-03,31.0
2017-12-04,29.0
2017-12-05,38.0
2017-12-06,45.0
2017-12-07,43.0
2017-12-08,45.0
2017-12-09,44.0
2017-12-10,45.0
2017-12-11,45.0
2017-12-12,48.0
2017-12-13,50.0
2017-12-14,50.0
2017-12-15,45.0
2017-12-16,33.0
2017-12-17,33.0
2017-12-18,40.0
2017-12-19,41.0
2017-12-20,24.0
2017-12-21,28.0
2017-12-22,37.0
2017-12-23,42.0
2017-12-24,43.0
2017-12-25,42.0
2017-12-26,43.0
2017-12-27,44.0
2017-12-28,48.0
2017-12-29,48.0
2017-12-30,46.0
2017-12-31,44.0
2018-01-01,44.0
2018-01-02,44.0
2018-01-03,44.0
2018-01-04,40.0
2018-01-05,39.0
2018-01-06,34.0
2018-01-07,39.0
2018-01-08,37.0
2018-01-09,33.0
2018-01-10,32.0
2018-01-11,42.0
2018-01-12,44.0
2018-01-13,47.0
2018-01-14,46.0
2018-01-15,43.0
2018-01-16,41.0
2018-01-17,45.0
2018-01-18,42.0
2018-01-19,27.0
2018-01-20,20.0
2018-01-21,25.0
2018-01-22,30.0
2018-01-23,36.0
2018-01-24,34.0
2018-01-25,22.0
2018-01-26,25.0
2018-01-27,39.0
2018-01-28,48.0
2018-01-29,49.0
2018-01-30,47.0
2018-01-31,46.0
2018-02-01,48.0
2018-02-02,48.0
2018-02-03,47.0
2018-02-04,46.0
2018-02-05,45.0
2018-02-06,45.0
2018-02-07,44.0
2018-02-08,47.0
2018-02-09,47.0
2018-02-10,41.0
2018-02-11,34.0
2018-02-12,22.0
2018-02-13,26.0
2018-02-14,27.0
2018-02-15,29.0
2018-02-16,37.0
2018-02-17,41.0
2018-02-18,30.0
2018-02-19,12.0
2018-02-20,14.0
2018-02-21,16.0
2018-02-22,15.0
2018-02-23,14.0
2018-02-24,22.0
2018-02-25,27.0
2018-02-26,22.0
2018-02-27,21.0
2018-02-28,27.0
2018-03-01,26.0
2018-03-02,25.0
2018-03-03,20.0
2018-03-04,19.0
2018-03-05,30.0
2018-03-06,38.0
2018-03-07,37.0
2018-03-08,38.0
2018-03-09,39.0
2018-03-10,36.0
2018-03-11,39.0
2018-03-12,41.0
2018-03-13,37.0
2018-03-14,27.0
2018-03-15,25.0
2018-03-16,22.0
2018-03-17,20.0
2018-03-18,24.0
2018-03-19,31.0
2018-03-20,34.0
2018-03-21,36.0
2018-03-22,34.0
2018-03-23,33.0
2018-03-24,26.0
2018-03-25,25.0
2018-03-26,26.0
2018-03-27,41.0
2018-03-28,47.0
2018-03-29,47.0
2018-03-30,48.0
2018-03-31,46.0
2018-04-01,46.0
2018-04-02,43.0
2018-04-03,43.0
2018-04-04,45.0
2018-04-05,45.0
2018-04-06,43.0
2018-04-07,41.0
2018-04-08,42.0
2018-04-09,52.0
2018-04-10,50.0
2018-04-11,42.0
2018-04-12,26.0
2018-04-13,37.0
2018-04-14,44.0
2018-04-15,42.0
2018-04-16,24.0
2018-04-17,28.0
2018-04-18,33.0
2018-04-19,27.0
2018-04-20,42.0
2018-04-21,49.0
2018-04-22,51.0
2018-04-23,50.0
2018-04-24,52.0
2018-04-25,54.0
2018-04-26,55.0
2018-04-27,44.0
2018-04-28,38.0
2018-04-29,35.0
2018-04-30,32.0
2018-05-01,32.0
2018-05-02,36.0
2018-05-03,43.0
2018-05-04,50.0
2018-05-05,53.0
2018-05-06,53.0
2018-05-07,54.0
2018-05-08,60.0
2018-05-09,54.0
2018-05-10,50.0
2018-05-11,44.0
2018-05-12,39.0
2018-05-13,41.0
2018-05-14,45.0
2018-05-15,45.0
2018-05-16,41.0
2018-05-17,42.0
2018-05-18,47.0
2018-05-19,47.0
2018-05-20,46.0
2018-05-21,43.0
2018-05-22,46.0
2018-05-23,49.0
2018-05-24,51.0
2018-05-25,38.0
2018-05-26,38.0
2018-05-27,45.0
2018-05-28,53.0
2018-05-29,58.0
2018-05-30,54.0
2018-05-31,45.0
2018-06-01,52.0
2018-06-02,60.0
2018-06-03,63.0
2018-06-04,61.0
2018-06-05,57.0
2018-06-06,53.0
2018-06-07,52.0
2018-06-08,57.0
2018-06-09,51.0
2018-06-10,51.0
2018-06-11,61.0
2018-06-12,65.0
2018-06-13,64.0
2018-06-14,61.0
2018-06-15,58.0
2018-06-16,54.0
2018-06-17,45.0
2018-06-18,50.0
2018-06-19,58.0
2018-06-20,65.0
2018-06-21,65.0
2018-06-22,65.0
2018-06-23,65.0
2018-06-24,67.0
2018-06-25,67.0
2018-06-26,65.0
2018-06-27,63.0
2018-06-28,58.0
2018-06-29,58.0
2018-06-30,64.0
2018-07-01,66.0
2018-07-02,65.0
2018-07-03,61.0
2018-07-04,58.0
2018-07-05,62.0
2018-07-06,68.0
2018-07-07,71.0
2018-07-08,70.0
2018-07-09,67.0
2018-07-10,67.0
2018-07-11,66.0
2018-07-12,62.0
2018-07-13,64.0
2018-07-14,66.0
2018-07-15,67.0
2018-07-16,67.0
2018-07-17,69.0
2018-07-18,69.0
2018-07-19,70.0
2018-07-20,68.0
2018-07-21,65.0
2018-07-22,65.0
2018-07-23,67.0
2018-07-24,69.0
2018-07-25,71.0
2018-07-26,73.0
2018-07-27,71.0
2018-07-28,69.0
2018-07-29,68.0
2018-07-30,70.0
2018-07-31,71.0
2018-08-01,69.0
2018-08-02,68.0
2018-08-03,66.0
2018-08-04,65.0
2018-08-05,62.0
2018-08-06,63.0
2018-08-07,68.0
2018-08-08,69.0
2018-08-09,70.0
2018-08-10,68.0
2018-08-11,66.0
2018-08-12,65.0
2018-08-13,64.0
2018-08-14,65.0
2018-08-15,65.0
2018-08-16,65.0
2018-08-17,65.0
2018-08-18,66.0
2018-08-19,66.0
2018-08-20,65.0
2018-08-21,61.0
2018-08-22,61.0
2018-08-23,60.0
2018-08-24,59.0
2018-08-25,61.0
2018-08-26,60.0
2018-08-27,57.0
2018-08-28,57.0
2018-08-29,59.0
2018-08-30,57.0
2018-08-31,56.0
2018-09-01,59.0
2018-09-02,64.0
2018-09-03,64.0
2018-09-04,62.0
2018-09-05,62.0
2018-09-06,63.0
2018-09-07,65.0
2018-09-08,64.0
2018-09-09,63.0
2018-09-10,62.0
2018-09-11,60.0
2018-09-12,53.0
2018-09-13,51.0
2018-09-14,55.0
2018-09-15,54.0
2018-09-16,53.0
2018-09-17,54.0
2018-09-18,54.0
2018-09-19,54.0
2018-09-20,58.0
2018-09-21,59.0
2018-09-22,58.0
2018-09-23,56.0
2018-09-24,55.0
2018-09-25,59.0
2018-09-26,61.0
2018-09-27,63.0
2018-09-28,61.0
2018-09-29,52.0
2018-09-30,52.0
2018-10-01,53.0
2018-10-02,50.0
2018-10-03,45.0
2018-10-04,42.0
2018-10-05,43.0
2018-10-06,41.0
2018-10-07,41.0
2018-10-08,42.0
2018-10-09,43.0
2018-10-10,41.0
2018-10-11,41.0
2018-10-12,46.0
2018-10-13,47.0
2018-10-14,44.0
2018-10-15,44.0
2018-10-16,43.0
2018-10-17,44.0
2018-10-18,45.0
2018-10-19,49.0
2018-10-20,48.0
2018-10-21,47.0
2018-10-22,46.0
2018-10-23,45.0
2018-10-24,48.0
2018-10-25,52.0
2018-10-26,54.0
2018-10-27,55.0
2018-10-28,50.0
2018-10-29,45.0
2018-10-30,43.0
2018-10-31,46.0
2018-11-01,51.0
2018-11-02,53.0
2018-11-03,54.0
2018-11-04,53.0
2018-11-05,50.0
2018-11-06,47.0
2018-11-07,46.0
2018-11-08,42.0
2018-11-09,43.0
2018-11-10,44.0
2018-11-11,41.0
2018-11-12,41.0
2018-11-13,43.0
2018-11-14,43.0
2018-11-15,45.0
2018-11-16,44.0
2018-11-17,42.0
2018-11-18,41.0
2018-11-19,42.0
2018-11-20,41.0
2018-11-21,36.0
2018-11-22,30.0
2018-11-23,34.0
2018-11-24,37.0
2018-11-25,38.0
2018-11-26,42.0
2018-11-27,42.0
2018-11-28,33.0
2018-11-29,29.0
2018-11-30,27.0
2018-12-01,19.0
2018-12-02,20.0
2018-12-03,26.0
2018-12-04,30.0
2018-12-05,32.0
2018-12-06,32.0
2018-12-07,32.0
2018-12-08,38.0
2018-12-09,40.0
2018-12-10,37.0
2018-12-11,39.0
2018-12-12,40.0
2018-12-13,41.0
2018-12-14,38.0
2018-12-15,40.0
2018-12-16,38.0
2018-12-17,32.0
2018-12-18,37.0
2018-12-19,47.0
2018-12-20,44.0
2018-12-21,38.0
2018-12-22,39.0
2018-12-23,38.0
2018-12-24,34.0
2018-12-25,25.0
2018-12-26,33.0
2018-12-27,24.0
2018-12-28,25.0
2018-12-29,39.0
2018-12-30,37.0
2018-12-31,23.0
2019-01-01,23.0
2019-01-02,35.0
2019-01-03,38.0
2019-01-04,38.0
2019-01-05,29.0
2019-01-06,24.0
2019-01-07,33.0
2019-01-08,38.0
2019-01-09,32.0
2019-01-10,32.0
2019-01-11,35.0
2019-01-12,31.0
2019-01-13,28.0
2019-01-14,28.0
2019-01-15,29.0
2019-01-16,31.0
2019-01-17,31.0
2019-01-18,32.0
2019-01-19,37.0
2019-01-20,34.0
2019-01-21,21.0
2019-01-22,30.0
2019-01-23,42.0
2019-01-24,41.0
2019-01-25,43.0
2019-01-26,44.0
2019-01-27,48.0
2019-01-28,47.0
2019-01-29,38.0
2019-01-30,38.0
2019-01-31,37.0
2019-02-01,35.0
2019-02-02,28.0
2019-02-03,28.0
2019-02-04,23.0
2019-02-05,12.0
2019-02-06,13.0
2019-02-07,20.0
2019-02-08,21.0
2019-02-09,22.0
2019-02-10,15.0
2019-02-11,21.0
2019-02-12,27.0
2019-02-13,33.0
2019-02-14,31.0
2019-02-15,22.0
2019-02-16,18.0
2019-02-17,13.0
2019-02-18,12.0
2019-02-19,18.0
2019-02-20,17.0
2019-02-21,13.0
2019-02-22,18.0
2019-02-23,25.0
2019-02-24,31.0
2019-02-25,34.0
2019-02-26,35.0
2019-02-27,32.0
2019-02-28,33.0
2019-03-01,34.0
2019-03-02,33.0
2019-03-03,33.0
2019-03-04,35.0
2019-03-05,33.0
2019-03-06,31.0
2019-03-07,28.0
2019-03-08,22.0
2019-03-09,22.0
2019-03-10,23.0
2019-03-11,27.0
2019-03-12,29.0
2019-03-13,25.0
2019-03-14,30.0
2019-03-15,33.0
2019-03-16,40.0
2019-03-17,40.0
2019-03-18,42.0
2019-03-19,38.0
2019-03-20,30.0
2019-03-21,28.0
2019-03-22,30.0
2019-03-23,29.0
2019-03-24,33.0
2019-03-25,38.0
2019-03-26,38.0
2019-03-27,33.0
2019-03-28,31.0
2019-03-29,30.0
2019-03-30,36.0
2019-03-31,40.0
2019-04-01,43.0
2019-04-02,34.0
2019-04-03,35.0
2019-04-04,35.0
2019-04-05,33.0
2019-04-06,37.0
2019-04-07,46.0
2019-04-08,47.0
2019-04-09,33.0
2019-04-10,33.0
2019-04-11,32.0
2019-04-12,34.0
2019-04-13,41.0
2019-04-14,43.0
2019-04-15,37.0
2019-04-16,33.0
2019-04-17,42.0
2019-04-18,51.0
2019-04-19,51.0
2019-04-20,42.0
2019-04-21,37.0
2019-04-22,45.0
2019-04-23,51.0
2019-04-24,53.0
2019-04-25,54.0
2019-04-26,52.0
2019-04-27,50.0
2019-04-28,49.0
2019-04-29,42.0
2019-04-30,38.0
2019-05-01,38.0
2019-05-02,42.0
2019-05-03,46.0
2019-05-04,47.0
2019-05-05,43.0
2019-05-06,37.0
2019-05-07,42.0
2019-05-08,47.0
2019-05-09,43.0
2019-05-10,40.0
2019-05-11,47.0
2019-05-12,49.0
2019-05-13,49.0
2019-05-14,48.0
2019-05-15,41.0
2019-05-16,31.0
2019-05-17,32.0
2019-05-18,35.0
2019-05-19,29.0
2019-05-20,29.0
2019-05-21,30.0
2019-05-22,32.0
2019-05-23,35.0
2019-05-24,40.0
2019-05-25,40.0
2019-05-26,30.0
2019-05-27,31.0
2019-05-28,44.0
2019-05-29,48.0
2019-05-30,47.0
2019-05-31,44.0
2019-06-01,48.0
2019-06-02,47.0
2019-06-03,52.0
2019-06-04,58.0
2019-06-05,60.0
2019-06-06,55.0
2019-06-07,48.0
2019-06-08,52.0
2019-06-09,57.0
2019-06-10,60.0
2019-06-11,62.0
2019-06-12,63.0
2019-06-13,59.0
2019-06-14,57.0
2019-06-15,59.0
2019-06-16,57.0
2019-06-17,58.0
2019-06-18,62.0
2019-06-19,63.0
2019-06-20,58.0
2019-06-21,51.0
2019-06-22,53.0
2019-06-23,56.0
2019-06-24,58.0
2019-06-25,56.0
2019-06-26,52.0
2019-06-27,50.0
2019-06-28,52.0
2019-06-29,55.0
2019-06-30,55.0
2019-07-01,56.0
2019-07-02,55.0
2019-07-03,54.0
2019-07-04,54.0
2019-07-05,59.0
2019-07-06,59.0
2019-07-07,56.0
2019-07-08,54.0
2019-07-09,56.0
2019-07-10,61.0
2019-07-11,63.0
2019-07-12,64.0
2019-07-13,66.0
2019-07-14,63.0
2019-07-15,62.0
2019-07-16,60.0
2019-07-17,60.0
2019-07-18,60.0
2019-07-19,58.0
2019-07-20,59.0
2019-07-21,64.0
2019-07-22,66.0
2019-07-23,64.0
2019-07-24,65.0
2019-07-25,63.0
2019-07-26,62.0
2019-07-27,65.0
2019-07-28,66.0
2019-07-29,63.0
2019-07-30,62.0
2019-07-31,61.0
2019-08-01,60.0
2019-08-02,60.0
2019-08-03,63.0
2019-08-04,63.0
2019-08-05,65.0
2019-08-06,66.0
2019-08-07,64.0
2019-08-08,60.0
2019-08-09,54.0
2019-08-10,52.0
2019-08-11,53.0
2019-08-12,60.0
2019-08-13,63.0
2019-08-14,66.0
2019-08-15,66.0
2019-08-16,
2019-08-17,62.0
2019-08-18,60.0
2019-08-19,59.0
2019-08-20,61.0
2019-08-21,63.0
2019-08-22,60.0
2019-08-23,63.0
2019-08-24,64.0
2019-08-25,63.0
2019-08-26,66.0
2019-08-27,69.0
2019-08-28,65.0
2019-08-29,62.0
2019-08-30,64.0
2019-08-31,63.0
2019-09-01,67.0
2019-09-02,65.0
2019-09-03,65.0
2019-09-04,66.0
2019-09-05,63.0
2019-09-06,61.0
2019-09-07,58.0
2019-09-08,51.0
2019-09-09,50.0
2019-09-10,44.0
2019-09-11,49.0
2019-09-12,57.0
2019-09-13,60.0
2019-09-14,63.0
2019-09-15,58.0
2019-09-16,49.0
2019-09-17,46.0
2019-09-18,48.0
2019-09-19,42.0
2019-09-20,44.0
2019-09-21,50.0
2019-09-22,53.0
2019-09-23,51.0
2019-09-24,59.0
2019-09-25,63.0
2019-09-26,59.0
2019-09-27,53.0
2019-09-28,41.0
2019-09-29,32.0
2019-09-30,31.0
2019-10-01,35.0
2019-10-02,44.0
2019-10-03,44.0
2019-10-04,46.0
2019-10-05,54.0
2019-10-06,56.0
2019-10-07,54.0
2019-10-08,53.0
2019-10-09,48.0
2019-10-10,46.0
2019-10-11,47.0
2019-10-12,46.0
2019-10-13,45.0
2019-10-14,45.0
2019-10-15,52.0
2019-10-16,51.0
2019-10-17,41.0
2019-10-18,40.0
2019-10-19,42.0
2019-10-20,45.0
2019-10-21,52.0
2019-10-22,54.0
2019-10-23,53.0
2019-10-24,54.0
2019-10-25,56.0
2019-10-26,53.0
2019-10-27,37.0
2019-10-28,36.0
2019-10-29,38.0
2019-10-30,37.0
2019-10-31,48.0
2019-11-01,52.0
2019-11-02,51.0
2019-11-03,51.0
2019-11-04,51.0
2019-11-05,49.0
2019-11-06,48.0
2019-11-07,49.0
2019-11-08,49.0
2019-11-09,47.0
2019-11-10,48.0
2019-11-11,50.0
2019-11-12,51.0
2019-11-13,50.0
2019-11-14,46.0
2019-11-15,43.0
2019-11-16,49.0
2019-11-17,53.0
2019-11-18,54.0
2019-11-19,42.0
2019-11-20,31.0
2019-11-21,30.0
2019-11-22,31.0
2019-11-23,35.0
2019-11-24,41.0
2019-11-25,31.0
2019-11-26,23.0
2019-11-27,20.0
2019-11-28,20.0
2019-11-29,16.0
2019-11-30,21.0
2019-12-01,31.0
2019-12-02,34.0
2019-12-03,38.0
2019-12-04,30.0
2019-12-05,33.0
2019-12-06,36.0
2019-12-07,34.0
2019-12-08,30.0
2019-12-09,31.0
2019-12-10,37.0
2019-12-11,37.0
2019-12-12,42.0
2019-12-13,38.0
2019-12-14,29.0
2019-12-15,21.0
2019-12-16,28.0
2019-12-17,34.0
2019-12-18,27.0
2019-12-19,33.0
2019-12-20,41.0
2019-12-21,40.0
2019-12-22,32.0
2019-12-23,28.0
2019-12-24,25.0
2019-12-25,21.0
2019-12-26,25.0
2019-12-27,28.0
2019-12-28,36.0
2019-12-29,33.0
2019-12-30,31.0
2019-12-31,37.0
2020-01-01,39.0
2020-01-02,42.0
2020-01-03,41.0
2020-01-04,37.0
2020-01-05,34.0
2020-01-06,40.0
2020-01-07,38.0
2020-01-08,26.0
2020-01-09,25.0
2020-01-10,35.0
2020-01-11,28.0
2020-01-12,29.0
2020-01-13,30.0
2020-01-14,28.0
2020-01-15,33.0
2020-01-16,27.0
2020-01-17,25.0
2020-01-18,39.0
2020-01-19,44.0
2020-01-20,37.0
2020-01-21,32.0
2020-01-22,36.0
2020-01-23,40.0
2020-01-24,39.0
2020-01-25,41.0
2020-01-26,32.0
2020-01-27,34.0
2020-01-28,33.0
2020-01-29,37.0
2020-01-30,42.0
2020-01-31,47.0
2020-02-01,50.0
2020-02-02,32.0
2020-02-03,18.0
2020-02-04,23.0
2020-02-05,40.0
2020-02-06,42.0
2020-02-07,42.0
2020-02-08,39.0
2020-02-09,26.0
2020-02-10,36.0
2020-02-11,42.0
2020-02-12,37.0
2020-02-13,36.0
2020-02-14,34.0
2020-02-15,38.0
2020-02-16,40.0
2020-02-17,38.0
2020-02-18,36.0
2020-02-19,34.0
2020-02-20,37.0
2020-02-21,38.0
2020-02-22,32.0
2020-02-23,36.0
2020-02-24,41.0
2020-02-25,45.0
2020-02-26,43.0
2020-02-27,45.0
2020-02-28,43.0
2020-02-29,37.0
2020-03-01,24.0
2020-03-02,33.0
2020-03-03,47.0
2020-03-04,44.0
2020-03-05,44.0
2020-03-06,42.0
2020-03-07,30.0
2020-03-08,28.0
2020-03-09,33.0
2020-03-10,36.0
2020-03-11,34.0
2020-03-12,38.0
2020-03-13,37.0
2020-03-14,30.0
2020-03-15,27.0
2020-03-16,25.0
2020-03-17,19.0
2020-03-18,21.0
2020-03-19,22.0
2020-03-20,25.0
2020-03-21,28.0
2020-03-22,31.0
2020-03-23,31.0
2020-03-24,28.0
2020-03-25,23.0
2020-03-26,21.0
2020-03-27,22.0
2020-03-28,26.0
2020-03-29,27.0
2020-03-30,34.0
2020-03-31,40.0
2020-04-01,38.0
2020-04-02,31.0
2020-04-03,34.0
2020-04-04,33.0
2020-04-05,28.0
2020-04-06,27.0
2020-04-07,30.0
2020-04-08,33.0
2020-04-09,30.0
2020-04-10,32.0
2020-04-11,40.0
2020-04-12,39.0
2020-04-13,38.0
2020-04-14,37.0
2020-04-15,42.0
2020-04-16,42.0
2020-04-17,37.0
2020-04-18,35.0
2020-04-19,36.0
2020-04-20,34.0
2020-04-21,40.0
2020-04-22,47.0
2020-04-23,48.0
2020-04-24,52.0
2020-04-25,53.0
2020-04-26,49.0
2020-04-27,50.0
2020-04-28,59.0
2020-04-29,57.0
2020-04-30,50.0
2020-05-01,45.0
2020-05-02,45.0
2020-05-03,43.0
2020-05-04,47.0
2020-05-05,52.0
2020-05-06,53.0
2020-05-07,58.0
2020-05-08,58.0
2020-05-09,57.0
2020-05-10,55.0
2020-05-11,46.0
2020-05-12,38.0
2020-05-13,39.0
2020-05-14,39.0
2020-05-15,44.0
2020-05-16,51.0
2020-05-17,46.0
2020-05-18,36.0
2020-05-19,30.0
2020-05-20,35.0
2020-05-21,45.0
2020-05-22,43.0
2020-05-23,43.0
2020-05-24,50.0
2020-05-25,57.0
2020-05-26,61.0
2020-05-27,64.0
2020-05-28,66.0
2020-05-29,62.0
2020-05-30,45.0
2020-05-31,48.0
2020-06-01,52.0
2020-06-02,59.0
2020-06-03,62.0
2020-06-04,64.0
2020-06-05,57.0
2020-06-06,43.0
2020-06-07,36.0
2020-06-08,41.0
2020-06-09,50.0
2020-06-10,57.0
2020-06-11,59.0
2020-06-12,49.0
2020-06-13,42.0
2020-06-14,50.0
2020-06-15,54.0
2020-06-16,50.0
2020-06-17,52.0
2020-06-18,56.0
2020-06-19,59.0
2020-06-20,61.0
2020-06-21,62.0
2020-06-22,66.0
2020-06-23,67.0
2020-06-24,65.0
2020-06-25,63.0
2020-06-26,64.0
2020-06-27,65.0
2020-06-28,55.0
2020-06-29,48.0
2020-06-30,53.0
2020-07-01,56.0
2020-07-02,57.0
2020-07-03,58.0
2020-07-04,60.0
2020-07-05,63.0
2020-07-06,63.0
2020-07-07,58.0
2020-07-08,59.0
2020-07-09,61.0
2020-07-10,65.0
2020-07-11,68.0
2020-07-12,68.0
2020-07-13,66.0
2020-07-14,63.0
2020-07-15,65.0
2020-07-16,67.0
2020-07-17,66.0
2020-07-18,66.0
2020-07-19,64.0
2020-07-20,64.0
2020-07-21,65.0
2020-07-22,60.0
2020-07-23,57.0
2020-07-24,59.0
2020-07-25,61.0
2020-07-26,63.0
2020-07-27,63.0
2020-07-28,65.0
2020-07-29,66.0
2020-07-30,66.0
2020-07-31,67.0
2020-08-01,65.0
2020-08-02,65.0
2020-08-03,64.0
2020-08-04,62.0
2020-08-05,58.0
2020-08-06,55.0
2020-08-07,57.0
2020-08-08,61.0
2020-08-09,64.0
2020-08-10,65.0
2020-08-11,63.0
2020-08-12,63.0
2020-08-13,64.0
2020-08-14,69.0
2020-08-15,71.0
2020-08-16,73.0
2020-08-17,75.0
2020-08-18,73.0
2020-08-19,70.0
2020-08-20,68.0
2020-08-21,68.0
2020-08-22,69.0
2020-08-23,69.0
2020-08-24,67.0
2020-08-25,64.0
2020-08-26,61.0
2020-08-27,59.0
2020-08-28,62.0
2020-08-29,62.0
2020-08-30,62.0
2020-08-31,63.0
2020-09-01,64.0
2020-09-02,66.0
2020-09-03,69.0
2020-09-04,73.0
2020-09-05,72.0
2020-09-06,71.0
2020-09-07,75.0
2020-09-08,66.0
2020-09-09,56.0
2020-09-10,54.0
2020-09-11,57.0
2020-09-12,61.0
2020-09-13,63.0
2020-09-14,61.0
2020-09-15,61.0
2020-09-16,62.0
2020-09-17,62.0
2020-09-18,57.0
2020-09-19,55.0
2020-09-20,60.0
2020-09-21,60.0
2020-09-22,57.0
2020-09-23,60.0
2020-09-24,58.0
2020-09-25,60.0
2020-09-26,60.0
2020-09-27,64.0
2020-09-28,63.0
2020-09-29,61.0
2020-09-30,63.0
2020-10-01,65.0
2020-10-02,64.0
2020-10-03,65.0
2020-10-04,62.0
2020-10-05,60.0
2020-10-06,61.0
2020-10-07,58.0
2020-10-08,53.0
2020-10-09,50.0
2020-10-10,49.0
2020-10-11,51.0
2020-10-12,59.0
2020-10-13,59.0
2020-10-14,62.0
2020-10-15,63.0
2020-10-16,61.0
2020-10-17,59.0
2020-10-18,57.0
2020-10-19,57.0
2020-10-20,57.0
2020-10-21,56.0
2020-10-22,54.0
2020-10-23,51.0
2020-10-24,49.0
2020-10-25,40.0
2020-10-26,38.0
2020-10-27,47.0
2020-10-28,55.0
2020-10-29,53.0
2020-10-30,50.0
2020-10-31,54.0
2020-11-01,54.0
2020-11-02,53.0
2020-11-03,51.0
2020-11-04,53.0
2020-11-05,53.0
2020-11-06,39.0
2020-11-07,24.0
2020-11-08,18.0
2020-11-09,19.0
2020-11-10,31.0
2020-11-11,36.0
2020-11-12,35.0
2020-11-13,36.0
2020-11-14,39.0
2020-11-15,48.0
2020-11-16,53.0
2020-11-17,45.0
2020-11-18,33.0
2020-11-19,39.0
2020-11-20,43.0
2020-11-21,45.0
2020-11-22,41.0
2020-11-23,33.0
2020-11-24,37.0
2020-11-25,34.0
2020-11-26,29.0
2020-11-27,40.0
2020-11-28,42.0
2020-11-29,43.0
2020-11-30,42.0
2020-12-01,47.0
2020-12-02,46.0
2020-12-03,39.0
2020-12-04,43.0
2020-12-05,42.0
2020-12-06,39.0
2020-12-07,42.0
2020-12-08,46.0
2020-12-09,42.0
2020-12-10,36.0
2020-12-11,33.0
2020-12-12,32.0
2020-12-13,32.0
2020-12-14,23.0
2020-12-15,34.0
2020-12-16,39.0
2020-12-17,27.0
2020-12-18,32.0
2020-12-19,43.0
2020-12-20,45.0
2020-12-21,43.0
2020-12-22,37.0
2020-12-23,41.0
2020-12-24,38.0
2020-12-25,37.0
2020-12-26,29.0
2020-12-27,28.0
2020-12-28,24.0
2020-12-29,26.0
2020-12-30,35.0
2020-12-31,32.0
2021-01-01,34.0
2021-01-02,35.0
2021-01-03,38.0
2021-01-04,35.0
2021-01-05,38.0
2021-01-06,38.0
2021-01-07,38.0
2021-01-08,36.0
2021-01-09,39.0
2021-01-10,40.0
2021-01-11,40.0
2021-01-12,40.0
2021-01-13,46.0
2021-01-14,52.0
2021-01-15,52.0
2021-01-16,49.0
2021-01-17,47.0
2021-01-18,41.0
2021-01-19,31.0
2021-01-20,35.0
2021-01-21,35.0
2021-01-22,25.0
2021-01-23,20.0
2021-01-24,21.0
2021-01-25,16.0
2021-01-26,16.0
2021-01-27,24.0
2021-01-28,25.0
2021-01-29,22.0
2021-01-30,27.0
2021-01-31,38.0
2021-02-01,39.0
2021-02-02,35.0
2021-02-03,30.0
2021-02-04,38.0
2021-02-05,45.0
2021-02-06,44.0
2021-02-07,43.0
2021-02-08,42.0
2021-02-09,36.0
2021-02-10,35.0
2021-02-11,36.0
2021-02-12,31.0
2021-02-13,26.0
2021-02-14,27.0
2021-02-15,31.0
2021-02-16,27.0
2021-02-17,27.0
2021-02-18,36.0
2021-02-19,36.0
2021-02-20,25.0
2021-02-21,35.0
2021-02-22,42.0
2021-02-23,42.0
2021-02-24,36.0
2021-02-25,37.0
2021-02-26,35.0
2021-02-27,29.0
2021-02-28,34.0
2021-03-01,36.0
2021-03-02,38.0
2021-03-03,32.0
2021-03-04,34.0
2021-03-05,40.0
2021-03-06,34.0
2021-03-07,40.0
2021-03-08,28.0
2021-03-09,23.0
2021-03-10,19.0
2021-03-11,18.0
2021-03-12,22.0
2021-03-13,28.0
2021-03-14,35.0
2021-03-15,19.0
2021-03-16,29.0
2021-03-17,36.0
2021-03-18,37.0
2021-03-19,34.0
2021-03-20,28.0
2021-03-21,27.0
2021-03-22,32.0
2021-03-23,29.0
2021-03-24,30.0
2021-03-25,28.0
2021-03-26,31.0
2021-03-27,40.0
2021-03-28,45.0
2021-03-29,43.0
2021-03-30,42.0
2021-03-31,45.0
2021-04-01,48.0
2021-04-02,49.0
2021-04-03,48.0
2021-04-04,48.0
2021-04-05,41.0
2021-04-06,42.0
2021-04-07,45.0
2021-04-08,43.0
2021-04-09,44.0
2021-04-10,44.0
2021-04-11,47.0
2021-04-12,44.0
2021-04-13,39.0
2021-04-14,30.0
2021-04-15,34.0
2021-04-16,39.0
2021-04-17,
2021-04-18,48.0
2021-04-19,49.0
2021-04-20,45.0
2021-04-21,37.0
2021-04-22,40.0
2021-04-23,43.0
2021-04-24,40.0
2021-04-25,31.0
2021-04-26,28.0
2021-04-27,31.0
2021-04-28,45.0
2021-04-29,55.0
2021-04-30,58.0
2021-05-01,51.0
2021-05-02,44.0
2021-05-03,47.0
2021-05-04,52.0
2021-05-05,56.0
2021-05-06,54.0
2021-05-07,47.0
2021-05-08,48.0
2021-05-09,47.0
2021-05-10,50.0
2021-05-11,52.0
2021-05-12,55.0
2021-05-13,56.0
2021-05-14,55.0
2021-05-15,46.0
2021-05-16,40.0
2021-05-17,48.0
2021-05-18,50.0
2021-05-19,47.0
2021-05-20,36.0
2021-05-21,26.0
2021-05-22,31.0
2021-05-23,39.0
2021-05-24,49.0
2021-05-25,49.0
2021-05-26,50.0
2021-05-27,52.0
2021-05-28,53.0
2021-05-29,54.0
2021-05-30,61.0
2021-05-31,64.0
2021-06-01,66.0
2021-06-02,65.0
2021-06-03,66.0
2021-06-04,64.0
2021-06-05,61.0
2021-06-06,59.0
2021-06-07,51.0
2021-06-08,45.0
2021-06-09,41.0
2021-06-10,42.0
2021-06-11,53.0
2021-06-12,61.0
2021-06-13,60.0
2021-06-14,59.0
2021-06-15,64.0
2021-06-16,73.0
2021-06-17,75.0
2021-06-18,71.0
2021-06-19,71.0
2021-06-20,68.0
2021-06-21,64.0
2021-06-22,61.0
2021-06-23,60.0
2021-06-24,57.0
2021-06-25,59.0
2021-06-26,68.0
2021-06-27,73.0
2021-06-28,72.0
2021-06-29,67.0
2021-06-30,65.0
2021-07-01,65.0
2021-07-02,65.0
2021-07-03,66.0
2021-07-04,65.0
2021-07-05,66.0
2021-07-06,68.0
2021-07-07,71.0
2021-07-08,72.0
2021-07-09,74.0
2021-07-10,75.0
2021-07-11,75.0
2021-07-12,75.0
2021-07-13,72.0
2021-07-14,69.0
2021-07-15,65.0
2021-07-16,64.0
2021-07-17,66.0
2021-07-18,65.0
2021-07-19,65.0
2021-07-20,65.0
2021-07-21,66.0
2021-07-22,
2021-07-23,69.0
2021-07-24,67.0
2021-07-25,67.0
2021-07-26,64.0
2021-07-27,65.0
2021-07-28,66.0
2021-07-29,66.0
2021-07-30,65.0
2021-07-31,64.0
2021-08-01,65.0
2021-08-02,67.0
2021-08-03,70.0
2021-08-04,70.0
2021-08-05,64.0
2021-08-06,62.0
2021-08-07,66.0
2021-08-08,64.0
2021-08-09,64.0
2021-08-10,66.0
2021-08-11,67.0
2021-08-12,68.0
2021-08-13,68.0
2021-08-14,70.0
2021-08-15,73.0
2021-08-16,72.0
2021-08-17,65.0
2021-08-18,56.0
2021-08-19,54.0
2021-08-20,58.0
2021-08-21,57.0
2021-08-22,58.0
2021-08-23,60.0
2021-08-24,60.0
2021-08-25,59.0
2021-08-26,61.0
2021-08-27,67.0
2021-08-28,68.0
2021-08-29,69.0
2021-08-30,68.0
2021-08-31,65.0
2021-09-01,59.0
2021-09-02,56.0
2021-09-03,58.0
2021-09-04,62.0
2021-09-05,66.0
2021-09-06,68.0
2021-09-07,70.0
2021-09-08,71.0
2021-09-09,68.0
2021-09-10,62.0
2021-09-11,60.0
2021-09-12,61.0
2021-09-13,60.0
2021-09-14,61.0
2021-09-15,60.0
2021-09-16,56.0
2021-09-17,57.0
2021-09-18,53.0
2021-09-19,51.0
2021-09-20,59.0
2021-09-21,60.0
2021-09-22,59.0
2021-09-23,60.0
2021-09-24,61.0
2021-09-25,60.0
2021-09-26,58.0
2021-09-27,54.0
2021-09-28,44.0
2021-09-29,47.0
2021-09-30,51.0
2021-10-01,53.0
2021-10-02,53.0
2021-10-03,55.0
2021-10-04,54.0
2021-10-05,50.0
2021-10-06,48.0
2021-10-07,45.0
2021-10-08,36.0
2021-10-09,37.0
2021-10-10,45.0
2021-10-11,30.0
2021-10-12,30.0
2021-10-13,37.0
2021-10-14,42.0
2021-10-15,48.0
2021-10-16,51.0
2021-10-17,43.0
2021-10-18,28.0
2021-10-19,39.0
2021-10-20,44.0
2021-10-21,50.0
2021-10-22,43.0
2021-10-23,40.0
2021-10-24,42.0
2021-10-25,32.0
2021-10-26,32.0
2021-10-27,47.0
2021-10-28,53.0
2021-10-29,52.0
2021-10-30,47.0
2021-10-31,42.0
2021-11-01,43.0
2021-11-02,46.0
2021-11-03,50.0
2021-11-04,49.0
2021-11-05,51.0
2021-11-06,46.0
2021-11-07,38.0
2021-11-08,42.0
2021-11-09,36.0
2021-11-10,47.0
2021-11-11,52.0
2021-11-12,53.0
2021-11-13,53.0
2021-11-14,54.0
2021-11-15,50.0
2021-11-16,45.0
2021-11-17,45.0
2021-11-18,43.0
2021-11-19,42.0
2021-11-20,41.0
2021-11-21,44.0
2021-11-22,44.0
2021-11-23,38.0
2021-11-24,41.0
2021-11-25,46.0
2021-11-26,47.0
2021-11-27,49.0
2021-11-28,51.0
2021-11-29,51.0
2021-11-30,53.0
2021-12-01,52.0
2021-12-02,47.0
2021-12-03,44.0
2021-12-04,43.0
2021-12-05,47.0
2021-12-06,46.0
2021-12-07,39.0
2021-12-08,36.0
2021-12-09,26.0
2021-12-10,23.0
2021-12-11,30.0
2021-12-12,33.0
2021-12-13,28.0
2021-12-14,20.0
2021-12-15,22.0
2021-12-16,26.0
2021-12-17,32.0
2021-12-18,38.0
2021-12-19,36.0
2021-12-20,37.0
2021-12-21,39.0
2021-12-22,35.0
2021-12-23,33.0
2021-12-24,
2021-12-25,
2021-12-26,19.0
2021-12-27,18.0
2021-12-28,
2021-12-29,
2021-12-30,25.0
2021-12-31,22.0
2022-01-01,28.0
2022-01-02,32.0
2022-01-03,31.0
2022-01-04,36.0
2022-01-05,42.0
2022-01-06,43.0
2022-01-07,35.0
2022-01-08,33.0
2022-01-09,36.0
2022-01-10,38.0
2022-01-11,46.0
2022-01-12,50.0
2022-01-13,45.0
2022-01-14,44.0
2022-01-15,45.0
2022-01-16,40.0
2022-01-17,36.0
2022-01-18,35.0
2022-01-19,38.0
2022-01-20,39.0
2022-01-21,36.0
2022-01-22,36.0
2022-01-23,37.0
2022-01-24,42.0
2022-01-25,38.0
2022-01-26,34.0
2022-01-27,39.0
2022-01-28,39.0
2022-01-29,34.0
2022-01-30,38.0
2022-01-31,39.0
2022-02-01,31.0
2022-02-02,33.0
2022-02-03,35.0
2022-02-04,31.0
2022-02-05,43.0
2022-02-06,46.0
2022-02-07,43.0
2022-02-08,46.0
2022-02-09,48.0
2022-02-10,50.0
2022-02-11,48.0
2022-02-12,47.0
2022-02-13,45.0
2022-02-14,41.0
2022-02-15,25.0
2022-02-16,35.0
2022-02-17,33.0
2022-02-18,39.0
2022-02-19,41.0
2022-02-20,37.0
2022-02-21,24.0
2022-02-22,15.0
2022-02-23,13.0
2022-02-24,20.0
2022-02-25,25.0
2022-02-26,31.0
2022-02-27,40.0
2022-02-28,46.0
2022-03-01,49.0
2022-03-02,47.0
2022-03-03,40.0
2022-03-04,29.0
2022-03-05,17.0
2022-03-06,22.0
2022-03-07,29.0
2022-03-08,32.0
2022-03-09,33.0
2022-03-10,32.0
2022-03-11,36.0
2022-03-12,38.0
2022-03-13,36.0
2022-03-14,43.0
2022-03-15,39.0
2022-03-16,36.0
2022-03-17,37.0
2022-03-18,40.0
2022-03-19,34.0
2022-03-20,35.0
2022-03-21,46.0
2022-03-22,50.0
2022-03-23,49.0
2022-03-24,51.0
2022-03-25,52.0
2022-03-26,51.0
2022-03-27,45.0
2022-03-28,30.0
2022-03-29,35.0
2022-03-30,40.0
2022-03-31,38.0
2022-04-01,44.0
2022-04-02,44.0
2022-04-03,42.0
2022-04-04,44.0
2022-04-05,45.0
2022-04-06,55.0
2022-04-07,55.0
2022-04-08,54.0
2022-04-09,47.0
2022-04-10,39.0
2022-04-11,27.0
2022-04-12,20.0
2022-04-13,27.0
2022-04-14,33.0
2022-04-15,36.0
2022-04-16,33.0
2022-04-17,43.0
2022-04-18,44.0
2022-04-19,36.0
2022-04-20,39.0
2022-04-21,31.0
2022-04-22,29.0
2022-04-23,34.0
2022-04-24,40.0
2022-04-25,44.0
2022-04-26,43.0
2022-04-27,41.0
2022-04-28,37.0
2022-04-29,45.0
2022-04-30,46.0
2022-05-01,42.0
2022-05-02,44.0
2022-05-03,44.0
2022-05-04,51.0
2022-05-05,50.0
2022-05-06,50.0
2022-05-07,43.0
2022-05-08,31.0
2022-05-09,25.0
2022-05-10,24.0
2022-05-11,26.0
2022-05-12,38.0
2022-05-13,48.0
2022-05-14,57.0
2022-05-15,56.0
2022-05-16,52.0
2022-05-17,52.0
2022-05-18,59.0
2022-05-19,56.0
2022-05-20,47.0
2022-05-21,45.0
2022-05-22,50.0
2022-05-23,53.0
2022-05-24,57.0
2022-05-25,61.0
2022-05-26,59.0
2022-05-27,53.0
2022-05-28,46.0
2022-05-29,42.0
2022-05-30,42.0
2022-05-31,45.0
2022-06-01,54.0
2022-06-02,55.0
2022-06-03,52.0
2022-06-04,49.0
2022-06-05,51.0
2022-06-06,55.0
2022-06-07,60.0
2022-06-08,60.0
2022-06-09,62.0
2022-06-10,64.0
2022-06-11,63.0
2022-06-12,58.0
2022-06-13,51.0
2022-06-14,54.0
2022-06-15,61.0
2022-06-16,60.0
2022-06-17,43.0
2022-06-18,38.0
2022-06-19,43.0
2022-06-20,53.0
2022-06-21,61.0
2022-06-22,57.0
2022-06-23,55.0
2022-06-24,61.0
2022-06-25,64.0
2022-06-26,66.0
2022-06-27,68.0
2022-06-28,67.0
2022-06-29,64.0
2022-06-30,60.0
2022-07-01,60.0
2022-07-02,57.0
2022-07-03,52.0
2022-07-04,52.0
2022-07-05,53.0
2022-07-06,56.0
2022-07-07,59.0
2022-07-08,61.0
2022-07-09,60.0
2022-07-10,64.0
2022-07-11,69.0
2022-07-12,70.0
2022-07-13,67.0
2022-07-14,68.0
2022-07-15,69.0
2022-07-16,70.0
2022-07-17,70.0
2022-07-18,66.0
2022-07-19,66.0
2022-07-20,67.0
2022-07-21,68.0
2022-07-22,67.0
2022-07-23,67.0
2022-07-24,67.0
2022-07-25,67.0
2022-07-26,65.0
2022-07-27,66.0
2022-07-28,68.0
2022-07-29,69.0
2022-07-30,67.0
2022-07-31,65.0
2022-08-01,60.0
2022-08-02,63.0
2022-08-03,65.0
2022-08-04,63.0
2022-08-05,57.0
2022-08-06,60.0
2022-08-07,65.0
2022-08-08,65.0
2022-08-09,63.0
2022-08-10,61.0
2022-08-11,63.0
2022-08-12,64.0
2022-08-13,64.0
2022-08-14,66.0
2022-08-15,68.0
2022-08-16,69.0
2022-08-17,67.0
2022-08-18,67.0
2022-08-19,66.0
2022-08-20,67.0
2022-08-21,67.0
2022-08-22,66.0
2022-08-23,69.0
2022-08-24,69.0
2022-08-25,66.0
2022-08-26,65.0
2022-08-27,64.0
2022-08-28,63.0
2022-08-29,64.0
2022-08-30,67.0
2022-08-31,70.0
2022-09-01,71.0
2022-09-02,71.0
2022-09-03,72.0
2022-09-04,72.0
2022-09-05,74.0
2022-09-06,75.0
2022-09-07,72.0
2022-09-08,71.0
2022-09-09,70.0
2022-09-10,58.0
2022-09-11,56.0
2022-09-12,56.0
2022-09-13,53.0
2022-09-14,49.0
2022-09-15,48.0
2022-09-16,51.0
2022-09-17,49.0
2022-09-18,46.0
2022-09-19,47.0
2022-09-20,44.0
2022-09-21,44.0
2022-09-22,49.0
2022-09-23,56.0
2022-09-24,60.0
2022-09-25,62.0
2022-09-26,63.0
2022-09-27,61.0
2022-09-28,60.0
2022-09-29,58.0
2022-09-30,57.0
2022-10-01,56.0
2022-10-02,56.0
2022-10-03,57.0
2022-10-04,59.0
2022-10-05,58.0
2022-10-06,58.0
2022-10-07,59.0
2022-10-08,59.0
2022-10-09,58.0
2022-10-10,55.0
2022-10-11,55.0
2022-10-12,57.0
2022-10-13,57.0
2022-10-14,57.0
2022-10-15,56.0
2022-10-16,53.0
2022-10-17,53.0
2022-10-18,54.0
2022-10-19,55.0
2022-10-20,54.0
2022-10-21,52.0
2022-10-22,40.0
2022-10-23,32.0
2022-10-24,40.0
2022-10-25,43.0
2022-10-26,39.0
2022-10-27,40.0
2022-10-28,41.0
2022-10-29,42.0
2022-10-30,46.0
2022-10-31,46.0
2022-11-01,35.0
2022-11-02,24.0
2022-11-03,22.0
2022-11-04,38.0
2022-11-05,44.0
2022-11-06,38.0
2022-11-07,30.0
2022-11-08,25.0
2022-11-09,23.0
2022-11-10,27.0
2022-11-11,30.0
2022-11-12,29.0
2022-11-13,29.0
2022-11-14,34.0
2022-11-15,36.0
2022-11-16,42.0
2022-11-17,40.0
2022-11-18,36.0
2022-11-19,36.0
2022-11-20,40.0
2022-11-21,40.0
2022-11-22,41.0
2022-11-23,47.0
2022-11-24,47.0
2022-11-25,44.0
2022-11-26,40.0
2022-11-27,39.0
2022-11-28,31.0
2022-11-29,32.0
2022-11-30,32.0
2022-12-01,27.0
2022-12-02,29.0
2022-12-03,32.0
2022-12-04,32.0
2022-12-05,27.0
2022-12-06,24.0
2022-12-07,23.0
2022-12-08,25.0
2022-12-09,31.0
2022-12-10,30.0
2022-12-11,
2022-12-12,
2022-12-13,
2022-12-14,34.0
2022-12-15,34.0
2022-12-16,33.0
2022-12-17,34.0
2022-12-18,32.0
2022-12-19,34.0
2022-12-20,34.0
2022-12-21,38.0
2022-12-22,42.0
2022-12-23,41.0
2022-12-24,49.0
2022-12-25,50.0
2022-12-26,45.0
2022-12-27,33.0
2022-12-28,31.0
2022-12-29,30.0
2022-12-30,37.0
2022-12-31,35.0
2023-01-01,23.0
2023-01-02,22.0
2023-01-03,27.0
2023-01-04,32.0
2023-01-05,27.0
2023-01-06,27.0
2023-01-07,30.0
2023-01-08,30.0
2023-01-09,33.0
2023-01-10,26.0
2023-01-11,
2023-01-12,39.0
2023-01-13,33.0
2023-01-14,28.0
2023-01-15,23.0
2023-01-16,22.0
2023-01-17,19.0
2023-01-18,27.0
2023-01-19,23.0
2023-01-20,26.0
2023-01-21,34.0
2023-01-22,30.0
2023-01-23,30.0
2023-01-24,37.0
2023-01-25,37.0
2023-01-26,41.0
2023-01-27,38.0
2023-01-28,31.0
2023-01-29,21.0
2023-01-30,23.0
2023-01-31,30.0
2023-02-01,33.0
2023-02-02,37.0
2023-02-03,34.0
2023-02-04,35.0
2023-02-05,23.0
2023-02-06,28.0
2023-02-07,36.0
2023-02-08,40.0
2023-02-09,42.0
2023-02-10,38.0
2023-02-11,26.0
2023-02-12,36.0
2023-02-13,36.0
2023-02-14,19.0
2023-02-15,21.0
2023-02-16,24.0
2023-02-17,31.0
2023-02-18,34.0
2023-02-19,38.0
2023-02-20,38.0
2023-02-21,30.0
2023-02-22,12.0
2023-02-23,13.0
2023-02-24,20.0
2023-02-25,20.0
2023-02-26,21.0
2023-02-27,19.0
2023-02-28,18.0
2023-03-01,18.0
2023-03-02,31.0
2023-03-03,30.0
2023-03-04,24.0
2023-03-05,19.0
2023-03-06,17.0
2023-03-07,19.0
2023-03-08,20.0
2023-03-09,30.0
2023-03-10,35.0
2023-03-11,33.0
2023-03-12,31.0
2023-03-13,33.0
2023-03-14,33.0
2023-03-15,33.0
2023-03-16,29.0
2023-03-17,31.0
2023-03-18,34.0
2023-03-19,31.0
2023-03-20,29.0
2023-03-21,25.0
2023-03-22,23.0
2023-03-23,24.0
2023-03-24,22.0
2023-03-25,21.0
2023-03-26,19.0
2023-03-27,27.0
2023-03-28,28.0
2023-03-29,22.0
2023-03-30,22.0
2023-03-31,27.0
2023-04-01,35.0
2023-04-02,33.0
2023-04-03,16.0
2023-04-04,16.0
2023-04-05,25.0
2023-04-06,33.0
2023-04-07,34.0
2023-04-08,38.0
2023-04-09,48.0
2023-04-10,49.0
2023-04-11,44.0
2023-04-12,37.0
2023-04-13,31.0
2023-04-14,34.0
2023-04-15,41.0
2023-04-16,41.0
2023-04-17,36.0
2023-04-18,27.0
2023-04-19,28.0
2023-04-20,39.0
2023-04-21,48.0
2023-04-22,46.0
2023-04-23,44.0
2023-04-24,45.0
2023-04-25,46.0
2023-04-26,49.0
2023-04-27,52.0
2023-04-28,56.0
2023-04-29,56.0
2023-04-30,50.0
2023-05-01,34.0
2023-05-02,27.0
2023-05-03,28.0
2023-05-04,28.0
2023-05-05,29.0
2023-05-06,31.0
2023-05-07,34.0
2023-05-08,36.0
2023-05-09,36.0
2023-05-10,37.0
2023-05-11,44.0
2023-05-12,52.0
2023-05-13,54.0
2023-05-14,51.0
2023-05-15,53.0
2023-05-16,57.0
2023-05-17,56.0
2023-05-18,56.0
2023-05-19,56.0
2023-05-20,55.0
2023-05-21,53.0
2023-05-22,55.0
2023-05-23,51.0
2023-05-24,47.0
2023-05-25,45.0
2023-05-26,43.0
2023-05-27,47.0
2023-05-28,47.0
2023-05-29,46.0
2023-05-30,44.0
2023-05-31,46.0
2023-06-01,47.0
2023-06-02,50.0
2023-06-03,56.0
2023-06-04,57.0
2023-06-05,55.0
2023-06-06,46.0
2023-06-07,43.0
2023-06-08,45.0
2023-06-09,48.0
2023-06-10,48.0
2023-06-11,45.0
2023-06-12,44.0
2023-06-13,49.0
2023-06-14,53.0
2023-06-15,53.0
2023-06-16,54.0
2023-06-17,55.0
2023-06-18,53.0
2023-06-19,46.0
2023-06-20,43.0
2023-06-21,46.0
2023-06-22,45.0
2023-06-23,45.0
2023-06-24,50.0
2023-06-25,48.0
2023-06-26,48.0
2023-06-27,50.0
2023-06-28,54.0
2023-06-29,60.0
2023-06-30,65.0
2023-07-01,68.0
2023-07-02,69.0
2023-07-03,66.0
2023-07-04,61.0
2023-07-05,61.0
2023-07-06,59.0
2023-07-07,57.0
2023-07-08,58.0
2023-07-09,56.0
2023-07-10,60.0
2023-07-11,62.0
2023-07-12,60.0
2023-07-13,63.0
2023-07-14,70.0
2023-07-15,76.0
2023-07-16,76.0
2023-07-17,71.0
2023-07-18,67.0
2023-07-19,67.0
2023-07-20,68.0
2023-07-21,71.0
2023-07-22,73.0
2023-07-23,70.0
2023-07-24,66.0
2023-07-25,67.0
2023-07-26,67.0
2023-07-27,65.0
2023-07-28,66.0
2023-07-29,65.0
2023-07-30,66.0
2023-07-31,65.0
2023-08-01,63.0
2023-08-02,60.0
2023-08-03,55.0
2023-08-04,60.0
2023-08-05,61.0
2023-08-06,62.0
2023-08-07,62.0
2023-08-08,60.0
2023-08-09,59.0
2023-08-10,57.0
2023-08-11,56.0
2023-08-12,59.0
2023-08-13,61.0
2023-08-14,64.0
2023-08-15,66.0
2023-08-16,65.0
2023-08-17,64.0
2023-08-18,63.0
2023-08-19,61.0
2023-08-20,51.0
2023-08-21,51.0
2023-08-22,52.0
2023-08-23,58.0
2023-08-24,61.0
2023-08-25,60.0
2023-08-26,61.0
2023-08-27,62.0
2023-08-28,65.0
2023-08-29,64.0
2023-08-30,67.0
2023-08-31,62.0
2023-09-01,54.0
2023-09-02,52.0
2023-09-03,46.0
2023-09-04,47.0
2023-09-05,54.0
2023-09-06,56.0
2023-09-07,58.0
2023-09-08,60.0
2023-09-09,61.0
2023-09-10,58.0
2023-09-11,57.0
2023-09-12,56.0
2023-09-13,56.0
2023-09-14,60.0
2023-09-15,59.0
2023-09-16,59.0
2023-09-17,59.0
2023-09-18,54.0
2023-09-19,55.0
2023-09-20,51.0
2023-09-21,45.0
2023-09-22,49.0
2023-09-23,50.0
2023-09-24,54.0
2023-09-25,53.0
2023-09-26,54.0
2023-09-27,56.0
2023-09-28,53.0
2023-09-29,49.0
2023-09-30,37.0
2023-10-01,36.0
2023-10-02,39.0
2023-10-03,45.0
2023-10-04,52.0
2023-10-05,55.0
2023-10-06,58.0
2023-10-07,59.0
2023-10-08,59.0
2023-10-09,53.0
2023-10-10,47.0
2023-10-11,40.0
2023-10-12,44.0
2023-10-13,46.0
2023-10-14,49.0
2023-10-15,57.0
2023-10-16,57.0
2023-10-17,58.0
2023-10-18,62.0
2023-10-19,60.0
2023-10-20,57.0
2023-10-21,53.0
2023-10-22,43.0
2023-10-23,45.0
2023-10-24,47.0
2023-10-25,44.0
2023-10-26,39.0
2023-10-27,38.0
2023-10-28,37.0
2023-10-29,41.0
2023-10-30,47.0
2023-10-31,49.0
2023-11-01,49.0
2023-11-02,51.0
2023-11-03,53.0
2023-11-04,52.0
2023-11-05,49.0
2023-11-06,40.0
2023-11-07,33.0
2023-11-08,35.0
2023-11-09,38.0
2023-11-10,41.0
2023-11-11,44.0
2023-11-12,45.0
2023-11-13,42.0
2023-11-14,43.0
2023-11-15,41.0
2023-11-16,38.0
2023-11-17,36.0
2023-11-18,34.0
2023-11-19,37.0
2023-11-20,52.0
2023-11-21,48.0
2023-11-22,47.0
2023-11-23,38.0
2023-11-24,29.0
2023-11-25,30.0
2023-11-26,37.0
2023-11-27,38.0
2023-11-28,36.0
2023-11-29,31.0
2023-11-30,28.0
2023-12-01,27.0
2023-12-02,32.0
2023-12-03,40.0
2023-12-04,44.0
2023-12-05,47.0
2023-12-06,41.0
2023-12-07,29.0
2023-12-08,33.0
2023-12-09,47.0
2023-12-10,48.0
2023-12-11,43.0
2023-12-12,39.0
2023-12-13,35.0
2023-12-14,39.0
2023-12-15,44.0
2023-12-16,48.0
2023-12-17,49.0
2023-12-18,39.0
2023-12-19,34.0
2023-12-20,35.0
2023-12-21,36.0
2023-12-22,36.0
2023-12-23,37.0
2023-12-24,40.0
2023-12-25,41.0
2023-12-26,41.0
2023-12-27,40.0
2023-12-28,42.0
2023-12-29,42.0
2023-12-30,29.0
2023-12-31,28.0
2024-01-01,33.0
2024-01-02,32.0
2024-01-03,22.0
2024-01-04,30.0
2024-01-05,33.0
2024-01-06,25.0
2024-01-07,18.0
2024-01-08,29.0
2024-01-09,32.0
2024-01-10,24.0
2024-01-11,21.0
2024-01-12,32.0
2024-01-13,32.0
2024-01-14,34.0
2024-01-15,38.0
2024-01-16,40.0
2024-01-17,36.0
2024-01-18,42.0
2024-01-19,40.0
2024-01-20,31.0
2024-01-21,32.0
2024-01-22,31.0
2024-01-23,30.0
2024-01-24,33.0
2024-01-25,31.0
2024-01-26,42.0
2024-01-27,49.0
2024-01-28,49.0
2024-01-29,47.0
2024-01-30,42.0
2024-01-31,38.0
2024-02-01,28.0
2024-02-02,24.0
2024-02-03,23.0
2024-02-04,30.0
2024-02-05,
2024-02-06,27.0
2024-02-07,23.0
2024-02-08,21.0
2024-02-09,21.0
2024-02-10,22.0
2024-02-11,29.0
2024-02-12,34.0
2024-02-13,33.0
2024-02-14,32.0
2024-02-15,30.0
2024-02-16,37.0
2024-02-17,34.0
2024-02-18,35.0
2024-02-19,31.0
2024-02-20,30.0
2024-02-21,28.0
2024-02-22,29.0
2024-02-23,37.0
2024-02-24,38.0
2024-02-25,37.0
2024-02-26,33.0
2024-02-27,33.0
2024-02-28,36.0
2024-02-29,32.0
2024-03-01,29.0
2024-03-02,
2024-03-03,
2024-03-04,29.0
2024-03-05,28.0
2024-03-06,28.0
2024-03-07,28.0
2024-03-08,33.0
2024-03-09,34.0
2024-03-10,33.0
2024-03-11,32.0
2024-03-12,32.0
2024-03-13,31.0
2024-03-14,30.0
2024-03-15,33.0
2024-03-16,33.0
2024-03-17,38.0
2024-03-18,41.0
2024-03-19,42.0
2024-03-20,40.0
2024-03-21,39.0
2024-03-22,38.0
2024-03-23,27.0
2024-03-24,23.0
2024-03-25,26.0
2024-03-26,30.0
2024-03-27,35.0
2024-03-28,30.0
2024-03-29,26.0
2024-03-30,26.0
2024-03-31,27.0
2024-04-01,32.0
2024-04-02,42.0
2024-04-03,41.0
2024-04-04,25.0
2024-04-05,17.0
2024-04-06,24.0
2024-04-07,26.0
2024-04-08,33.0
2024-04-09,40.0
2024-04-10,47.0
2024-04-11,49.0
2024-04-12,44.0
2024-04-13,31.0
2024-04-14,25.0
2024-04-15,35.0
2024-04-16,45.0
2024-04-17,48.0
2024-04-18,46.0
2024-04-19,46.0
2024-04-20,50.0
2024-04-21,53.0
2024-04-22,51.0
2024-04-23,43.0
2024-04-24,38.0
2024-04-25,35.0
2024-04-26,31.0
2024-04-27,34.0
2024-04-28,40.0
2024-04-29,41.0
2024-04-30,45.0
2024-05-01,43.0
2024-05-02,44.0
2024-05-03,45.0
2024-05-04,34.0
2024-05-05,25.0
2024-05-06,36.0
2024-05-07,42.0
2024-05-08,41.0
2024-05-09,44.0
2024-05-10,46.0
2024-05-11,49.0
2024-05-12,52.0
2024-05-13,52.0
2024-05-14,55.0
2024-05-15,56.0
2024-05-16,56.0
2024-05-17,54.0
2024-05-18,51.0
2024-05-19,48.0
2024-05-20,44.0
2024-05-21,45.0
2024-05-22,47.0
2024-05-23,47.0
2024-05-24,43.0
2024-05-25,44.0
2024-05-26,50.0
2024-05-27,54.0
2024-05-28,52.0
2024-05-29,53.0
2024-05-30,57.0
2024-05-31,56.0
2024-06-01,54.0
2024-06-02,55.0
2024-06-03,55.0
2024-06-04,62.0
2024-06-05,67.0
2024-06-06,67.0
2024-06-07,64.0
2024-06-08,61.0
2024-06-09,56.0
2024-06-10,60.0
2024-06-11,67.0
2024-06-12,66.0
2024-06-13,61.0
2024-06-14,61.0
2024-06-15,58.0
2024-06-16,56.0
2024-06-17,50.0
2024-06-18,51.0
2024-06-19,52.0
2024-06-20,56.0
2024-06-21,62.0
2024-06-22,67.0
2024-06-23,66.0
2024-06-24,64.0
2024-06-25,65.0
2024-06-26,63.0
2024-06-27,60.0
2024-06-28,60.0
2024-06-29,60.0
2024-06-30,60.0
2024-07-01,61.0
2024-07-02,68.0
2024-07-03,70.0
2024-07-04,70.0
2024-07-05,72.0
2024-07-06,76.0
2024-07-07,75.0
2024-07-08,73.0
2024-07-09,71.0
2024-07-10,74.0
2024-07-11,76.0
2024-07-12,75.0
2024-07-13,71.0
2024-07-14,66.0
2024-07-15,64.0
2024-07-16,65.0
2024-07-17,64.0
2024-07-18,67.0
2024-07-19,68.0
2024-07-20,72.0
2024-07-21,71.0
2024-07-22,71.0
2024-07-23,72.0
2024-07-24,70.0
2024-07-25,68.0
2024-07-26,65.0
2024-07-27,58.0
2024-07-28,57.0
2024-07-29,59.0
2024-07-30,59.0
2024-07-31,64.0
2024-08-01,69.0
2024-08-02,64.0
2024-08-03,65.0
2024-08-04,66.0
2024-08-05,69.0
2024-08-06,69.0
2024-08-07,69.0
2024-08-08,68.0
2024-08-09,68.0
2024-08-10,68.0
2024-08-11,66.0
2024-08-12,62.0
2024-08-13,58.0
2024-08-14,59.0
2024-08-15,60.0
2024-08-16,61.0
2024-08-17,58.0
2024-08-18,58.0
2024-08-19,62.0
2024-08-20,60.0
2024-08-21,57.0
2024-08-22,53.0
2024-08-23,48.0
2024-08-24,44.0
2024-08-25,48.0
2024-08-26,57.0
2024-08-27,62.0
2024-08-28,64.0
2024-08-29,64.0
2024-08-30,65.0
2024-08-31,66.0
2024-09-01,65.0
2024-09-02,63.0
2024-09-03,63.0
2024-09-04,65.0
2024-09-05,69.0
2024-09-06,69.0
2024-09-07,67.0
2024-09-08,64.0
2024-09-09,63.0
2024-09-10,61.0
2024-09-11,55.0
2024-09-12,53.0
2024-09-13,57.0
2024-09-14,57.0
2024-09-15,51.0
2024-09-16,37.0
2024-09-17,41.0
2024-09-18,46.0
2024-09-19,46.0
2024-09-20,52.0
2024-09-21,56.0
2024-09-22,59.0
2024-09-23,61.0
2024-09-24,62.0
2024-09-25,60.0
2024-09-26,60.0
2024-09-27,63.0
2024-09-28,64.0
2024-09-29,60.0
2024-09-30,66.0
2024-10-01,67.0
2024-10-02,66.0
2024-10-03,65.0
2024-10-04,63.0
2024-10-05,65.0
2024-10-06,64.0
2024-10-07,63.0
2024-10-08,61.0
2024-10-09,60.0
2024-10-10,58.0
2024-10-11,56.0
2024-10-12,55.0
2024-10-13,54.0
2024-10-14,55.0
2024-10-15,58.0
2024-10-16,49.0
2024-10-17,41.0
2024-10-18,46.0
2024-10-19,50.0
2024-10-20,49.0
2024-10-21,50.0
2024-10-22,55.0
2024-10-23,58.0
2024-10-24,56.0
2024-10-25,57.0
2024-10-26,57.0
2024-10-27,51.0
2024-10-28,35.0
2024-10-29,30.0
2024-10-30,34.0
2024-10-31,37.0
2024-11-01,40.0
2024-11-02,34.0
2024-11-03,36.0
2024-11-04,47.0
2024-11-05,45.0
2024-11-06,39.0
2024-11-07,39.0
2024-11-08,44.0
2024-11-09,47.0
2024-11-10,47.0
2024-11-11,36.0
2024-11-12,34.0
2024-11-13,42.0
2024-11-14,36.0
2024-11-15,24.0
2024-11-16,26.0
2024-11-17,38.0
2024-11-18,29.0
2024-11-19,32.0
2024-11-20,40.0
2024-11-21,45.0
2024-11-22,45.0
2024-11-23,34.0
2024-11-24,29.0
2024-11-25,34.0
2024-11-26,33.0
2024-11-27,32.0
2024-11-28,37.0
2024-11-29,43.0
2024-11-30,46.0
2024-12-01,46.0
2024-12-02,46.0
2024-12-03,45.0
2024-12-04,46.0
2024-12-05,45.0
2024-12-06,47.0
2024-12-07,47.0
2024-12-08,46.0
2024-12-09,43.0
2024-12-10,45.0
2024-12-11,43.0
2024-12-12,30.0
2024-12-13,32.0
2024-12-14,29.0
2024-12-15,34.0
2024-12-16,41.0
2024-12-17,45.0
2024-12-18,50.0
2024-12-19,51.0
2024-12-20,48.0
2024-12-21,45.0
2024-12-22,40.0
2024-12-23,44.0
2024-12-24,32.0
2024-12-25,30.0
2024-12-26,37.0
2024-12-27,39.0
2024-12-28,43.0
2024-12-29,36.0
2024-12-30,38.0
2024-12-31,38.0
2025-01-01,42.0
2025-01-02,
