DATE TIME,AGP
2015-01-05,28.0
2015-01-06,31.0
2015-01-07,29.0
2015-01-08,27.0
2015-01-09,30.0
2015-01-10,28.0
2015-01-11,24.0
2015-01-12,24.0
2015-01-13,21.0
2015-01-14,20.0
2015-01-15,24.0
2015-01-16,30.0
2015-01-17,29.0
2015-01-18,27.0
2015-01-19,25.0
2015-01-20,22.0
2015-01-21,21.0
2015-01-22,22.0
2015-01-23,23.0
2015-01-24,28.0
2015-01-25,31.0
2015-01-26,32.0
2015-01-27,27.0
2015-01-28,20.0
2015-01-29,22.0
2015-01-30,23.0
2015-01-31,23.0
2015-02-01,26.0
2015-02-02,27.0
2015-02-03,26.0
2015-02-04,28.0
2015-02-05,32.0
2015-02-06,27.0
2015-02-07,27.0
2015-02-08,28.0
2015-02-09,20.0
2015-02-10,17.0
2015-02-11,28.0
2015-02-12,32.0
2015-02-13,33.0
2015-02-14,31.0
2015-02-15,31.0
2015-02-16,29.0
2015-02-17,30.0
2015-02-18,31.0
2015-02-19,29.0
2015-02-20,28.0
2015-02-21,21.0
2015-02-22,14.0
2015-02-23,11.0
2015-02-24,11.0
2015-02-25,23.0
2015-02-26,25.0
2015-02-27,18.0
2015-02-28,13.0
2015-03-01,12.0
2015-03-02,8.0
2015-03-03,9.0
2015-03-04,10.0
2015-03-05,18.0
2015-03-06,21.0
2015-03-07,25.0
2015-03-08,26.0
2015-03-09,28.0
2015-03-10,27.0
2015-03-11,26.0
2015-03-12,25.0
2015-03-13,28.0
2015-03-14,33.0
2015-03-15,32.0
2015-03-16,29.0
2015-03-17,31.0
2015-03-18,30.0
2015-03-19,28.0
2015-03-20,30.0
2015-03-21,27.0
2015-03-22,27.0
2015-03-23,27.0
2015-03-24,24.0
2015-03-25,27.0
2015-03-26,31.0
2015-03-27,32.0
2015-03-28,29.0
2015-03-29,32.0
2015-03-30,32.0
2015-03-31,25.0
2015-04-01,21.0
2015-04-02,16.0
2015-04-03,20.0
2015-04-04,24.0
2015-04-05,22.0
2015-04-06,21.0
2015-04-07,14.0
2015-04-08,9.0
2015-04-09,14.0
2015-04-10,19.0
2015-04-11,22.0
2015-04-12,27.0
2015-04-13,30.0
2015-04-14,20.0
2015-04-15,18.0
2015-04-16,20.0
2015-04-17,28.0
2015-04-18,29.0
2015-04-19,32.0
2015-04-20,31.0
2015-04-21,32.0
2015-04-22,31.0
2015-04-23,31.0
2015-04-24,28.0
2015-04-25,21.0
2015-04-26,20.0
2015-04-27,30.0
2015-04-28,33.0
2015-04-29,32.0
2015-04-30,34.0
2015-05-01,34.0
2015-05-02,32.0
2015-05-03,32.0
2015-05-04,31.0
2015-05-05,30.0
2015-05-06,25.0
2015-05-07,21.0
2015-05-08,24.0
2015-05-09,29.0
2015-05-10,27.0
2015-05-11,32.0
2015-05-12,30.0
2015-05-13,25.0
2015-05-14,21.0
2015-05-15,18.0
2015-05-16,24.0
2015-05-17,28.0
2015-05-18,25.0
2015-05-19,26.0
2015-05-20,32.0
2015-05-21,31.0
2015-05-22,31.0
2015-05-23,28.0
2015-05-24,33.0
2015-05-25,33.0
2015-05-26,32.0
2015-05-27,35.0
2015-05-28,34.0
2015-05-29,38.0
2015-05-30,39.0
2015-05-31,39.0
2015-06-01,32.0
2015-06-02,29.0
2015-06-03,35.0
2015-06-04,32.0
2015-06-05,32.0
2015-06-06,33.0
2015-06-07,36.0
2015-06-08,39.0
2015-06-09,42.0
2015-06-10,41.0
2015-06-11,39.0
2015-06-12,42.0
2015-06-13,43.0
2015-06-14,41.0
2015-06-15,41.0
2015-06-16,39.0
2015-06-17,42.0
2015-06-18,41.0
2015-06-19,40.0
2015-06-20,44.0
2015-06-21,42.0
2015-06-22,37.0
2015-06-23,41.0
2015-06-24,45.0
2015-06-25,46.0
2015-06-26,47.0
2015-06-27,49.0
2015-06-28,47.0
2015-06-29,47.0
2015-06-30,48.0
2015-07-01,51.0
2015-07-02,50.0
2015-07-03,48.0
2015-07-04,46.0
2015-07-05,44.0
2015-07-06,44.0
2015-07-07,43.0
2015-07-08,39.0
2015-07-09,37.0
2015-07-10,32.0
2015-07-11,34.0
2015-07-12,37.0
2015-07-13,41.0
2015-07-14,42.0
2015-07-15,43.0
2015-07-16,44.0
2015-07-17,43.0
2015-07-18,42.0
2015-07-19,41.0
2015-07-20,42.0
2015-07-21,42.0
2015-07-22,38.0
2015-07-23,37.0
2015-07-24,35.0
2015-07-25,36.0
2015-07-26,35.0
2015-07-27,34.0
2015-07-28,40.0
2015-07-29,43.0
2015-07-30,46.0
2015-07-31,51.0
2015-08-01,44.0
2015-08-02,42.0
2015-08-03,42.0
2015-08-04,41.0
2015-08-05,39.0
2015-08-06,46.0
2015-08-07,38.0
2015-08-08,36.0
2015-08-09,39.0
2015-08-10,41.0
2015-08-11,38.0
2015-08-12,39.0
2015-08-13,43.0
2015-08-14,46.0
2015-08-15,44.0
2015-08-16,48.0
2015-08-17,45.0
2015-08-18,48.0
2015-08-19,46.0
2015-08-20,43.0
2015-08-21,44.0
2015-08-22,46.0
2015-08-23,44.0
2015-08-24,44.0
2015-08-25,44.0
2015-08-26,44.0
2015-08-27,45.0
2015-08-28,44.0
2015-08-29,49.0
2015-08-30,42.0
2015-08-31,42.0
2015-09-01,41.0
2015-09-02,40.0
2015-09-03,33.0
2015-09-04,32.0
2015-09-05,30.0
2015-09-06,34.0
2015-09-07,35.0
2015-09-08,41.0
2015-09-09,44.0
2015-09-10,46.0
2015-09-11,47.0
2015-09-12,47.0
2015-09-13,43.0
2015-09-14,38.0
2015-09-15,38.0
2015-09-16,31.0
2015-09-17,28.0
2015-09-18,35.0
2015-09-19,39.0
2015-09-20,41.0
2015-09-21,41.0
2015-09-22,38.0
2015-09-23,36.0
2015-09-24,41.0
2015-09-25,45.0
2015-09-26,45.0
2015-09-27,43.0
2015-09-28,41.0
2015-09-29,43.0
2015-09-30,43.0
2015-10-01,31.0
2015-10-02,29.0
2015-10-03,32.0
2015-10-04,32.0
2015-10-05,33.0
2015-10-06,32.0
2015-10-07,36.0
2015-10-08,42.0
2015-10-09,43.0
2015-10-10,39.0
2015-10-11,40.0
2015-10-12,41.0
2015-10-13,41.0
2015-10-14,42.0
2015-10-15,40.0
2015-10-16,37.0
2015-10-17,36.0
2015-10-18,30.0
2015-10-19,26.0
2015-10-20,32.0
2015-10-21,30.0
2015-10-22,28.0
2015-10-23,29.0
2015-10-24,32.0
2015-10-25,30.0
2015-10-26,29.0
2015-10-27,33.0
2015-10-28,32.0
2015-10-29,29.0
2015-10-30,28.0
2015-10-31,34.0
2015-11-01,37.0
2015-11-02,23.0
2015-11-03,13.0
2015-11-04,11.0
2015-11-05,12.0
2015-11-06,18.0
2015-11-07,23.0
2015-11-08,22.0
2015-11-09,10.0
2015-11-10,6.0
2015-11-11,10.0
2015-11-12,19.0
2015-11-13,25.0
2015-11-14,27.0
2015-11-15,13.0
2015-11-16,10.0
2015-11-17,24.0
2015-11-18,29.0
2015-11-19,29.0
2015-11-20,30.0
2015-11-21,27.0
2015-11-22,28.0
2015-11-23,28.0
2015-11-24,16.0
2015-11-25,3.0
2015-11-26,3.0
2015-11-27,5.0
2015-11-28,1.0
2015-11-29,4.0
2015-11-30,9.0
2015-12-01,18.0
2015-12-02,23.0
2015-12-03,24.0
2015-12-04,14.0
2015-12-05,16.0
2015-12-06,26.0
2015-12-07,26.0
2015-12-08,32.0
2015-12-09,33.0
2015-12-10,17.0
2015-12-11,10.0
2015-12-12,8.0
2015-12-13,9.0
2015-12-14,3.0
2015-12-15,2.0
2015-12-16,7.0
2015-12-17,23.0
2015-12-18,20.0
2015-12-19,17.0
2015-12-20,7.0
2015-12-21,24.0
2015-12-22,28.0
2015-12-23,9.0
2015-12-24,8.0
2015-12-25,0.0
2015-12-26,4.0
2015-12-27,12.0
2015-12-28,9.0
2015-12-29,8.0
2015-12-30,6.0
2015-12-31,5.0
2016-01-01,4.0
2016-01-02,16.0
2016-01-03,24.0
2016-01-04,19.0
2016-01-05,15.0
2016-01-06,13.0
2016-01-07,6.0
2016-01-08,9.0
2016-01-09,13.0
2016-01-10,9.0
2016-01-11,9.0
2016-01-12,18.0
2016-01-13,19.0
2016-01-14,13.0
2016-01-15,20.0
2016-01-16,18.0
2016-01-17,17.0
2016-01-18,17.0
2016-01-19,17.0
2016-01-20,15.0
2016-01-21,23.0
2016-01-22,26.0
2016-01-23,11.0
2016-01-24,7.0
2016-01-25,15.0
2016-01-26,17.0
2016-01-27,27.0
2016-01-28,26.0
2016-01-29,32.0
2016-01-30,21.0
2016-01-31,9.0
2016-02-01,2.0
2016-02-02,3.0
2016-02-03,4.0
2016-02-04,12.0
2016-02-05,14.0
2016-02-06,20.0
2016-02-07,25.0
2016-02-08,26.0
2016-02-09,27.0
2016-02-10,28.0
2016-02-11,30.0
2016-02-12,29.0
2016-02-13,28.0
2016-02-14,27.0
2016-02-15,28.0
2016-02-16,30.0
2016-02-17,28.0
2016-02-18,14.0
2016-02-19,23.0
2016-02-20,23.0
2016-02-21,21.0
2016-02-22,23.0
2016-02-23,27.0
2016-02-24,26.0
2016-02-25,29.0
2016-02-26,30.0
2016-02-27,24.0
2016-02-28,28.0
2016-02-29,26.0
2016-03-01,29.0
2016-03-02,25.0
2016-03-03,27.0
2016-03-04,25.0
2016-03-05,28.0
2016-03-06,18.0
2016-03-07,19.0
2016-03-08,12.0
2016-03-09,25.0
2016-03-10,32.0
2016-03-11,15.0
2016-03-12,16.0
2016-03-13,27.0
2016-03-14,24.0
2016-03-15,19.0
2016-03-16,24.0
2016-03-17,26.0
2016-03-18,27.0
2016-03-19,27.0
2016-03-20,25.0
2016-03-21,23.0
2016-03-22,14.0
2016-03-23,15.0
2016-03-24,26.0
2016-03-25,25.0
2016-03-26,24.0
2016-03-27,25.0
2016-03-28,15.0
2016-03-29,8.0
2016-03-30,15.0
2016-03-31,20.0
2016-04-01,30.0
2016-04-02,28.0
2016-04-03,30.0
2016-04-04,28.0
2016-04-05,28.0
2016-04-06,31.0
2016-04-07,32.0
2016-04-08,32.0
2016-04-09,29.0
2016-04-10,29.0
2016-04-11,30.0
2016-04-12,28.0
2016-04-13,27.0
2016-04-14,23.0
2016-04-15,17.0
2016-04-16,20.0
2016-04-17,30.0
2016-04-18,29.0
2016-04-19,31.0
2016-04-20,32.0
2016-04-21,34.0
2016-04-22,20.0
2016-04-23,17.0
2016-04-24,23.0
2016-04-25,19.0
2016-04-26,19.0
2016-04-27,26.0
2016-04-28,25.0
2016-04-29,21.0
2016-04-30,23.0
2016-05-01,26.0
2016-05-02,23.0
2016-05-03,29.0
2016-05-04,32.0
2016-05-05,29.0
2016-05-06,27.0
2016-05-07,29.0
2016-05-08,27.0
2016-05-09,30.0
2016-05-10,31.0
2016-05-11,30.0
2016-05-12,33.0
2016-05-13,36.0
2016-05-14,31.0
2016-05-15,27.0
2016-05-16,29.0
2016-05-17,32.0
2016-05-18,32.0
2016-05-19,33.0
2016-05-20,24.0
2016-05-21,23.0
2016-05-22,18.0
2016-05-23,23.0
2016-05-24,27.0
2016-05-25,31.0
2016-05-26,31.0
2016-05-27,32.0
2016-05-28,32.0
2016-05-29,32.0
2016-05-30,37.0
2016-05-31,37.0
2016-06-01,40.0
2016-06-02,38.0
2016-06-03,41.0
2016-06-04,44.0
2016-06-05,40.0
2016-06-06,41.0
2016-06-07,39.0
2016-06-08,42.0
2016-06-09,43.0
2016-06-10,40.0
2016-06-11,36.0
2016-06-12,32.0
2016-06-13,32.0
2016-06-14,37.0
2016-06-15,34.0
2016-06-16,31.0
2016-06-17,29.0
2016-06-18,38.0
2016-06-19,37.0
2016-06-20,50.0
2016-06-21,46.0
2016-06-22,43.0
2016-06-23,41.0
2016-06-24,39.0
2016-06-25,41.0
2016-06-26,46.0
2016-06-27,46.0
2016-06-28,48.0
2016-06-29,47.0
2016-06-30,46.0
2016-07-01,46.0
2016-07-02,44.0
2016-07-03,42.0
2016-07-04,40.0
2016-07-05,36.0
2016-07-06,39.0
2016-07-07,37.0
2016-07-08,39.0
2016-07-09,37.0
2016-07-10,38.0
2016-07-11,34.0
2016-07-12,36.0
2016-07-13,43.0
2016-07-14,45.0
2016-07-15,46.0
2016-07-16,42.0
2016-07-17,38.0
2016-07-18,42.0
2016-07-19,39.0
2016-07-20,39.0
2016-07-21,43.0
2016-07-22,43.0
2016-07-23,44.0
2016-07-24,46.0
2016-07-25,46.0
2016-07-26,47.0
2016-07-27,50.0
2016-07-28,53.0
2016-07-29,52.0
2016-07-30,49.0
2016-07-31,46.0
2016-08-01,47.0
2016-08-02,46.0
2016-08-03,44.0
2016-08-04,44.0
2016-08-05,39.0
2016-08-06,37.0
2016-08-07,36.0
2016-08-08,38.0
2016-08-09,37.0
2016-08-10,35.0
2016-08-11,43.0
2016-08-12,43.0
2016-08-13,46.0
2016-08-14,45.0
2016-08-15,43.0
2016-08-16,47.0
2016-08-17,45.0
2016-08-18,46.0
2016-08-19,46.0
2016-08-20,44.0
2016-08-21,47.0
2016-08-22,43.0
2016-08-23,42.0
2016-08-24,42.0
2016-08-25,40.0
2016-08-26,42.0
2016-08-27,41.0
2016-08-28,41.0
2016-08-29,42.0
2016-08-30,44.0
2016-08-31,45.0
2016-09-01,41.0
2016-09-02,37.0
2016-09-03,36.0
2016-09-04,35.0
2016-09-05,34.0
2016-09-06,35.0
2016-09-07,40.0
2016-09-08,40.0
2016-09-09,44.0
2016-09-10,44.0
2016-09-11,38.0
2016-09-12,36.0
2016-09-13,30.0
2016-09-14,29.0
2016-09-15,33.0
2016-09-16,35.0
2016-09-17,37.0
2016-09-18,43.0
2016-09-19,41.0
2016-09-20,40.0
2016-09-21,38.0
2016-09-22,26.0
2016-09-23,26.0
2016-09-24,37.0
2016-09-25,41.0
2016-09-26,41.0
2016-09-27,42.0
2016-09-28,38.0
2016-09-29,35.0
2016-09-30,36.0
2016-10-01,31.0
2016-10-02,25.0
2016-10-03,19.0
2016-10-04,25.0
2016-10-05,23.0
2016-10-06,25.0
2016-10-07,32.0
2016-10-08,35.0
2016-10-09,34.0
2016-10-10,36.0
2016-10-11,35.0
2016-10-12,32.0
2016-10-13,33.0
2016-10-14,33.0
2016-10-15,33.0
2016-10-16,32.0
2016-10-17,31.0
2016-10-18,27.0
2016-10-19,32.0
2016-10-20,34.0
2016-10-21,35.0
2016-10-22,37.0
2016-10-23,35.0
2016-10-24,34.0
2016-10-25,32.0
2016-10-26,33.0
2016-10-27,36.0
2016-10-28,32.0
2016-10-29,30.0
2016-10-30,27.0
2016-10-31,18.0
2016-11-01,27.0
2016-11-02,27.0
2016-11-03,32.0
2016-11-04,30.0
2016-11-05,30.0
2016-11-06,29.0
2016-11-07,31.0
2016-11-08,34.0
2016-11-09,33.0
2016-11-10,32.0
2016-11-11,32.0
2016-11-12,32.0
2016-11-13,30.0
2016-11-14,34.0
2016-11-15,37.0
2016-11-16,16.0
2016-11-17,14.0
2016-11-18,24.0
2016-11-19,32.0
2016-11-20,26.0
2016-11-21,18.0
2016-11-22,17.0
2016-11-23,20.0
2016-11-24,19.0
2016-11-25,27.0
2016-11-26,18.0
2016-11-27,18.0
2016-11-28,16.0
2016-11-29,15.0
2016-11-30,15.0
2016-12-01,13.0
2016-12-02,8.0
2016-12-03,23.0
2016-12-04,25.0
2016-12-05,21.0
2016-12-06,10.0
2016-12-07,12.0
2016-12-08,25.0
2016-12-09,26.0
2016-12-10,30.0
2016-12-11,20.0
2016-12-12,22.0
2016-12-13,23.0
2016-12-14,36.0
2016-12-15,30.0
2016-12-16,0.0
2016-12-17,2.0
2016-12-18,9.0
2016-12-19,16.0
2016-12-20,23.0
2016-12-21,22.0
2016-12-22,19.0
2016-12-23,19.0
2016-12-24,0.0
2016-12-25,3.0
2016-12-26,6.0
2016-12-27,21.0
2016-12-28,21.0
2016-12-29,27.0
2016-12-30,21.0
2016-12-31,17.0
2017-01-01,14.0
2017-01-02,13.0
2017-01-03,14.0
2017-01-04,24.0
2017-01-05,6.0
2017-01-06,6.0
2017-01-07,24.0
2017-01-08,29.0
2017-01-09,21.0
2017-01-10,22.0
2017-01-11,18.0
2017-01-12,11.0
2017-01-13,14.0
2017-01-14,14.0
2017-01-15,14.0
2017-01-16,18.0
2017-01-17,19.0
2017-01-18,23.0
2017-01-19,16.0
2017-01-20,14.0
2017-01-21,14.0
2017-01-22,18.0
2017-01-23,0.0
2017-01-24,0.0
2017-01-25,0.0
2017-01-26,9.0
2017-01-27,6.0
2017-01-28,13.0
2017-01-29,19.0
2017-01-30,23.0
2017-01-31,23.0
2017-02-01,20.0
2017-02-02,21.0
2017-02-03,
2017-02-04,18.0
2017-02-05,18.0
2017-02-06,25.0
2017-02-07,28.0
2017-02-08,33.0
2017-02-09,30.0
2017-02-10,25.0
2017-02-11,11.0
2017-02-12,16.0
2017-02-13,17.0
2017-02-14,18.0
2017-02-15,19.0
2017-02-16,19.0
2017-02-17,21.0
2017-02-18,21.0
2017-02-19,21.0
2017-02-20,24.0
2017-02-21,22.0
2017-02-22,5.0
2017-02-23,0.0
2017-02-24,0.0
2017-02-25,4.0
2017-02-26,2.0
2017-02-27,2.0
2017-02-28,1.0
2017-03-01,10.0
2017-03-02,16.0
2017-03-03,15.0
2017-03-04,21.0
2017-03-05,7.0
2017-03-06,0.0
2017-03-07,15.0
2017-03-08,23.0
2017-03-09,27.0
2017-03-10,29.0
2017-03-11,27.0
2017-03-12,27.0
2017-03-13,29.0
2017-03-14,28.0
2017-03-15,29.0
2017-03-16,27.0
2017-03-17,29.0
2017-03-18,37.0
2017-03-19,35.0
2017-03-20,32.0
2017-03-21,27.0
2017-03-22,12.0
2017-03-23,9.0
2017-03-24,21.0
2017-03-25,20.0
2017-03-26,18.0
2017-03-27,15.0
2017-03-28,20.0
2017-03-29,28.0
2017-03-30,15.0
2017-03-31,15.0
2017-04-01,23.0
2017-04-02,27.0
2017-04-03,25.0
2017-04-04,23.0
2017-04-05,29.0
2017-04-06,27.0
2017-04-07,25.0
2017-04-08,4.0
2017-04-09,6.0
2017-04-10,10.0
2017-04-11,21.0
2017-04-12,29.0
2017-04-13,18.0
2017-04-14,8.0
2017-04-15,22.0
2017-04-16,24.0
2017-04-17,31.0
2017-04-18,20.0
2017-04-19,13.0
2017-04-20,24.0
2017-04-21,28.0
2017-04-22,30.0
2017-04-23,27.0
2017-04-24,27.0
2017-04-25,22.0
2017-04-26,30.0
2017-04-27,27.0
2017-04-28,22.0
2017-04-29,18.0
2017-04-30,28.0
2017-05-01,33.0
2017-05-02,33.0
2017-05-03,37.0
2017-05-04,36.0
2017-05-05,37.0
2017-05-06,30.0
2017-05-07,28.0
2017-05-08,33.0
2017-05-09,29.0
2017-05-10,32.0
2017-05-11,33.0
2017-05-12,26.0
2017-05-13,17.0
2017-05-14,20.0
2017-05-15,26.0
2017-05-16,21.0
2017-05-17,27.0
2017-05-18,25.0
2017-05-19,28.0
2017-05-20,32.0
2017-05-21,34.0
2017-05-22,35.0
2017-05-23,37.0
2017-05-24,35.0
2017-05-25,30.0
2017-05-26,28.0
2017-05-27,32.0
2017-05-28,32.0
2017-05-29,35.0
2017-05-30,37.0
2017-05-31,32.0
2017-06-01,32.0
2017-06-02,36.0
2017-06-03,39.0
2017-06-04,37.0
2017-06-05,33.0
2017-06-06,37.0
2017-06-07,35.0
2017-06-08,39.0
2017-06-09,37.0
2017-06-10,32.0
2017-06-11,21.0
2017-06-12,16.0
2017-06-13,26.0
2017-06-14,34.0
2017-06-15,35.0
2017-06-16,40.0
2017-06-17,42.0
2017-06-18,42.0
2017-06-19,41.0
2017-06-20,46.0
2017-06-21,46.0
2017-06-22,46.0
2017-06-23,43.0
2017-06-24,45.0
2017-06-25,44.0
2017-06-26,42.0
2017-06-27,38.0
2017-06-28,36.0
2017-06-29,37.0
2017-06-30,41.0
2017-07-01,42.0
2017-07-02,44.0
2017-07-03,45.0
2017-07-04,43.0
2017-07-05,44.0
2017-07-06,48.0
2017-07-07,47.0
2017-07-08,50.0
2017-07-09,51.0
2017-07-10,46.0
2017-07-11,44.0
2017-07-12,44.0
2017-07-13,46.0
2017-07-14,48.0
2017-07-15,48.0
2017-07-16,50.0
2017-07-17,44.0
2017-07-18,44.0
2017-07-19,41.0
2017-07-20,42.0
2017-07-21,46.0
2017-07-22,47.0
2017-07-23,48.0
2017-07-24,46.0
2017-07-25,45.0
2017-07-26,42.0
2017-07-27,42.0
2017-07-28,46.0
2017-07-29,47.0
2017-07-30,47.0
2017-07-31,49.0
2017-08-01,51.0
2017-08-02,51.0
2017-08-03,50.0
2017-08-04,48.0
2017-08-05,45.0
2017-08-06,42.0
2017-08-07,41.0
2017-08-08,43.0
2017-08-09,43.0
2017-08-10,42.0
2017-08-11,41.0
2017-08-12,42.0
2017-08-13,40.0
2017-08-14,39.0
2017-08-15,41.0
2017-08-16,44.0
2017-08-17,45.0
2017-08-18,48.0
2017-08-19,45.0
2017-08-20,44.0
2017-08-21,44.0
2017-08-22,41.0
2017-08-23,41.0
2017-08-24,43.0
2017-08-25,44.0
2017-08-26,46.0
2017-08-27,48.0
2017-08-28,48.0
2017-08-29,51.0
2017-08-30,46.0
2017-08-31,45.0
2017-09-01,44.0
2017-09-02,48.0
2017-09-03,50.0
2017-09-04,48.0
2017-09-05,47.0
2017-09-06,41.0
2017-09-07,40.0
2017-09-08,39.0
2017-09-09,38.0
2017-09-10,39.0
2017-09-11,45.0
2017-09-12,41.0
2017-09-13,41.0
2017-09-14,35.0
2017-09-15,32.0
2017-09-16,33.0
2017-09-17,33.0
2017-09-18,33.0
2017-09-19,33.0
2017-09-20,32.0
2017-09-21,21.0
2017-09-22,18.0
2017-09-23,20.0
2017-09-24,23.0
2017-09-25,29.0
2017-09-26,32.0
2017-09-27,31.0
2017-09-28,32.0
2017-09-29,32.0
2017-09-30,33.0
2017-10-01,31.0
2017-10-02,24.0
2017-10-03,22.0
2017-10-04,19.0
2017-10-05,27.0
2017-10-06,30.0
2017-10-07,35.0
2017-10-08,27.0
2017-10-09,24.0
2017-10-10,30.0
2017-10-11,26.0
2017-10-12,24.0
2017-10-13,27.0
2017-10-14,32.0
2017-10-15,35.0
2017-10-16,34.0
2017-10-17,35.0
2017-10-18,32.0
2017-10-19,33.0
2017-10-20,23.0
2017-10-21,23.0
2017-10-22,32.0
2017-10-23,37.0
2017-10-24,37.0
2017-10-25,38.0
2017-10-26,38.0
2017-10-27,37.0
2017-10-28,39.0
2017-10-29,38.0
2017-10-30,31.0
2017-10-31,30.0
2017-11-01,30.0
2017-11-02,28.0
2017-11-03,25.0
2017-11-04,27.0
2017-11-05,23.0
2017-11-06,24.0
2017-11-07,23.0
2017-11-08,30.0
2017-11-09,32.0
2017-11-10,22.0
2017-11-11,22.0
2017-11-12,36.0
2017-11-13,34.0
2017-11-14,27.0
2017-11-15,30.0
2017-11-16,32.0
2017-11-17,21.0
2017-11-18,20.0
2017-11-19,21.0
2017-11-20,27.0
2017-11-21,32.0
2017-11-22,33.0
2017-11-23,35.0
2017-11-24,34.0
2017-11-25,35.0
2017-11-26,31.0
2017-11-27,19.0
2017-11-28,22.0
2017-11-29,26.0
2017-11-30,25.0
2017-12-01,25.0
2017-12-02,26.0
2017-12-03,14.0
2017-12-04,9.0
2017-12-05,16.0
2017-12-06,23.0
2017-12-07,22.0
2017-12-08,26.0
2017-12-09,24.0
2017-12-10,25.0
2017-12-11,27.0
2017-12-12,27.0
2017-12-13,32.0
2017-12-14,32.0
2017-12-15,30.0
2017-12-16,11.0
2017-12-17,14.0
2017-12-18,28.0
2017-12-19,27.0
2017-12-20,8.0
2017-12-21,6.0
2017-12-22,19.0
2017-12-23,24.0
2017-12-24,28.0
2017-12-25,28.0
2017-12-26,27.0
2017-12-27,25.0
2017-12-28,28.0
2017-12-29,30.0
2017-12-30,28.0
2017-12-31,28.0
2018-01-01,28.0
2018-01-02,29.0
2018-01-03,29.0
2018-01-04,30.0
2018-01-05,29.0
2018-01-06,20.0
2018-01-07,22.0
2018-01-08,29.0
2018-01-09,23.0
2018-01-10,21.0
2018-01-11,26.0
2018-01-12,27.0
2018-01-13,25.0
2018-01-14,29.0
2018-01-15,28.0
2018-01-16,27.0
2018-01-17,27.0
2018-01-18,30.0
2018-01-19,10.0
2018-01-20,7.0
2018-01-21,6.0
2018-01-22,13.0
2018-01-23,16.0
2018-01-24,20.0
2018-01-25,5.0
2018-01-26,3.0
2018-01-27,12.0
2018-01-28,26.0
2018-01-29,31.0
2018-01-30,29.0
2018-01-31,29.0
2018-02-01,32.0
2018-02-02,32.0
2018-02-03,28.0
2018-02-04,27.0
2018-02-05,27.0
2018-02-06,25.0
2018-02-07,27.0
2018-02-08,30.0
2018-02-09,30.0
2018-02-10,19.0
2018-02-11,19.0
2018-02-12,13.0
2018-02-13,10.0
2018-02-14,9.0
2018-02-15,9.0
2018-02-16,18.0
2018-02-17,23.0
2018-02-18,9.0
2018-02-19,1.0
2018-02-20,0.0
2018-02-21,0.0
2018-02-22,3.0
2018-02-23,0.0
2018-02-24,5.0
2018-02-25,13.0
2018-02-26,12.0
2018-02-27,7.0
2018-02-28,8.0
2018-03-01,17.0
2018-03-02,16.0
2018-03-03,3.0
2018-03-04,0.0
2018-03-05,1.0
2018-03-06,15.0
2018-03-07,23.0
2018-03-08,22.0
2018-03-09,22.0
2018-03-10,25.0
2018-03-11,22.0
2018-03-12,24.0
2018-03-13,29.0
2018-03-14,14.0
2018-03-15,8.0
2018-03-16,12.0
2018-03-17,4.0
2018-03-18,1.0
2018-03-19,8.0
2018-03-20,20.0
2018-03-21,30.0
2018-03-22,24.0
2018-03-23,16.0
2018-03-24,18.0
2018-03-25,11.0
2018-03-26,8.0
2018-03-27,16.0
2018-03-28,26.0
2018-03-29,28.0
2018-03-30,27.0
2018-03-31,29.0
2018-04-01,26.0
2018-04-02,27.0
2018-04-03,24.0
2018-04-04,28.0
2018-04-05,31.0
2018-04-06,31.0
2018-04-07,25.0
2018-04-08,19.0
2018-04-09,30.0
2018-04-10,36.0
2018-04-11,23.0
2018-04-12,9.0
2018-04-13,18.0
2018-04-14,25.0
2018-04-15,26.0
2018-04-16,7.0
2018-04-17,5.0
2018-04-18,17.0
2018-04-19,14.0
2018-04-20,25.0
2018-04-21,28.0
2018-04-22,32.0
2018-04-23,28.0
2018-04-24,33.0
2018-04-25,32.0
2018-04-26,34.0
2018-04-27,31.0
2018-04-28,28.0
2018-04-29,23.0
2018-04-30,18.0
2018-05-01,25.0
2018-05-02,22.0
2018-05-03,27.0
2018-05-04,32.0
2018-05-05,33.0
2018-05-06,38.0
2018-05-07,34.0
2018-05-08,40.0
2018-05-09,34.0
2018-05-10,32.0
2018-05-11,26.0
2018-05-12,19.0
2018-05-13,26.0
2018-05-14,32.0
2018-05-15,29.0
2018-05-16,28.0
2018-05-17,24.0
2018-05-18,34.0
2018-05-19,34.0
2018-05-20,31.0
2018-05-21,32.0
2018-05-22,35.0
2018-05-23,32.0
2018-05-24,33.0
2018-05-25,31.0
2018-05-26,27.0
2018-05-27,33.0
2018-05-28,35.0
2018-05-29,37.0
2018-05-30,37.0
2018-05-31,29.0
2018-06-01,30.0
2018-06-02,35.0
2018-06-03,41.0
2018-06-04,39.0
2018-06-05,37.0
2018-06-06,35.0
2018-06-07,32.0
2018-06-08,37.0
2018-06-09,32.0
2018-06-10,30.0
2018-06-11,39.0
2018-06-12,43.0
2018-06-13,42.0
2018-06-14,39.0
2018-06-15,39.0
2018-06-16,35.0
2018-06-17,31.0
2018-06-18,30.0
2018-06-19,38.0
2018-06-20,42.0
2018-06-21,43.0
2018-06-22,40.0
2018-06-23,43.0
2018-06-24,46.0
2018-06-25,45.0
2018-06-26,46.0
2018-06-27,42.0
2018-06-28,38.0
2018-06-29,37.0
2018-06-30,41.0
2018-07-01,43.0
2018-07-02,44.0
2018-07-03,40.0
2018-07-04,39.0
2018-07-05,40.0
2018-07-06,44.0
2018-07-07,46.0
2018-07-08,48.0
2018-07-09,48.0
2018-07-10,48.0
2018-07-11,49.0
2018-07-12,48.0
2018-07-13,47.0
2018-07-14,46.0
2018-07-15,48.0
2018-07-16,50.0
2018-07-17,50.0
2018-07-18,51.0
2018-07-19,51.0
2018-07-20,47.0
2018-07-21,46.0
2018-07-22,45.0
2018-07-23,44.0
2018-07-24,49.0
2018-07-25,49.0
2018-07-26,50.0
2018-07-27,50.0
2018-07-28,49.0
2018-07-29,50.0
2018-07-30,51.0
2018-07-31,50.0
2018-08-01,48.0
2018-08-02,46.0
2018-08-03,45.0
2018-08-04,44.0
2018-08-05,43.0
2018-08-06,41.0
2018-08-07,48.0
2018-08-08,46.0
2018-08-09,50.0
2018-08-10,49.0
2018-08-11,51.0
2018-08-12,49.0
2018-08-13,46.0
2018-08-14,45.0
2018-08-15,44.0
2018-08-16,45.0
2018-08-17,45.0
2018-08-18,46.0
2018-08-19,47.0
2018-08-20,45.0
2018-08-21,41.0
2018-08-22,39.0
2018-08-23,39.0
2018-08-24,36.0
2018-08-25,39.0
2018-08-26,39.0
2018-08-27,37.0
2018-08-28,39.0
2018-08-29,41.0
2018-08-30,38.0
2018-08-31,35.0
2018-09-01,37.0
2018-09-02,41.0
2018-09-03,43.0
2018-09-04,42.0
2018-09-05,41.0
2018-09-06,42.0
2018-09-07,43.0
2018-09-08,43.0
2018-09-09,39.0
2018-09-10,41.0
2018-09-11,38.0
2018-09-12,42.0
2018-09-13,37.0
2018-09-14,41.0
2018-09-15,33.0
2018-09-16,34.0
2018-09-17,34.0
2018-09-18,34.0
2018-09-19,33.0
2018-09-20,39.0
2018-09-21,37.0
2018-09-22,38.0
2018-09-23,37.0
2018-09-24,33.0
2018-09-25,39.0
2018-09-26,40.0
2018-09-27,42.0
2018-09-28,40.0
2018-09-29,41.0
2018-09-30,39.0
2018-10-01,39.0
2018-10-02,38.0
2018-10-03,32.0
2018-10-04,31.0
2018-10-05,28.0
2018-10-06,31.0
2018-10-07,27.0
2018-10-08,27.0
2018-10-09,29.0
2018-10-10,27.0
2018-10-11,30.0
2018-10-12,31.0
2018-10-13,30.0
2018-10-14,23.0
2018-10-15,22.0
2018-10-16,29.0
2018-10-17,28.0
2018-10-18,29.0
2018-10-19,31.0
2018-10-20,31.0
2018-10-21,29.0
2018-10-22,29.0
2018-10-23,28.0
2018-10-24,30.0
2018-10-25,
2018-10-26,
2018-10-27,
2018-10-28,
2018-10-29,
2018-10-30,
2018-10-31,
2018-11-01,
2018-11-02,
2018-11-03,
2018-11-04,
2018-11-05,
2018-11-06,
2018-11-07,
2018-11-08,
2018-11-09,
2018-11-10,
2018-11-11,
2018-11-12,
2018-11-13,
2018-11-14,
2018-11-15,
2018-11-16,
2018-11-17,
2018-11-18,
2018-11-19,
2018-11-20,
2018-11-21,
2018-11-22,
2018-11-23,
2018-11-24,
2018-11-25,
2018-11-26,
2018-11-27,
2018-11-28,
2018-11-29,
2018-11-30,
2018-12-01,
2018-12-02,
2018-12-03,
2018-12-04,
2018-12-05,
2018-12-06,
2018-12-07,
2018-12-08,
2018-12-09,
2018-12-10,
2018-12-11,
2018-12-12,
2018-12-13,
2018-12-14,
2018-12-15,
2018-12-16,
2018-12-17,
2018-12-18,
2018-12-19,
2018-12-20,
2018-12-21,
2018-12-22,
2018-12-23,
2018-12-24,
2018-12-25,
2018-12-26,
2018-12-27,
2018-12-28,
2018-12-29,
2018-12-30,
2018-12-31,
2019-01-01,
2019-01-02,
2019-01-03,
2019-01-04,
2019-01-05,
2019-01-06,
2019-01-07,
2019-01-08,
2019-01-09,
2019-01-10,
2019-01-11,
2019-01-12,
2019-01-13,
2019-01-14,
2019-01-15,
2019-01-16,
2019-01-17,
2019-01-18,
2019-01-19,
2019-01-20,
2019-01-21,
2019-01-22,
2019-01-23,
2019-01-24,
2019-01-25,
2019-01-26,
2019-01-27,
2019-01-28,
2019-01-29,
2019-01-30,
2019-01-31,
2019-02-01,
2019-02-02,
2019-02-03,
2019-02-04,
2019-02-05,
2019-02-06,
2019-02-07,
2019-02-08,
2019-02-09,
2019-02-10,
2019-02-11,
2019-02-12,
2019-02-13,
2019-02-14,
2019-02-15,
2019-02-16,
2019-02-17,
2019-02-18,
2019-02-19,
2019-02-20,
2019-02-21,
2019-02-22,
2019-02-23,
2019-02-24,
2019-02-25,
2019-02-26,
2019-02-27,
2019-02-28,
2019-03-01,
2019-03-02,
2019-03-03,
2019-03-04,
2019-03-05,
2019-03-06,
2019-03-07,
2019-03-08,
2019-03-09,
2019-03-10,
2019-03-11,
2019-03-12,
2019-03-13,
2019-03-14,
2019-03-15,
2019-03-16,
2019-03-17,
2019-03-18,
2019-03-19,
2019-03-20,
2019-03-21,
2019-03-22,
2019-03-23,
2019-03-24,
2019-03-25,
2019-03-26,
2019-03-27,
2019-03-28,
2019-03-29,
2019-03-30,
2019-03-31,
2019-04-01,
2019-04-02,
2019-04-03,
2019-04-04,
2019-04-05,
2019-04-06,
2019-04-07,
2019-04-08,
2019-04-09,
2019-04-10,
2019-04-11,
2019-04-12,
2019-04-13,
2019-04-14,
2019-04-15,
2019-04-16,
2019-04-17,
2019-04-18,
2019-04-19,
2019-04-20,
2019-04-21,
2019-04-22,
2019-04-23,
2019-04-24,
2019-04-25,
2019-04-26,
2019-04-27,
2019-04-28,
2019-04-29,
2019-04-30,
2019-05-01,
2019-05-02,
2019-05-03,
2019-05-04,
2019-05-05,
2019-05-06,
2019-05-07,
2019-05-08,
2019-05-09,
2019-05-10,
2019-05-11,
2019-05-12,
2019-05-13,
2019-05-14,
2019-05-15,
2019-05-16,
2019-05-17,
2019-05-18,
2019-05-19,
2019-05-20,
2019-05-21,
2019-05-22,
2019-05-23,
2019-05-24,
2019-05-25,
2019-05-26,
2019-05-27,
2019-05-28,
2019-05-29,
2019-05-30,
2019-05-31,
2019-06-01,
2019-06-02,
2019-06-03,
2019-06-04,
2019-06-05,
2019-06-06,
2019-06-07,
2019-06-08,
2019-06-09,
2019-06-10,
2019-06-11,
2019-06-12,
2019-06-13,
2019-06-14,
2019-06-15,
2019-06-16,
2019-06-17,
2019-06-18,
2019-06-19,
2019-06-20,
2019-06-21,
2019-06-22,
2019-06-23,
2019-06-24,
2019-06-25,
2019-06-26,
2019-06-27,
2019-06-28,
2019-06-29,
2019-06-30,
2019-07-01,
2019-07-02,
2019-07-03,
2019-07-04,
2019-07-05,
2019-07-06,
2019-07-07,
2019-07-08,
2019-07-09,
2019-07-10,
2019-07-11,
2019-07-12,
2019-07-13,
2019-07-14,
2019-07-15,
2019-07-16,
2019-07-17,
2019-07-18,
2019-07-19,
2019-07-20,
2019-07-21,
2019-07-22,
2019-07-23,
2019-07-24,
2019-07-25,
2019-07-26,
2019-07-27,
2019-07-28,
2019-07-29,
2019-07-30,
2019-07-31,
2019-08-01,
2019-08-02,
2019-08-03,
2019-08-04,
2019-08-05,
2019-08-06,
2019-08-07,
2019-08-08,
2019-08-09,
2019-08-10,
2019-08-11,
2019-08-12,
2019-08-13,
2019-08-14,
2019-08-15,
2019-08-16,
2019-08-17,
2019-08-18,
2019-08-19,
2019-08-20,
2019-08-21,
2019-08-22,
2019-08-23,
2019-08-24,
2019-08-25,
2019-08-26,
2019-08-27,
2019-08-28,
2019-08-29,
2019-08-30,
2019-08-31,
2019-09-01,
2019-09-02,
2019-09-03,
2019-09-04,
2019-09-05,
2019-09-06,
2019-09-07,
2019-09-08,
2019-09-09,
2019-09-10,
2019-09-11,
2019-09-12,
2019-09-13,
2019-09-14,
2019-09-15,
2019-09-16,
2019-09-17,
2019-09-18,
2019-09-19,
2019-09-20,
2019-09-21,
2019-09-22,
2019-09-23,
2019-09-24,
2019-09-25,
2019-09-26,
2019-09-27,
2019-09-28,
2019-09-29,
2019-09-30,
2019-10-01,
2019-10-02,27.0
2019-10-03,27.0
2019-10-04,23.0
2019-10-05,32.0
2019-10-06,37.0
2019-10-07,35.0
2019-10-08,32.0
2019-10-09,23.0
2019-10-10,21.0
2019-10-11,30.0
2019-10-12,30.0
2019-10-13,28.0
2019-10-14,29.0
2019-10-15,32.0
2019-10-16,32.0
2019-10-17,26.0
2019-10-18,25.0
2019-10-19,26.0
2019-10-20,27.0
2019-10-21,32.0
2019-10-22,35.0
2019-10-23,35.0
2019-10-24,32.0
2019-10-25,36.0
2019-10-26,32.0
2019-10-27,15.0
2019-10-28,19.0
2019-10-29,20.0
2019-10-30,22.0
2019-10-31,28.0
2019-11-01,31.0
2019-11-02,32.0
2019-11-03,32.0
2019-11-04,32.0
2019-11-05,32.0
2019-11-06,32.0
2019-11-07,32.0
2019-11-08,32.0
2019-11-09,32.0
2019-11-10,32.0
2019-11-11,34.0
2019-11-12,32.0
2019-11-13,35.0
2019-11-14,30.0
2019-11-15,28.0
2019-11-16,29.0
2019-11-17,35.0
2019-11-18,33.0
2019-11-19,21.0
2019-11-20,22.0
2019-11-21,23.0
2019-11-22,27.0
2019-11-23,22.0
2019-11-24,24.0
2019-11-25,11.0
2019-11-26,9.0
2019-11-27,11.0
2019-11-28,9.0
2019-11-29,0.0
2019-11-30,1.0
2019-12-01,25.0
2019-12-02,27.0
2019-12-03,24.0
2019-12-04,21.0
2019-12-05,14.0
2019-12-06,21.0
2019-12-07,25.0
2019-12-08,18.0
2019-12-09,17.0
2019-12-10,18.0
2019-12-11,16.0
2019-12-12,30.0
2019-12-13,29.0
2019-12-14,13.0
2019-12-15,7.0
2019-12-16,8.0
2019-12-17,14.0
2019-12-18,12.0
2019-12-19,12.0
2019-12-20,21.0
2019-12-21,32.0
2019-12-22,21.0
2019-12-23,19.0
2019-12-24,10.0
2019-12-25,5.0
2019-12-26,12.0
2019-12-27,8.0
2019-12-28,17.0
2019-12-29,22.0
2019-12-30,20.0
2019-12-31,18.0
2020-01-01,29.0
2020-01-02,28.0
2020-01-03,25.0
2020-01-04,23.0
2020-01-05,20.0
2020-01-06,20.0
2020-01-07,22.0
2020-01-08,10.0
2020-01-09,10.0
2020-01-10,11.0
2020-01-11,14.0
2020-01-12,15.0
2020-01-13,11.0
2020-01-14,10.0
2020-01-15,10.0
2020-01-16,11.0
2020-01-17,4.0
2020-01-18,16.0
2020-01-19,27.0
2020-01-20,23.0
2020-01-21,18.0
2020-01-22,23.0
2020-01-23,23.0
2020-01-24,27.0
2020-01-25,27.0
2020-01-26,19.0
2020-01-27,21.0
2020-01-28,17.0
2020-01-29,18.0
2020-01-30,27.0
2020-01-31,30.0
2020-02-01,31.0
2020-02-02,6.0
2020-02-03,2.0
2020-02-04,0.0
2020-02-05,19.0
2020-02-06,27.0
2020-02-07,25.0
2020-02-08,15.0
2020-02-09,10.0
2020-02-10,11.0
2020-02-11,18.0
2020-02-12,20.0
2020-02-13,19.0
2020-02-14,16.0
2020-02-15,21.0
2020-02-16,27.0
2020-02-17,22.0
2020-02-18,20.0
2020-02-19,15.0
2020-02-20,17.0
2020-02-21,19.0
2020-02-22,24.0
2020-02-23,19.0
2020-02-24,25.0
2020-02-25,25.0
2020-02-26,26.0
2020-02-27,26.0
2020-02-28,27.0
2020-02-29,22.0
2020-03-01,12.0
2020-03-02,8.0
2020-03-03,23.0
2020-03-04,28.0
2020-03-05,26.0
2020-03-06,30.0
2020-03-07,14.0
2020-03-08,11.0
2020-03-09,16.0
2020-03-10,22.0
2020-03-11,27.0
2020-03-12,30.0
2020-03-13,26.0
2020-03-14,21.0
2020-03-15,19.0
2020-03-16,14.0
2020-03-17,1.0
2020-03-18,2.0
2020-03-19,11.0
2020-03-20,5.0
2020-03-21,14.0
2020-03-22,15.0
2020-03-23,18.0
2020-03-24,19.0
2020-03-25,14.0
2020-03-26,5.0
2020-03-27,1.0
2020-03-28,11.0
2020-03-29,17.0
2020-03-30,12.0
2020-03-31,23.0
2020-04-01,22.0
2020-04-02,13.0
2020-04-03,17.0
2020-04-04,19.0
2020-04-05,22.0
2020-04-06,13.0
2020-04-07,10.0
2020-04-08,26.0
2020-04-09,16.0
2020-04-10,12.0
2020-04-11,22.0
2020-04-12,24.0
2020-04-13,18.0
2020-04-14,17.0
2020-04-15,27.0
2020-04-16,28.0
2020-04-17,28.0
2020-04-18,25.0
2020-04-19,21.0
2020-04-20,24.0
2020-04-21,24.0
2020-04-22,28.0
2020-04-23,32.0
2020-04-24,32.0
2020-04-25,33.0
2020-04-26,31.0
2020-04-27,29.0
2020-04-28,36.0
2020-04-29,37.0
2020-04-30,34.0
2020-05-01,31.0
2020-05-02,29.0
2020-05-03,28.0
2020-05-04,26.0
2020-05-05,31.0
2020-05-06,35.0
2020-05-07,34.0
2020-05-08,35.0
2020-05-09,36.0
2020-05-10,34.0
2020-05-11,33.0
2020-05-12,30.0
2020-05-13,27.0
2020-05-14,27.0
2020-05-15,29.0
2020-05-16,34.0
2020-05-17,34.0
2020-05-18,26.0
2020-05-19,17.0
2020-05-20,20.0
2020-05-21,27.0
2020-05-22,30.0
2020-05-23,25.0
2020-05-24,33.0
2020-05-25,34.0
2020-05-26,41.0
2020-05-27,41.0
2020-05-28,42.0
2020-05-29,43.0
2020-05-30,32.0
2020-05-31,30.0
2020-06-01,37.0
2020-06-02,38.0
2020-06-03,42.0
2020-06-04,42.0
2020-06-05,39.0
2020-06-06,32.0
2020-06-07,24.0
2020-06-08,21.0
2020-06-09,32.0
2020-06-10,36.0
2020-06-11,38.0
2020-06-12,29.0
2020-06-13,26.0
2020-06-14,29.0
2020-06-15,39.0
2020-06-16,33.0
2020-06-17,31.0
2020-06-18,33.0
2020-06-19,37.0
2020-06-20,41.0
2020-06-21,42.0
2020-06-22,46.0
2020-06-23,49.0
2020-06-24,48.0
2020-06-25,45.0
2020-06-26,44.0
2020-06-27,45.0
2020-06-28,36.0
2020-06-29,29.0
2020-06-30,32.0
2020-07-01,35.0
2020-07-02,36.0
2020-07-03,36.0
2020-07-04,36.0
2020-07-05,41.0
2020-07-06,41.0
2020-07-07,36.0
2020-07-08,40.0
2020-07-09,38.0
2020-07-10,42.0
2020-07-11,46.0
2020-07-12,46.0
2020-07-13,44.0
2020-07-14,45.0
2020-07-15,50.0
2020-07-16,47.0
2020-07-17,46.0
2020-07-18,46.0
2020-07-19,46.0
2020-07-20,46.0
2020-07-21,0.0
2020-07-22,0.0
2020-07-23,0.0
2020-07-24,
2020-07-25,
2020-07-26,
2020-07-27,
2020-07-28,
2020-07-29,
2020-07-30,
2020-07-31,
2020-08-01,
2020-08-02,
2020-08-03,
2020-08-04,
2020-08-05,
2020-08-06,
2020-08-07,
2020-08-08,
2020-08-09,
2020-08-10,
2020-08-11,
2020-08-12,
2020-08-13,
2020-08-14,
2020-08-15,
2020-08-16,
2020-08-17,
2020-08-18,
2020-08-19,
2020-08-20,
2020-08-21,
2020-08-22,
2020-08-23,
2020-08-24,
2020-08-25,
2020-08-26,
2020-08-27,
2020-08-28,
2020-08-29,
2020-08-30,
2020-08-31,
2020-09-01,
2020-09-02,
2020-09-03,
2020-09-04,
2020-09-05,
2020-09-06,
2020-09-07,
2020-09-08,
2020-09-09,
2020-09-10,
2020-09-11,
2020-09-12,
2020-09-13,
2020-09-14,
2020-09-15,
2020-09-16,
2020-09-17,
2020-09-18,
2020-09-19,
2020-09-20,
2020-09-21,
2020-09-22,
2020-09-23,
2020-09-24,
2020-09-25,
2020-09-26,
2020-09-27,
2020-09-28,
2020-09-29,
2020-09-30,
2020-10-01,
2020-10-02,
2020-10-03,
2020-10-04,
2020-10-05,
2020-10-06,
2020-10-07,
2020-10-08,
2020-10-09,
2020-10-10,
2020-10-11,
2020-10-12,
2020-10-13,
2020-10-14,
2020-10-15,
2020-10-16,
2020-10-17,
2020-10-18,
2020-10-19,
2020-10-20,
2020-10-21,
2020-10-22,
2020-10-23,
2020-10-24,
2020-10-25,
2020-10-26,
2020-10-27,
2020-10-28,
2020-10-29,
2020-10-30,
2020-10-31,
2020-11-01,
2020-11-02,
2020-11-03,
2020-11-04,
2020-11-05,
2020-11-06,
2020-11-07,
2020-11-08,
2020-11-09,
2020-11-10,
2020-11-11,
2020-11-12,
2020-11-13,
2020-11-14,
2020-11-15,
2020-11-16,
2020-11-17,
2020-11-18,
2020-11-19,
2020-11-20,
2020-11-21,
2020-11-22,
2020-11-23,
2020-11-24,
2020-11-25,
2020-11-26,
2020-11-27,
2020-11-28,
2020-11-29,
2020-11-30,
2020-12-01,
2020-12-02,
2020-12-03,
2020-12-04,
2020-12-05,
2020-12-06,
2020-12-07,
2020-12-08,
2020-12-09,
2020-12-10,
2020-12-11,
2020-12-12,
2020-12-13,
2020-12-14,
2020-12-15,
2020-12-16,
2020-12-17,
2020-12-18,
2020-12-19,
2020-12-20,
2020-12-21,
2020-12-22,
2020-12-23,
2020-12-24,
2020-12-25,
2020-12-26,
2020-12-27,
2020-12-28,
2020-12-29,
2020-12-30,
2020-12-31,
2021-01-01,
2021-01-02,
2021-01-03,
2021-01-04,
2021-01-05,
2021-01-06,
2021-01-07,
2021-01-08,
2021-01-09,
2021-01-10,
2021-01-11,
2021-01-12,
2021-01-13,
2021-01-14,
2021-01-15,
2021-01-16,
2021-01-17,
2021-01-18,
2021-01-19,
2021-01-20,
2021-01-21,
2021-01-22,
2021-01-23,
2021-01-24,
2021-01-25,
2021-01-26,
2021-01-27,
2021-01-28,
2021-01-29,
2021-01-30,
2021-01-31,
2021-02-01,
2021-02-02,
2021-02-03,
2021-02-04,
2021-02-05,
2021-02-06,
2021-02-07,
2021-02-08,
2021-02-09,
2021-02-10,
2021-02-11,
2021-02-12,
2021-02-13,
2021-02-14,
2021-02-15,
2021-02-16,
2021-02-17,
2021-02-18,
2021-02-19,
2021-02-20,
2021-02-21,
2021-02-22,
2021-02-23,
2021-02-24,
2021-02-25,
2021-02-26,
2021-02-27,
2021-02-28,
2021-03-01,
2021-03-02,
2021-03-03,
2021-03-04,
2021-03-05,
2021-03-06,
2021-03-07,
2021-03-08,
2021-03-09,
2021-03-10,
2021-03-11,
2021-03-12,
2021-03-13,
2021-03-14,
2021-03-15,
2021-03-16,
2021-03-17,
2021-03-18,
2021-03-19,
2021-03-20,
2021-03-21,
2021-03-22,
2021-03-23,
2021-03-24,
2021-03-25,
2021-03-26,
2021-03-27,
2021-03-28,
2021-03-29,
2021-03-30,
2021-03-31,
2021-04-01,
2021-04-02,
2021-04-03,
2021-04-04,
2021-04-05,
2021-04-06,
2021-04-07,
2021-04-08,
2021-04-09,
2021-04-10,
2021-04-11,
2021-04-12,
2021-04-13,
2021-04-14,
2021-04-15,
2021-04-16,
2021-04-17,
2021-04-18,
2021-04-19,
2021-04-20,
2021-04-21,
2021-04-22,
2021-04-23,
2021-04-24,
2021-04-25,
2021-04-26,
2021-04-27,
2021-04-28,
2021-04-29,
2021-04-30,
2021-05-01,
2021-05-02,
2021-05-03,
2021-05-04,
2021-05-05,
2021-05-06,
2021-05-07,
2021-05-08,
2021-05-09,
2021-05-10,
2021-05-11,
2021-05-12,
2021-05-13,
2021-05-14,
2021-05-15,
2021-05-16,
2021-05-17,
2021-05-18,
2021-05-19,
2021-05-20,
2021-05-21,
2021-05-22,
2021-05-23,
2021-05-24,
2021-05-25,
2021-05-26,
2021-05-27,
2021-05-28,
2021-05-29,
2021-05-30,
2021-05-31,
2021-06-01,
2021-06-02,
2021-06-03,
2021-06-04,
2021-06-05,
2021-06-06,
2021-06-07,
2021-06-08,
2021-06-09,
2021-06-10,
2021-06-11,
2021-06-12,
2021-06-13,
2021-06-14,
2021-06-15,
2021-06-16,
2021-06-17,
2021-06-18,
2021-06-19,
2021-06-20,
2021-06-21,
2021-06-22,
2021-06-23,
2021-06-24,
2021-06-25,
2021-06-26,
2021-06-27,
2021-06-28,
2021-06-29,
2021-06-30,
2021-07-01,
2021-07-02,
2021-07-03,
2021-07-04,
2021-07-05,
2021-07-06,
2021-07-07,
2021-07-08,
2021-07-09,
2021-07-10,
2021-07-11,
2021-07-12,
2021-07-13,
2021-07-14,
2021-07-15,
2021-07-16,
2021-07-17,
2021-07-18,
2021-07-19,
2021-07-20,
2021-07-21,
2021-07-22,
2021-07-23,
2021-07-24,
2021-07-25,
2021-07-26,
2021-07-27,
2021-07-28,
2021-07-29,
2021-07-30,
2021-07-31,
2021-08-01,
2021-08-02,
2021-08-03,
2021-08-04,
2021-08-05,
2021-08-06,
2021-08-07,
2021-08-08,
2021-08-09,
2021-08-10,
2021-08-11,
2021-08-12,
2021-08-13,
2021-08-14,
2021-08-15,
2021-08-16,
2021-08-17,
2021-08-18,
2021-08-19,
2021-08-20,
2021-08-21,
2021-08-22,
2021-08-23,
2021-08-24,
2021-08-25,
2021-08-26,
2021-08-27,
2021-08-28,
2021-08-29,
2021-08-30,
2021-08-31,
2021-09-01,
2021-09-02,
2021-09-03,
2021-09-04,
2021-09-05,
2021-09-06,
2021-09-07,
2021-09-08,
2021-09-09,
2021-09-10,
2021-09-11,
2021-09-12,
2021-09-13,
2021-09-14,
2021-09-15,
2021-09-16,
2021-09-17,
2021-09-18,
2021-09-19,
2021-09-20,
2021-09-21,
2021-09-22,
2021-09-23,
2021-09-24,
2021-09-25,
2021-09-26,
2021-09-27,
2021-09-28,
2021-09-29,
2021-09-30,
2021-10-01,
2021-10-02,
2021-10-03,
2021-10-04,
2021-10-05,
2021-10-06,
2021-10-07,
2021-10-08,
2021-10-09,
2021-10-10,
2021-10-11,
2021-10-12,
2021-10-13,
2021-10-14,
2021-10-15,
2021-10-16,
2021-10-17,
2021-10-18,
2021-10-19,
2021-10-20,
2021-10-21,
2021-10-22,
2021-10-23,
2021-10-24,
2021-10-25,
2021-10-26,
2021-10-27,
2021-10-28,
2021-10-29,
2021-10-30,
2021-10-31,
2021-11-01,
2021-11-02,
2021-11-03,
2021-11-04,
2021-11-05,
2021-11-06,
2021-11-07,
2021-11-08,
2021-11-09,
2021-11-10,
2021-11-11,
2021-11-12,
2021-11-13,
2021-11-14,
2021-11-15,
2021-11-16,
2021-11-17,
2021-11-18,
2021-11-19,
2021-11-20,
2021-11-21,
2021-11-22,
2021-11-23,
2021-11-24,
2021-11-25,
2021-11-26,
2021-11-27,
2021-11-28,
2021-11-29,
2021-11-30,
2021-12-01,
2021-12-02,
2021-12-03,
2021-12-04,
2021-12-05,
2021-12-06,
2021-12-07,
2021-12-08,
2021-12-09,
2021-12-10,
2021-12-11,
2021-12-12,
2021-12-13,
2021-12-14,
2021-12-15,
2021-12-16,
2021-12-17,
2021-12-18,
2021-12-19,
2021-12-20,
2021-12-21,
2021-12-22,
2021-12-23,
2021-12-24,
2021-12-25,
2021-12-26,
2021-12-27,
2021-12-28,
2021-12-29,
2021-12-30,
2021-12-31,
2022-01-01,
2022-01-02,
2022-01-03,
2022-01-04,
2022-01-05,
2022-01-06,
2022-01-07,
2022-01-08,
2022-01-09,
2022-01-10,
2022-01-11,
2022-01-12,
2022-01-13,
2022-01-14,
2022-01-15,
2022-01-16,
2022-01-17,
2022-01-18,
2022-01-19,
2022-01-20,
2022-01-21,
2022-01-22,
2022-01-23,
2022-01-24,
2022-01-25,
2022-01-26,
2022-01-27,
2022-01-28,
2022-01-29,
2022-01-30,
2022-01-31,
2022-02-01,
2022-02-02,
2022-02-03,
2022-02-04,
2022-02-05,
2022-02-06,
2022-02-07,
2022-02-08,
2022-02-09,
2022-02-10,
2022-02-11,
2022-02-12,
2022-02-13,
2022-02-14,
2022-02-15,
2022-02-16,
2022-02-17,
2022-02-18,
2022-02-19,
2022-02-20,
2022-02-21,
2022-02-22,
2022-02-23,
2022-02-24,
2022-02-25,
2022-02-26,
2022-02-27,
2022-02-28,
2022-03-01,
2022-03-02,
2022-03-03,
2022-03-04,
2022-03-05,
2022-03-06,
2022-03-07,
2022-03-08,
2022-03-09,
2022-03-10,
2022-03-11,
2022-03-12,
2022-03-13,
2022-03-14,
2022-03-15,
2022-03-16,
2022-03-17,
2022-03-18,
2022-03-19,
2022-03-20,
2022-03-21,
2022-03-22,
2022-03-23,
2022-03-24,
2022-03-25,
2022-03-26,
2022-03-27,
2022-03-28,
2022-03-29,
2022-03-30,
2022-03-31,
2022-04-01,
2022-04-02,
2022-04-03,
2022-04-04,
2022-04-05,
2022-04-06,
2022-04-07,
2022-04-08,
2022-04-09,
2022-04-10,
2022-04-11,
2022-04-12,
2022-04-13,
2022-04-14,
2022-04-15,
2022-04-16,
2022-04-17,
2022-04-18,
2022-04-19,
2022-04-20,
2022-04-21,
2022-04-22,
2022-04-23,
2022-04-24,
2022-04-25,
2022-04-26,
2022-04-27,
2022-04-28,
2022-04-29,
2022-04-30,
2022-05-01,
2022-05-02,
2022-05-03,
2022-05-04,
2022-05-05,
2022-05-06,
2022-05-07,
2022-05-08,
2022-05-09,
2022-05-10,
2022-05-11,
2022-05-12,
2022-05-13,
2022-05-14,
2022-05-15,
2022-05-16,
2022-05-17,
2022-05-18,
2022-05-19,
2022-05-20,
2022-05-21,
2022-05-22,
2022-05-23,
2022-05-24,
2022-05-25,
2022-05-26,
2022-05-27,
2022-05-28,
2022-05-29,
2022-05-30,
2022-05-31,
2022-06-01,
2022-06-02,
2022-06-03,
2022-06-04,
2022-06-05,
2022-06-06,
2022-06-07,
2022-06-08,
2022-06-09,
2022-06-10,
2022-06-11,
2022-06-12,
2022-06-13,
2022-06-14,
2022-06-15,
2022-06-16,
2022-06-17,
2022-06-18,
2022-06-19,
2022-06-20,
2022-06-21,
2022-06-22,
2022-06-23,
2022-06-24,
2022-06-25,
2022-06-26,
2022-06-27,
2022-06-28,
2022-06-29,
2022-06-30,
2022-07-01,
2022-07-02,
2022-07-03,
2022-07-04,
2022-07-05,
2022-07-06,
2022-07-07,
2022-07-08,
2022-07-09,
2022-07-10,
2022-07-11,
2022-07-12,
2022-07-13,
2022-07-14,
2022-07-15,
2022-07-16,
2022-07-17,
2022-07-18,
2022-07-19,
2022-07-20,
2022-07-21,
2022-07-22,
2022-07-23,
2022-07-24,
2022-07-25,
2022-07-26,
2022-07-27,
2022-07-28,
2022-07-29,
2022-07-30,
2022-07-31,
2022-08-01,
2022-08-02,
2022-08-03,
2022-08-04,
2022-08-05,
2022-08-06,
2022-08-07,
2022-08-08,
2022-08-09,
2022-08-10,
2022-08-11,
2022-08-12,
2022-08-13,
2022-08-14,
2022-08-15,
2022-08-16,
2022-08-17,
2022-08-18,
2022-08-19,
2022-08-20,
2022-08-21,
2022-08-22,
2022-08-23,
2022-08-24,
2022-08-25,
2022-08-26,
2022-08-27,
2022-08-28,
2022-08-29,
2022-08-30,
2022-08-31,
2022-09-01,
2022-09-02,
2022-09-03,
2022-09-04,
2022-09-05,
2022-09-06,
2022-09-07,
2022-09-08,
2022-09-09,
2022-09-10,
2022-09-11,
2022-09-12,
2022-09-13,
2022-09-14,
2022-09-15,
2022-09-16,
2022-09-17,
2022-09-18,
2022-09-19,
2022-09-20,
2022-09-21,
2022-09-22,
2022-09-23,
2022-09-24,
2022-09-25,
2022-09-26,
2022-09-27,
2022-09-28,
2022-09-29,
2022-09-30,
2022-10-01,
2022-10-02,
2022-10-03,
2022-10-04,
2022-10-05,
2022-10-06,
2022-10-07,
2022-10-08,
2022-10-09,
2022-10-10,
2022-10-11,
2022-10-12,
2022-10-13,
2022-10-14,
2022-10-15,
2022-10-16,
2022-10-17,
2022-10-18,
2022-10-19,
2022-10-20,
2022-10-21,
2022-10-22,
2022-10-23,
2022-10-24,
2022-10-25,
2022-10-26,
2022-10-27,
2022-10-28,
2022-10-29,
2022-10-30,
2022-10-31,
2022-11-01,
2022-11-02,
2022-11-03,
2022-11-04,
2022-11-05,
2022-11-06,
2022-11-07,
2022-11-08,
2022-11-09,
2022-11-10,
2022-11-11,
2022-11-12,
2022-11-13,
2022-11-14,
2022-11-15,
2022-11-16,
2022-11-17,
2022-11-18,
2022-11-19,
2022-11-20,
2022-11-21,
2022-11-22,
2022-11-23,
2022-11-24,
2022-11-25,
2022-11-26,
2022-11-27,
2022-11-28,
2022-11-29,
2022-11-30,
2022-12-01,
2022-12-02,
2022-12-03,
2022-12-04,
2022-12-05,
2022-12-06,
2022-12-07,
2022-12-08,
2022-12-09,
2022-12-10,
2022-12-11,
2022-12-12,
2022-12-13,
2022-12-14,
2022-12-15,
2022-12-16,
2022-12-17,
2022-12-18,
2022-12-19,
2022-12-20,
2022-12-21,
2022-12-22,
2022-12-23,
2022-12-24,
2022-12-25,
2022-12-26,
2022-12-27,
2022-12-28,
2022-12-29,
2022-12-30,
2022-12-31,
2023-01-01,
2023-01-02,
2023-01-03,
2023-01-04,
2023-01-05,
2023-01-06,
2023-01-07,
2023-01-08,
2023-01-09,
2023-01-10,
2023-01-11,
2023-01-12,
2023-01-13,
2023-01-14,
2023-01-15,
2023-01-16,
2023-01-17,
2023-01-18,
2023-01-19,
2023-01-20,
2023-01-21,
2023-01-22,
2023-01-23,
2023-01-24,
2023-01-25,
2023-01-26,
2023-01-27,
2023-01-28,
2023-01-29,
2023-01-30,
2023-01-31,
2023-02-01,
2023-02-02,
2023-02-03,
2023-02-04,
2023-02-05,
2023-02-06,
2023-02-07,
2023-02-08,
2023-02-09,
2023-02-10,
2023-02-11,
2023-02-12,
2023-02-13,
2023-02-14,
2023-02-15,
2023-02-16,
2023-02-17,
2023-02-18,
2023-02-19,
2023-02-20,
2023-02-21,
2023-02-22,
2023-02-23,
2023-02-24,
2023-02-25,
2023-02-26,
2023-02-27,
2023-02-28,
2023-03-01,
2023-03-02,
2023-03-03,
2023-03-04,
2023-03-05,
2023-03-06,
2023-03-07,
2023-03-08,
2023-03-09,
2023-03-10,
2023-03-11,
2023-03-12,
2023-03-13,
2023-03-14,
2023-03-15,
2023-03-16,
2023-03-17,
2023-03-18,
2023-03-19,
2023-03-20,
2023-03-21,
2023-03-22,
2023-03-23,
2023-03-24,
2023-03-25,
2023-03-26,
2023-03-27,
2023-03-28,
2023-03-29,
2023-03-30,
2023-03-31,
2023-04-01,
2023-04-02,
2023-04-03,
2023-04-04,
2023-04-05,
2023-04-06,
2023-04-07,
2023-04-08,
2023-04-09,
2023-04-10,
2023-04-11,
2023-04-12,
2023-04-13,
2023-04-14,
2023-04-15,
2023-04-16,
2023-04-17,
2023-04-18,
2023-04-19,
2023-04-20,
2023-04-21,
2023-04-22,
2023-04-23,
2023-04-24,
2023-04-25,
2023-04-26,
2023-04-27,
2023-04-28,
2023-04-29,
2023-04-30,
2023-05-01,
2023-05-02,
2023-05-03,
2023-05-04,
2023-05-05,
2023-05-06,
2023-05-07,
2023-05-08,
2023-05-09,
2023-05-10,
2023-05-11,
2023-05-12,
2023-05-13,
2023-05-14,
2023-05-15,
2023-05-16,
2023-05-17,
2023-05-18,
2023-05-19,
2023-05-20,
2023-05-21,
2023-05-22,
2023-05-23,
2023-05-24,
2023-05-25,
2023-05-26,
2023-05-27,
2023-05-28,
2023-05-29,
2023-05-30,
2023-05-31,
2023-06-01,
2023-06-02,
2023-06-03,
2023-06-04,
2023-06-05,
2023-06-06,
2023-06-07,
2023-06-08,
2023-06-09,
2023-06-10,
2023-06-11,
2023-06-12,
2023-06-13,
2023-06-14,
2023-06-15,
2023-06-16,
2023-06-17,
2023-06-18,
2023-06-19,
2023-06-20,
2023-06-21,
2023-06-22,
2023-06-23,
2023-06-24,
2023-06-25,
2023-06-26,
2023-06-27,
2023-06-28,
2023-06-29,
2023-06-30,
2023-07-01,
2023-07-02,
2023-07-03,
2023-07-04,
2023-07-05,
2023-07-06,
2023-07-07,
2023-07-08,
2023-07-09,
2023-07-10,
2023-07-11,
2023-07-12,
2023-07-13,
2023-07-14,
2023-07-15,
2023-07-16,
2023-07-17,
2023-07-18,
2023-07-19,
2023-07-20,
2023-07-21,
2023-07-22,
2023-07-23,
2023-07-24,
2023-07-25,
2023-07-26,
2023-07-27,
2023-07-28,
2023-07-29,
2023-07-30,
2023-07-31,
2023-08-01,
2023-08-02,
2023-08-03,
2023-08-04,
2023-08-05,
2023-08-06,
2023-08-07,
2023-08-08,
2023-08-09,
2023-08-10,
2023-08-11,
2023-08-12,
2023-08-13,
2023-08-14,
2023-08-15,
2023-08-16,
2023-08-17,
2023-08-18,
2023-08-19,
2023-08-20,
2023-08-21,
2023-08-22,
2023-08-23,
2023-08-24,
2023-08-25,
2023-08-26,
2023-08-27,
2023-08-28,
2023-08-29,
2023-08-30,
2023-08-31,
2023-09-01,
2023-09-02,
2023-09-03,
2023-09-04,
2023-09-05,
2023-09-06,
2023-09-07,
2023-09-08,
2023-09-09,
2023-09-10,
2023-09-11,
2023-09-12,
2023-09-13,
2023-09-14,
2023-09-15,
2023-09-16,
2023-09-17,
2023-09-18,
2023-09-19,
2023-09-20,
2023-09-21,
2023-09-22,
2023-09-23,
2023-09-24,
2023-09-25,
2023-09-26,
2023-09-27,
2023-09-28,
2023-09-29,
2023-09-30,
2023-10-01,
2023-10-02,
2023-10-03,
2023-10-04,
2023-10-05,
2023-10-06,
2023-10-07,
2023-10-08,
2023-10-09,
2023-10-10,
2023-10-11,
2023-10-12,
2023-10-13,
2023-10-14,
2023-10-15,
2023-10-16,
2023-10-17,
2023-10-18,
2023-10-19,
2023-10-20,
2023-10-21,
2023-10-22,
2023-10-23,
2023-10-24,
2023-10-25,
2023-10-26,
2023-10-27,
2023-10-28,
2023-10-29,
2023-10-30,
2023-10-31,
2023-11-01,
2023-11-02,
2023-11-03,
2023-11-04,
2023-11-05,
2023-11-06,
2023-11-07,
2023-11-08,
2023-11-09,
2023-11-10,
2023-11-11,
2023-11-12,
2023-11-13,
2023-11-14,
2023-11-15,
2023-11-16,
2023-11-17,
2023-11-18,
2023-11-19,
2023-11-20,
2023-11-21,
2023-11-22,
2023-11-23,
2023-11-24,
2023-11-25,
2023-11-26,
2023-11-27,
2023-11-28,
2023-11-29,
2023-11-30,
2023-12-01,
2023-12-02,
2023-12-03,
2023-12-04,
2023-12-05,
2023-12-06,
2023-12-07,
2023-12-08,
2023-12-09,
2023-12-10,
2023-12-11,
2023-12-12,
2023-12-13,
2023-12-14,
2023-12-15,
2023-12-16,
2023-12-17,
2023-12-18,
2023-12-19,
2023-12-20,
2023-12-21,
2023-12-22,
2023-12-23,
2023-12-24,
2023-12-25,
2023-12-26,
2023-12-27,
2023-12-28,
2023-12-29,
2023-12-30,
2023-12-31,
2024-01-01,
2024-01-02,
2024-01-03,
2024-01-04,
2024-01-05,
2024-01-06,
2024-01-07,
2024-01-08,
2024-01-09,
2024-01-10,
2024-01-11,
2024-01-12,
2024-01-13,
2024-01-14,
2024-01-15,
2024-01-16,
2024-01-17,
2024-01-18,
2024-01-19,
2024-01-20,
2024-01-21,
2024-01-22,
2024-01-23,
2024-01-24,
2024-01-25,
2024-01-26,
2024-01-27,
2024-01-28,
2024-01-29,
2024-01-30,
2024-01-31,
2024-02-01,
2024-02-02,
2024-02-03,
2024-02-04,
2024-02-05,
2024-02-06,
2024-02-07,
2024-02-08,
2024-02-09,
2024-02-10,
2024-02-11,
2024-02-12,
2024-02-13,
2024-02-14,
2024-02-15,
2024-02-16,
2024-02-17,
2024-02-18,
2024-02-19,
2024-02-20,
2024-02-21,
2024-02-22,
2024-02-23,
2024-02-24,
2024-02-25,
2024-02-26,
2024-02-27,
2024-02-28,
2024-02-29,
2024-03-01,
2024-03-02,
2024-03-03,
2024-03-04,
2024-03-05,
2024-03-06,
2024-03-07,
2024-03-08,
2024-03-09,
2024-03-10,
2024-03-11,
2024-03-12,
2024-03-13,
2024-03-14,
2024-03-15,
2024-03-16,
2024-03-17,
2024-03-18,
2024-03-19,
2024-03-20,
2024-03-21,
2024-03-22,
2024-03-23,
2024-03-24,
2024-03-25,
2024-03-26,
2024-03-27,
2024-03-28,
2024-03-29,
2024-03-30,
2024-03-31,
2024-04-01,
2024-04-02,
2024-04-03,
2024-04-04,
2024-04-05,
2024-04-06,
2024-04-07,
2024-04-08,
2024-04-09,
2024-04-10,
2024-04-11,
2024-04-12,
2024-04-13,
2024-04-14,
2024-04-15,
2024-04-16,
2024-04-17,
2024-04-18,
2024-04-19,
2024-04-20,
2024-04-21,
2024-04-22,
2024-04-23,
2024-04-24,
2024-04-25,
2024-04-26,
2024-04-27,
2024-04-28,
2024-04-29,
2024-04-30,
2024-05-01,
2024-05-02,
2024-05-03,
2024-05-04,
2024-05-05,
2024-05-06,
2024-05-07,
2024-05-08,
2024-05-09,
2024-05-10,
2024-05-11,
2024-05-12,
2024-05-13,
2024-05-14,
2024-05-15,
2024-05-16,
2024-05-17,
2024-05-18,
2024-05-19,
2024-05-20,
2024-05-21,
2024-05-22,
2024-05-23,
2024-05-24,
2024-05-25,
2024-05-26,
2024-05-27,
2024-05-28,
2024-05-29,
2024-05-30,
2024-05-31,
2024-06-01,
2024-06-02,
2024-06-03,
2024-06-04,
2024-06-05,
2024-06-06,
2024-06-07,
2024-06-08,
2024-06-09,
2024-06-10,
2024-06-11,
2024-06-12,
2024-06-13,
2024-06-14,
2024-06-15,
2024-06-16,
2024-06-17,
2024-06-18,
2024-06-19,
2024-06-20,
2024-06-21,
2024-06-22,
2024-06-23,
2024-06-24,
2024-06-25,
2024-06-26,
2024-06-27,
2024-06-28,
2024-06-29,
2024-06-30,
2024-07-01,
2024-07-02,
2024-07-03,
2024-07-04,
2024-07-05,
2024-07-06,
2024-07-07,
2024-07-08,
2024-07-09,
2024-07-10,
2024-07-11,
2024-07-12,
2024-07-13,
2024-07-14,
2024-07-15,
2024-07-16,
2024-07-17,
2024-07-18,
2024-07-19,
2024-07-20,
2024-07-21,
2024-07-22,
2024-07-23,
2024-07-24,
2024-07-25,
2024-07-26,
2024-07-27,
2024-07-28,
2024-07-29,
2024-07-30,
2024-07-31,
2024-08-01,
2024-08-02,
2024-08-03,
2024-08-04,
2024-08-05,
2024-08-06,
2024-08-07,
2024-08-08,
2024-08-09,
2024-08-10,
2024-08-11,
2024-08-12,
2024-08-13,
2024-08-14,
2024-08-15,
2024-08-16,
2024-08-17,
2024-08-18,
2024-08-19,
2024-08-20,
2024-08-21,
2024-08-22,
2024-08-23,
2024-08-24,
2024-08-25,
2024-08-26,
2024-08-27,
2024-08-28,
2024-08-29,
2024-08-30,
2024-08-31,
2024-09-01,
2024-09-02,
2024-09-03,
2024-09-04,
2024-09-05,
2024-09-06,
2024-09-07,
2024-09-08,
2024-09-09,
2024-09-10,
2024-09-11,
2024-09-12,
2024-09-13,
2024-09-14,
2024-09-15,
2024-09-16,
2024-09-17,
2024-09-18,
2024-09-19,
2024-09-20,
2024-09-21,
2024-09-22,
2024-09-23,
2024-09-24,
2024-09-25,
2024-09-26,
2024-09-27,
2024-09-28,
2024-09-29,
2024-09-30,
2024-10-01,
2024-10-02,
2024-10-03,
2024-10-04,
2024-10-05,
2024-10-06,
2024-10-07,
2024-10-08,
2024-10-09,
2024-10-10,
2024-10-11,
2024-10-12,
2024-10-13,
2024-10-14,
2024-10-15,
2024-10-16,
2024-10-17,
2024-10-18,
2024-10-19,
2024-10-20,
2024-10-21,
2024-10-22,
2024-10-23,
2024-10-24,
2024-10-25,
2024-10-26,
2024-10-27,
2024-10-28,
2024-10-29,
2024-10-30,
2024-10-31,
2024-11-01,
2024-11-02,
2024-11-03,
2024-11-04,
2024-11-05,
2024-11-06,
2024-11-07,
2024-11-08,
2024-11-09,
2024-11-10,
2024-11-11,
2024-11-12,
2024-11-13,
2024-11-14,
2024-11-15,
2024-11-16,
2024-11-17,
2024-11-18,
2024-11-19,
2024-11-20,
2024-11-21,
2024-11-22,
2024-11-23,
2024-11-24,
2024-11-25,
2024-11-26,
2024-11-27,
2024-11-28,
2024-11-29,
2024-11-30,
2024-12-01,
2024-12-02,
2024-12-03,
2024-12-04,
2024-12-05,
2024-12-06,
2024-12-07,
2024-12-08,
2024-12-09,
2024-12-10,
2024-12-11,
2024-12-12,
2024-12-13,
2024-12-14,
2024-12-15,
2024-12-16,
2024-12-17,
2024-12-18,
2024-12-19,
2024-12-20,
2024-12-21,
2024-12-22,
2024-12-23,
2024-12-24,
2024-12-25,
2024-12-26,
2024-12-27,
2024-12-28,
2024-12-29,
2024-12-30,
2024-12-31,
2025-01-01,
2025-01-02,
