DATE TIME,NFR
2015-01-05,35.0
2015-01-06,43.0
2015-01-07,44.0
2015-01-08,44.0
2015-01-09,46.0
2015-01-10,43.0
2015-01-11,40.0
2015-01-12,40.0
2015-01-13,36.0
2015-01-14,36.0
2015-01-15,36.0
2015-01-16,40.0
2015-01-17,38.0
2015-01-18,41.0
2015-01-19,39.0
2015-01-20,35.0
2015-01-21,29.0
2015-01-22,37.0
2015-01-23,36.0
2015-01-24,36.0
2015-01-25,43.0
2015-01-26,46.0
2015-01-27,41.0
2015-01-28,38.0
2015-01-29,40.0
2015-01-30,39.0
2015-01-31,38.0
2015-02-01,36.0
2015-02-02,41.0
2015-02-03,42.0
2015-02-04,45.0
2015-02-05,43.0
2015-02-06,46.0
2015-02-07,46.0
2015-02-08,45.0
2015-02-09,42.0
2015-02-10,38.0
2015-02-11,37.0
2015-02-12,44.0
2015-02-13,45.0
2015-02-14,46.0
2015-02-15,44.0
2015-02-16,46.0
2015-02-17,45.0
2015-02-18,44.0
2015-02-19,43.0
2015-02-20,42.0
2015-02-21,40.0
2015-02-22,35.0
2015-02-23,36.0
2015-02-24,32.0
2015-02-25,35.0
2015-02-26,39.0
2015-02-27,38.0
2015-02-28,35.0
2015-03-01,33.0
2015-03-02,34.0
2015-03-03,32.0
2015-03-04,34.0
2015-03-05,36.0
2015-03-06,38.0
2015-03-07,40.0
2015-03-08,42.0
2015-03-09,43.0
2015-03-10,45.0
2015-03-11,46.0
2015-03-12,43.0
2015-03-13,44.0
2015-03-14,52.0
2015-03-15,54.0
2015-03-16,50.0
2015-03-17,50.0
2015-03-18,47.0
2015-03-19,44.0
2015-03-20,48.0
2015-03-21,46.0
2015-03-22,47.0
2015-03-23,43.0
2015-03-24,41.0
2015-03-25,42.0
2015-03-26,47.0
2015-03-27,50.0
2015-03-28,51.0
2015-03-29,51.0
2015-03-30,50.0
2015-03-31,45.0
2015-04-01,39.0
2015-04-02,37.0
2015-04-03,40.0
2015-04-04,40.0
2015-04-05,38.0
2015-04-06,39.0
2015-04-07,33.0
2015-04-08,32.0
2015-04-09,35.0
2015-04-10,38.0
2015-04-11,42.0
2015-04-12,43.0
2015-04-13,47.0
2015-04-14,38.0
2015-04-15,35.0
2015-04-16,35.0
2015-04-17,43.0
2015-04-18,46.0
2015-04-19,51.0
2015-04-20,50.0
2015-04-21,49.0
2015-04-22,48.0
2015-04-23,46.0
2015-04-24,43.0
2015-04-25,39.0
2015-04-26,38.0
2015-04-27,43.0
2015-04-28,50.0
2015-04-29,53.0
2015-04-30,52.0
2015-05-01,53.0
2015-05-02,49.0
2015-05-03,48.0
2015-05-04,48.0
2015-05-05,49.0
2015-05-06,45.0
2015-05-07,39.0
2015-05-08,39.0
2015-05-09,46.0
2015-05-10,47.0
2015-05-11,48.0
2015-05-12,45.0
2015-05-13,42.0
2015-05-14,45.0
2015-05-15,43.0
2015-05-16,40.0
2015-05-17,46.0
2015-05-18,46.0
2015-05-19,43.0
2015-05-20,46.0
2015-05-21,48.0
2015-05-22,51.0
2015-05-23,50.0
2015-05-24,47.0
2015-05-25,52.0
2015-05-26,54.0
2015-05-27,53.0
2015-05-28,54.0
2015-05-29,55.0
2015-05-30,59.0
2015-05-31,59.0
2015-06-01,51.0
2015-06-02,52.0
2015-06-03,54.0
2015-06-04,51.0
2015-06-05,52.0
2015-06-06,52.0
2015-06-07,55.0
2015-06-08,62.0
2015-06-09,64.0
2015-06-10,61.0
2015-06-11,58.0
2015-06-12,63.0
2015-06-13,64.0
2015-06-14,64.0
2015-06-15,61.0
2015-06-16,58.0
2015-06-17,60.0
2015-06-18,60.0
2015-06-19,60.0
2015-06-20,60.0
2015-06-21,61.0
2015-06-22,58.0
2015-06-23,56.0
2015-06-24,61.0
2015-06-25,65.0
2015-06-26,68.0
2015-06-27,67.0
2015-06-28,69.0
2015-06-29,70.0
2015-06-30,70.0
2015-07-01,72.0
2015-07-02,67.0
2015-07-03,68.0
2015-07-04,69.0
2015-07-05,68.0
2015-07-06,65.0
2015-07-07,63.0
2015-07-08,61.0
2015-07-09,58.0
2015-07-10,56.0
2015-07-11,56.0
2015-07-12,61.0
2015-07-13,65.0
2015-07-14,60.0
2015-07-15,61.0
2015-07-16,63.0
2015-07-17,65.0
2015-07-18,63.0
2015-07-19,62.0
2015-07-20,63.0
2015-07-21,64.0
2015-07-22,64.0
2015-07-23,61.0
2015-07-24,60.0
2015-07-25,59.0
2015-07-26,60.0
2015-07-27,59.0
2015-07-28,61.0
2015-07-29,66.0
2015-07-30,69.0
2015-07-31,72.0
2015-08-01,65.0
2015-08-02,66.0
2015-08-03,64.0
2015-08-04,61.0
2015-08-05,59.0
2015-08-06,64.0
2015-08-07,60.0
2015-08-08,59.0
2015-08-09,62.0
2015-08-10,62.0
2015-08-11,60.0
2015-08-12,59.0
2015-08-13,60.0
2015-08-14,61.0
2015-08-15,63.0
2015-08-16,68.0
2015-08-17,68.0
2015-08-18,68.0
2015-08-19,65.0
2015-08-20,62.0
2015-08-21,62.0
2015-08-22,62.0
2015-08-23,63.0
2015-08-24,64.0
2015-08-25,64.0
2015-08-26,68.0
2015-08-27,65.0
2015-08-28,66.0
2015-08-29,65.0
2015-08-30,61.0
2015-08-31,57.0
2015-09-01,58.0
2015-09-02,61.0
2015-09-03,56.0
2015-09-04,55.0
2015-09-05,53.0
2015-09-06,54.0
2015-09-07,57.0
2015-09-08,61.0
2015-09-09,64.0
2015-09-10,67.0
2015-09-11,68.0
2015-09-12,68.0
2015-09-13,65.0
2015-09-14,61.0
2015-09-15,60.0
2015-09-16,51.0
2015-09-17,48.0
2015-09-18,51.0
2015-09-19,54.0
2015-09-20,60.0
2015-09-21,64.0
2015-09-22,63.0
2015-09-23,60.0
2015-09-24,59.0
2015-09-25,62.0
2015-09-26,64.0
2015-09-27,62.0
2015-09-28,63.0
2015-09-29,61.0
2015-09-30,59.0
2015-10-01,53.0
2015-10-02,50.0
2015-10-03,51.0
2015-10-04,47.0
2015-10-05,46.0
2015-10-06,51.0
2015-10-07,52.0
2015-10-08,58.0
2015-10-09,60.0
2015-10-10,58.0
2015-10-11,60.0
2015-10-12,60.0
2015-10-13,62.0
2015-10-14,61.0
2015-10-15,58.0
2015-10-16,57.0
2015-10-17,58.0
2015-10-18,50.0
2015-10-19,46.0
2015-10-20,45.0
2015-10-21,46.0
2015-10-22,49.0
2015-10-23,50.0
2015-10-24,51.0
2015-10-25,51.0
2015-10-26,49.0
2015-10-27,52.0
2015-10-28,46.0
2015-10-29,44.0
2015-10-30,40.0
2015-10-31,46.0
2015-11-01,51.0
2015-11-02,42.0
2015-11-03,39.0
2015-11-04,34.0
2015-11-05,33.0
2015-11-06,35.0
2015-11-07,39.0
2015-11-08,41.0
2015-11-09,32.0
2015-11-10,32.0
2015-11-11,31.0
2015-11-12,32.0
2015-11-13,38.0
2015-11-14,41.0
2015-11-15,33.0
2015-11-16,29.0
2015-11-17,29.0
2015-11-18,34.0
2015-11-19,37.0
2015-11-20,39.0
2015-11-21,44.0
2015-11-22,45.0
2015-11-23,42.0
2015-11-24,33.0
2015-11-25,29.0
2015-11-26,27.0
2015-11-27,28.0
2015-11-28,28.0
2015-11-29,29.0
2015-11-30,29.0
2015-12-01,33.0
2015-12-02,37.0
2015-12-03,41.0
2015-12-04,35.0
2015-12-05,33.0
2015-12-06,42.0
2015-12-07,41.0
2015-12-08,39.0
2015-12-09,39.0
2015-12-10,39.0
2015-12-11,31.0
2015-12-12,30.0
2015-12-13,30.0
2015-12-14,27.0
2015-12-15,25.0
2015-12-16,26.0
2015-12-17,29.0
2015-12-18,32.0
2015-12-19,36.0
2015-12-20,31.0
2015-12-21,40.0
2015-12-22,38.0
2015-12-23,36.0
2015-12-24,31.0
2015-12-25,25.0
2015-12-26,26.0
2015-12-27,27.0
2015-12-28,30.0
2015-12-29,26.0
2015-12-30,27.0
2015-12-31,27.0
2016-01-01,26.0
2016-01-02,36.0
2016-01-03,38.0
2016-01-04,37.0
2016-01-05,34.0
2016-01-06,34.0
2016-01-07,32.0
2016-01-08,29.0
2016-01-09,35.0
2016-01-10,35.0
2016-01-11,33.0
2016-01-12,34.0
2016-01-13,36.0
2016-01-14,33.0
2016-01-15,38.0
2016-01-16,38.0
2016-01-17,37.0
2016-01-18,38.0
2016-01-19,39.0
2016-01-20,39.0
2016-01-21,38.0
2016-01-22,44.0
2016-01-23,35.0
2016-01-24,33.0
2016-01-25,33.0
2016-01-26,32.0
2016-01-27,38.0
2016-01-28,35.0
2016-01-29,45.0
2016-01-30,42.0
2016-01-31,32.0
2016-02-01,26.0
2016-02-02,27.0
2016-02-03,28.0
2016-02-04,33.0
2016-02-05,33.0
2016-02-06,36.0
2016-02-07,37.0
2016-02-08,44.0
2016-02-09,44.0
2016-02-10,45.0
2016-02-11,44.0
2016-02-12,44.0
2016-02-13,42.0
2016-02-14,40.0
2016-02-15,43.0
2016-02-16,47.0
2016-02-17,47.0
2016-02-18,36.0
2016-02-19,34.0
2016-02-20,33.0
2016-02-21,34.0
2016-02-22,35.0
2016-02-23,36.0
2016-02-24,42.0
2016-02-25,44.0
2016-02-26,45.0
2016-02-27,42.0
2016-02-28,42.0
2016-02-29,39.0
2016-03-01,45.0
2016-03-02,44.0
2016-03-03,45.0
2016-03-04,44.0
2016-03-05,47.0
2016-03-06,41.0
2016-03-07,35.0
2016-03-08,32.0
2016-03-09,38.0
2016-03-10,43.0
2016-03-11,37.0
2016-03-12,35.0
2016-03-13,42.0
2016-03-14,42.0
2016-03-15,39.0
2016-03-16,41.0
2016-03-17,44.0
2016-03-18,45.0
2016-03-19,45.0
2016-03-20,46.0
2016-03-21,44.0
2016-03-22,35.0
2016-03-23,32.0
2016-03-24,40.0
2016-03-25,42.0
2016-03-26,44.0
2016-03-27,45.0
2016-03-28,32.0
2016-03-29,29.0
2016-03-30,34.0
2016-03-31,38.0
2016-04-01,43.0
2016-04-02,45.0
2016-04-03,47.0
2016-04-04,47.0
2016-04-05,47.0
2016-04-06,47.0
2016-04-07,51.0
2016-04-08,52.0
2016-04-09,48.0
2016-04-10,48.0
2016-04-11,44.0
2016-04-12,48.0
2016-04-13,43.0
2016-04-14,39.0
2016-04-15,35.0
2016-04-16,36.0
2016-04-17,44.0
2016-04-18,49.0
2016-04-19,51.0
2016-04-20,48.0
2016-04-21,48.0
2016-04-22,40.0
2016-04-23,35.0
2016-04-24,43.0
2016-04-25,37.0
2016-04-26,37.0
2016-04-27,42.0
2016-04-28,36.0
2016-04-29,42.0
2016-04-30,49.0
2016-05-01,46.0
2016-05-02,47.0
2016-05-03,51.0
2016-05-04,53.0
2016-05-05,47.0
2016-05-06,47.0
2016-05-07,46.0
2016-05-08,45.0
2016-05-09,53.0
2016-05-10,51.0
2016-05-11,53.0
2016-05-12,55.0
2016-05-13,56.0
2016-05-14,51.0
2016-05-15,48.0
2016-05-16,49.0
2016-05-17,51.0
2016-05-18,50.0
2016-05-19,53.0
2016-05-20,39.0
2016-05-21,38.0
2016-05-22,39.0
2016-05-23,42.0
2016-05-24,46.0
2016-05-25,47.0
2016-05-26,46.0
2016-05-27,51.0
2016-05-28,54.0
2016-05-29,55.0
2016-05-30,56.0
2016-05-31,58.0
2016-06-01,61.0
2016-06-02,59.0
2016-06-03,61.0
2016-06-04,63.0
2016-06-05,63.0
2016-06-06,62.0
2016-06-07,63.0
2016-06-08,62.0
2016-06-09,59.0
2016-06-10,57.0
2016-06-11,55.0
2016-06-12,58.0
2016-06-13,54.0
2016-06-14,52.0
2016-06-15,47.0
2016-06-16,44.0
2016-06-17,49.0
2016-06-18,53.0
2016-06-19,55.0
2016-06-20,64.0
2016-06-21,64.0
2016-06-22,63.0
2016-06-23,61.0
2016-06-24,57.0
2016-06-25,58.0
2016-06-26,63.0
2016-06-27,67.0
2016-06-28,68.0
2016-06-29,69.0
2016-06-30,65.0
2016-07-01,65.0
2016-07-02,65.0
2016-07-03,64.0
2016-07-04,64.0
2016-07-05,61.0
2016-07-06,59.0
2016-07-07,58.0
2016-07-08,60.0
2016-07-09,60.0
2016-07-10,58.0
2016-07-11,54.0
2016-07-12,57.0
2016-07-13,60.0
2016-07-14,63.0
2016-07-15,65.0
2016-07-16,65.0
2016-07-17,63.0
2016-07-18,60.0
2016-07-19,59.0
2016-07-20,60.0
2016-07-21,62.0
2016-07-22,63.0
2016-07-23,61.0
2016-07-24,64.0
2016-07-25,66.0
2016-07-26,67.0
2016-07-27,69.0
2016-07-28,71.0
2016-07-29,71.0
2016-07-30,71.0
2016-07-31,68.0
2016-08-01,67.0
2016-08-02,67.0
2016-08-03,65.0
2016-08-04,65.0
2016-08-05,62.0
2016-08-06,59.0
2016-08-07,60.0
2016-08-08,59.0
2016-08-09,59.0
2016-08-10,60.0
2016-08-11,61.0
2016-08-12,61.0
2016-08-13,65.0
2016-08-14,67.0
2016-08-15,66.0
2016-08-16,65.0
2016-08-17,64.0
2016-08-18,64.0
2016-08-19,64.0
2016-08-20,66.0
2016-08-21,64.0
2016-08-22,64.0
2016-08-23,63.0
2016-08-24,62.0
2016-08-25,61.0
2016-08-26,61.0
2016-08-27,59.0
2016-08-28,60.0
2016-08-29,61.0
2016-08-30,61.0
2016-08-31,60.0
2016-09-01,61.0
2016-09-02,59.0
2016-09-03,56.0
2016-09-04,47.0
2016-09-05,48.0
2016-09-06,55.0
2016-09-07,58.0
2016-09-08,60.0
2016-09-09,60.0
2016-09-10,62.0
2016-09-11,63.0
2016-09-12,52.0
2016-09-13,43.0
2016-09-14,45.0
2016-09-15,52.0
2016-09-16,55.0
2016-09-17,57.0
2016-09-18,61.0
2016-09-19,61.0
2016-09-20,61.0
2016-09-21,52.0
2016-09-22,41.0
2016-09-23,42.0
2016-09-24,48.0
2016-09-25,54.0
2016-09-26,58.0
2016-09-27,60.0
2016-09-28,60.0
2016-09-29,58.0
2016-09-30,56.0
2016-10-01,48.0
2016-10-02,43.0
2016-10-03,41.0
2016-10-04,42.0
2016-10-05,42.0
2016-10-06,43.0
2016-10-07,49.0
2016-10-08,52.0
2016-10-09,53.0
2016-10-10,54.0
2016-10-11,51.0
2016-10-12,50.0
2016-10-13,49.0
2016-10-14,50.0
2016-10-15,51.0
2016-10-16,54.0
2016-10-17,47.0
2016-10-18,45.0
2016-10-19,44.0
2016-10-20,48.0
2016-10-21,49.0
2016-10-22,49.0
2016-10-23,53.0
2016-10-24,47.0
2016-10-25,48.0
2016-10-26,48.0
2016-10-27,52.0
2016-10-28,49.0
2016-10-29,48.0
2016-10-30,45.0
2016-10-31,41.0
2016-11-01,44.0
2016-11-02,41.0
2016-11-03,42.0
2016-11-04,48.0
2016-11-05,47.0
2016-11-06,46.0
2016-11-07,47.0
2016-11-08,48.0
2016-11-09,52.0
2016-11-10,53.0
2016-11-11,52.0
2016-11-12,50.0
2016-11-13,47.0
2016-11-14,47.0
2016-11-15,45.0
2016-11-16,34.0
2016-11-17,32.0
2016-11-18,36.0
2016-11-19,44.0
2016-11-20,45.0
2016-11-21,37.0
2016-11-22,35.0
2016-11-23,36.0
2016-11-24,33.0
2016-11-25,37.0
2016-11-26,32.0
2016-11-27,33.0
2016-11-28,38.0
2016-11-29,35.0
2016-11-30,34.0
2016-12-01,34.0
2016-12-02,31.0
2016-12-03,31.0
2016-12-04,35.0
2016-12-05,34.0
2016-12-06,30.0
2016-12-07,28.0
2016-12-08,40.0
2016-12-09,45.0
2016-12-10,48.0
2016-12-11,46.0
2016-12-12,44.0
2016-12-13,44.0
2016-12-14,40.0
2016-12-15,46.0
2016-12-16,29.0
2016-12-17,26.0
2016-12-18,27.0
2016-12-19,29.0
2016-12-20,36.0
2016-12-21,37.0
2016-12-22,34.0
2016-12-23,36.0
2016-12-24,29.0
2016-12-25,25.0
2016-12-26,28.0
2016-12-27,33.0
2016-12-28,35.0
2016-12-29,41.0
2016-12-30,34.0
2016-12-31,33.0
2017-01-01,35.0
2017-01-02,31.0
2017-01-03,34.0
2017-01-04,42.0
2017-01-05,33.0
2017-01-06,29.0
2017-01-07,44.0
2017-01-08,50.0
2017-01-09,42.0
2017-01-10,42.0
2017-01-11,41.0
2017-01-12,33.0
2017-01-13,31.0
2017-01-14,32.0
2017-01-15,29.0
2017-01-16,31.0
2017-01-17,34.0
2017-01-18,38.0
2017-01-19,39.0
2017-01-20,32.0
2017-01-21,32.0
2017-01-22,32.0
2017-01-23,31.0
2017-01-24,27.0
2017-01-25,26.0
2017-01-26,30.0
2017-01-27,29.0
2017-01-28,33.0
2017-01-29,35.0
2017-01-30,37.0
2017-01-31,38.0
2017-02-01,40.0
2017-02-02,44.0
2017-02-03,
2017-02-04,39.0
2017-02-05,37.0
2017-02-06,43.0
2017-02-07,43.0
2017-02-08,48.0
2017-02-09,49.0
2017-02-10,41.0
2017-02-11,36.0
2017-02-12,36.0
2017-02-13,35.0
2017-02-14,39.0
2017-02-15,42.0
2017-02-16,44.0
2017-02-17,44.0
2017-02-18,42.0
2017-02-19,43.0
2017-02-20,45.0
2017-02-21,41.0
2017-02-22,30.0
2017-02-23,27.0
2017-02-24,26.0
2017-02-25,29.0
2017-02-26,28.0
2017-02-27,32.0
2017-02-28,30.0
2017-03-01,31.0
2017-03-02,35.0
2017-03-03,37.0
2017-03-04,37.0
2017-03-05,27.0
2017-03-06,25.0
2017-03-07,32.0
2017-03-08,35.0
2017-03-09,40.0
2017-03-10,44.0
2017-03-11,42.0
2017-03-12,46.0
2017-03-13,45.0
2017-03-14,49.0
2017-03-15,49.0
2017-03-16,49.0
2017-03-17,47.0
2017-03-18,49.0
2017-03-19,49.0
2017-03-20,51.0
2017-03-21,49.0
2017-03-22,39.0
2017-03-23,33.0
2017-03-24,41.0
2017-03-25,43.0
2017-03-26,40.0
2017-03-27,38.0
2017-03-28,37.0
2017-03-29,39.0
2017-03-30,36.0
2017-03-31,36.0
2017-04-01,38.0
2017-04-02,45.0
2017-04-03,47.0
2017-04-04,45.0
2017-04-05,48.0
2017-04-06,48.0
2017-04-07,44.0
2017-04-08,32.0
2017-04-09,31.0
2017-04-10,36.0
2017-04-11,44.0
2017-04-12,43.0
2017-04-13,38.0
2017-04-14,34.0
2017-04-15,38.0
2017-04-16,42.0
2017-04-17,49.0
2017-04-18,44.0
2017-04-19,42.0
2017-04-20,41.0
2017-04-21,43.0
2017-04-22,48.0
2017-04-23,45.0
2017-04-24,45.0
2017-04-25,41.0
2017-04-26,47.0
2017-04-27,45.0
2017-04-28,42.0
2017-04-29,41.0
2017-04-30,47.0
2017-05-01,52.0
2017-05-02,54.0
2017-05-03,57.0
2017-05-04,59.0
2017-05-05,52.0
2017-05-06,46.0
2017-05-07,42.0
2017-05-08,46.0
2017-05-09,48.0
2017-05-10,52.0
2017-05-11,49.0
2017-05-12,39.0
2017-05-13,36.0
2017-05-14,39.0
2017-05-15,44.0
2017-05-16,42.0
2017-05-17,43.0
2017-05-18,42.0
2017-05-19,47.0
2017-05-20,53.0
2017-05-21,56.0
2017-05-22,57.0
2017-05-23,58.0
2017-05-24,59.0
2017-05-25,51.0
2017-05-26,43.0
2017-05-27,49.0
2017-05-28,52.0
2017-05-29,57.0
2017-05-30,58.0
2017-05-31,52.0
2017-06-01,49.0
2017-06-02,56.0
2017-06-03,60.0
2017-06-04,60.0
2017-06-05,57.0
2017-06-06,56.0
2017-06-07,57.0
2017-06-08,52.0
2017-06-09,56.0
2017-06-10,48.0
2017-06-11,38.0
2017-06-12,35.0
2017-06-13,44.0
2017-06-14,52.0
2017-06-15,58.0
2017-06-16,60.0
2017-06-17,64.0
2017-06-18,67.0
2017-06-19,72.0
2017-06-20,70.0
2017-06-21,70.0
2017-06-22,70.0
2017-06-23,72.0
2017-06-24,67.0
2017-06-25,68.0
2017-06-26,63.0
2017-06-27,60.0
2017-06-28,60.0
2017-06-29,60.0
2017-06-30,62.0
2017-07-01,63.0
2017-07-02,63.0
2017-07-03,64.0
2017-07-04,65.0
2017-07-05,65.0
2017-07-06,69.0
2017-07-07,68.0
2017-07-08,71.0
2017-07-09,71.0
2017-07-10,70.0
2017-07-11,67.0
2017-07-12,63.0
2017-07-13,66.0
2017-07-14,67.0
2017-07-15,66.0
2017-07-16,68.0
2017-07-17,67.0
2017-07-18,64.0
2017-07-19,63.0
2017-07-20,62.0
2017-07-21,62.0
2017-07-22,64.0
2017-07-23,67.0
2017-07-24,66.0
2017-07-25,65.0
2017-07-26,65.0
2017-07-27,67.0
2017-07-28,66.0
2017-07-29,67.0
2017-07-30,67.0
2017-07-31,68.0
2017-08-01,70.0
2017-08-02,71.0
2017-08-03,74.0
2017-08-04,72.0
2017-08-05,67.0
2017-08-06,65.0
2017-08-07,64.0
2017-08-08,65.0
2017-08-09,64.0
2017-08-10,64.0
2017-08-11,64.0
2017-08-12,63.0
2017-08-13,63.0
2017-08-14,62.0
2017-08-15,56.0
2017-08-16,58.0
2017-08-17,62.0
2017-08-18,66.0
2017-08-19,67.0
2017-08-20,67.0
2017-08-21,63.0
2017-08-22,62.0
2017-08-23,64.0
2017-08-24,64.0
2017-08-25,65.0
2017-08-26,68.0
2017-08-27,69.0
2017-08-28,70.0
2017-08-29,74.0
2017-08-30,73.0
2017-08-31,68.0
2017-09-01,69.0
2017-09-02,70.0
2017-09-03,70.0
2017-09-04,70.0
2017-09-05,66.0
2017-09-06,65.0
2017-09-07,62.0
2017-09-08,60.0
2017-09-09,60.0
2017-09-10,62.0
2017-09-11,63.0
2017-09-12,63.0
2017-09-13,58.0
2017-09-14,54.0
2017-09-15,56.0
2017-09-16,54.0
2017-09-17,56.0
2017-09-18,55.0
2017-09-19,50.0
2017-09-20,49.0
2017-09-21,42.0
2017-09-22,40.0
2017-09-23,43.0
2017-09-24,46.0
2017-09-25,49.0
2017-09-26,50.0
2017-09-27,51.0
2017-09-28,56.0
2017-09-29,55.0
2017-09-30,53.0
2017-10-01,50.0
2017-10-02,45.0
2017-10-03,42.0
2017-10-04,40.0
2017-10-05,45.0
2017-10-06,47.0
2017-10-07,52.0
2017-10-08,52.0
2017-10-09,45.0
2017-10-10,48.0
2017-10-11,49.0
2017-10-12,43.0
2017-10-13,42.0
2017-10-14,43.0
2017-10-15,48.0
2017-10-16,51.0
2017-10-17,53.0
2017-10-18,52.0
2017-10-19,50.0
2017-10-20,39.0
2017-10-21,38.0
2017-10-22,44.0
2017-10-23,47.0
2017-10-24,55.0
2017-10-25,57.0
2017-10-26,55.0
2017-10-27,55.0
2017-10-28,55.0
2017-10-29,53.0
2017-10-30,49.0
2017-10-31,41.0
2017-11-01,40.0
2017-11-02,42.0
2017-11-03,47.0
2017-11-04,46.0
2017-11-05,39.0
2017-11-06,36.0
2017-11-07,33.0
2017-11-08,42.0
2017-11-09,43.0
2017-11-10,43.0
2017-11-11,40.0
2017-11-12,40.0
2017-11-13,38.0
2017-11-14,43.0
2017-11-15,43.0
2017-11-16,51.0
2017-11-17,40.0
2017-11-18,37.0
2017-11-19,39.0
2017-11-20,45.0
2017-11-21,48.0
2017-11-22,55.0
2017-11-23,54.0
2017-11-24,48.0
2017-11-25,45.0
2017-11-26,51.0
2017-11-27,36.0
2017-11-28,34.0
2017-11-29,36.0
2017-11-30,38.0
2017-12-01,36.0
2017-12-02,39.0
2017-12-03,35.0
2017-12-04,33.0
2017-12-05,30.0
2017-12-06,34.0
2017-12-07,39.0
2017-12-08,38.0
2017-12-09,41.0
2017-12-10,40.0
2017-12-11,41.0
2017-12-12,40.0
2017-12-13,39.0
2017-12-14,35.0
2017-12-15,44.0
2017-12-16,32.0
2017-12-17,30.0
2017-12-18,36.0
2017-12-19,38.0
2017-12-20,28.0
2017-12-21,25.0
2017-12-22,29.0
2017-12-23,35.0
2017-12-24,40.0
2017-12-25,39.0
2017-12-26,40.0
2017-12-27,38.0
2017-12-28,33.0
2017-12-29,43.0
2017-12-30,43.0
2017-12-31,44.0
2018-01-01,42.0
2018-01-02,46.0
2018-01-03,48.0
2018-01-04,47.0
2018-01-05,47.0
2018-01-06,41.0
2018-01-07,39.0
2018-01-08,47.0
2018-01-09,43.0
2018-01-10,38.0
2018-01-11,37.0
2018-01-12,39.0
2018-01-13,39.0
2018-01-14,45.0
2018-01-15,47.0
2018-01-16,43.0
2018-01-17,42.0
2018-01-18,46.0
2018-01-19,34.0
2018-01-20,31.0
2018-01-21,28.0
2018-01-22,32.0
2018-01-23,34.0
2018-01-24,37.0
2018-01-25,31.0
2018-01-26,28.0
2018-01-27,32.0
2018-01-28,36.0
2018-01-29,44.0
2018-01-30,45.0
2018-01-31,42.0
2018-02-01,42.0
2018-02-02,43.0
2018-02-03,45.0
2018-02-04,44.0
2018-02-05,45.0
2018-02-06,42.0
2018-02-07,45.0
2018-02-08,46.0
2018-02-09,45.0
2018-02-10,38.0
2018-02-11,36.0
2018-02-12,32.0
2018-02-13,30.0
2018-02-14,35.0
2018-02-15,33.0
2018-02-16,34.0
2018-02-17,36.0
2018-02-18,31.0
2018-02-19,21.0
2018-02-20,19.0
2018-02-21,24.0
2018-02-22,27.0
2018-02-23,23.0
2018-02-24,25.0
2018-02-25,28.0
2018-02-26,31.0
2018-02-27,32.0
2018-02-28,31.0
2018-03-01,37.0
2018-03-02,36.0
2018-03-03,32.0
2018-03-04,28.0
2018-03-05,30.0
2018-03-06,35.0
2018-03-07,42.0
2018-03-08,40.0
2018-03-09,44.0
2018-03-10,42.0
2018-03-11,40.0
2018-03-12,47.0
2018-03-13,44.0
2018-03-14,37.0
2018-03-15,32.0
2018-03-16,33.0
2018-03-17,31.0
2018-03-18,28.0
2018-03-19,32.0
2018-03-20,44.0
2018-03-21,47.0
2018-03-22,43.0
2018-03-23,37.0
2018-03-24,34.0
2018-03-25,33.0
2018-03-26,29.0
2018-03-27,34.0
2018-03-28,40.0
2018-03-29,44.0
2018-03-30,48.0
2018-03-31,50.0
2018-04-01,48.0
2018-04-02,46.0
2018-04-03,46.0
2018-04-04,50.0
2018-04-05,50.0
2018-04-06,53.0
2018-04-07,46.0
2018-04-08,42.0
2018-04-09,43.0
2018-04-10,55.0
2018-04-11,43.0
2018-04-12,32.0
2018-04-13,34.0
2018-04-14,41.0
2018-04-15,48.0
2018-04-16,31.0
2018-04-17,29.0
2018-04-18,36.0
2018-04-19,38.0
2018-04-20,37.0
2018-04-21,46.0
2018-04-22,49.0
2018-04-23,51.0
2018-04-24,52.0
2018-04-25,54.0
2018-04-26,55.0
2018-04-27,45.0
2018-04-28,41.0
2018-04-29,39.0
2018-04-30,39.0
2018-05-01,40.0
2018-05-02,42.0
2018-05-03,46.0
2018-05-04,50.0
2018-05-05,54.0
2018-05-06,53.0
2018-05-07,54.0
2018-05-08,56.0
2018-05-09,55.0
2018-05-10,54.0
2018-05-11,53.0
2018-05-12,45.0
2018-05-13,47.0
2018-05-14,48.0
2018-05-15,50.0
2018-05-16,45.0
2018-05-17,44.0
2018-05-18,50.0
2018-05-19,54.0
2018-05-20,52.0
2018-05-21,48.0
2018-05-22,52.0
2018-05-23,53.0
2018-05-24,53.0
2018-05-25,47.0
2018-05-26,43.0
2018-05-27,46.0
2018-05-28,53.0
2018-05-29,59.0
2018-05-30,54.0
2018-05-31,45.0
2018-06-01,46.0
2018-06-02,53.0
2018-06-03,60.0
2018-06-04,60.0
2018-06-05,57.0
2018-06-06,55.0
2018-06-07,52.0
2018-06-08,53.0
2018-06-09,51.0
2018-06-10,46.0
2018-06-11,51.0
2018-06-12,58.0
2018-06-13,62.0
2018-06-14,62.0
2018-06-15,60.0
2018-06-16,52.0
2018-06-17,45.0
2018-06-18,49.0
2018-06-19,56.0
2018-06-20,61.0
2018-06-21,62.0
2018-06-22,60.0
2018-06-23,63.0
2018-06-24,65.0
2018-06-25,64.0
2018-06-26,64.0
2018-06-27,64.0
2018-06-28,59.0
2018-06-29,58.0
2018-06-30,61.0
2018-07-01,66.0
2018-07-02,67.0
2018-07-03,64.0
2018-07-04,60.0
2018-07-05,59.0
2018-07-06,66.0
2018-07-07,66.0
2018-07-08,68.0
2018-07-09,66.0
2018-07-10,65.0
2018-07-11,66.0
2018-07-12,70.0
2018-07-13,73.0
2018-07-14,70.0
2018-07-15,70.0
2018-07-16,70.0
2018-07-17,69.0
2018-07-18,70.0
2018-07-19,71.0
2018-07-20,72.0
2018-07-21,65.0
2018-07-22,69.0
2018-07-23,70.0
2018-07-24,70.0
2018-07-25,70.0
2018-07-26,72.0
2018-07-27,70.0
2018-07-28,68.0
2018-07-29,70.0
2018-07-30,69.0
2018-07-31,70.0
2018-08-01,71.0
2018-08-02,70.0
2018-08-03,66.0
2018-08-04,66.0
2018-08-05,62.0
2018-08-06,61.0
2018-08-07,62.0
2018-08-08,65.0
2018-08-09,67.0
2018-08-10,67.0
2018-08-11,67.0
2018-08-12,66.0
2018-08-13,66.0
2018-08-14,66.0
2018-08-15,65.0
2018-08-16,66.0
2018-08-17,65.0
2018-08-18,67.0
2018-08-19,67.0
2018-08-20,66.0
2018-08-21,59.0
2018-08-22,60.0
2018-08-23,61.0
2018-08-24,59.0
2018-08-25,58.0
2018-08-26,60.0
2018-08-27,59.0
2018-08-28,58.0
2018-08-29,59.0
2018-08-30,58.0
2018-08-31,55.0
2018-09-01,56.0
2018-09-02,60.0
2018-09-03,65.0
2018-09-04,65.0
2018-09-05,64.0
2018-09-06,65.0
2018-09-07,64.0
2018-09-08,64.0
2018-09-09,61.0
2018-09-10,60.0
2018-09-11,59.0
2018-09-12,55.0
2018-09-13,49.0
2018-09-14,53.0
2018-09-15,56.0
2018-09-16,53.0
2018-09-17,52.0
2018-09-18,53.0
2018-09-19,53.0
2018-09-20,53.0
2018-09-21,57.0
2018-09-22,58.0
2018-09-23,59.0
2018-09-24,57.0
2018-09-25,57.0
2018-09-26,61.0
2018-09-27,62.0
2018-09-28,62.0
2018-09-29,51.0
2018-09-30,49.0
2018-10-01,52.0
2018-10-02,60.0
2018-10-03,57.0
2018-10-04,52.0
2018-10-05,48.0
2018-10-06,50.0
2018-10-07,46.0
2018-10-08,45.0
2018-10-09,50.0
2018-10-10,48.0
2018-10-11,43.0
2018-10-12,47.0
2018-10-13,49.0
2018-10-14,48.0
2018-10-15,48.0
2018-10-16,45.0
2018-10-17,45.0
2018-10-18,48.0
2018-10-19,49.0
2018-10-20,49.0
2018-10-21,50.0
2018-10-22,51.0
2018-10-23,49.0
2018-10-24,49.0
2018-10-25,49.0
2018-10-26,50.0
2018-10-27,51.0
2018-10-28,52.0
2018-10-29,46.0
2018-10-30,42.0
2018-10-31,42.0
2018-11-01,46.0
2018-11-02,47.0
2018-11-03,47.0
2018-11-04,50.0
2018-11-05,47.0
2018-11-06,45.0
2018-11-07,45.0
2018-11-08,43.0
2018-11-09,39.0
2018-11-10,39.0
2018-11-11,36.0
2018-11-12,38.0
2018-11-13,41.0
2018-11-14,40.0
2018-11-15,41.0
2018-11-16,44.0
2018-11-17,43.0
2018-11-18,41.0
2018-11-19,42.0
2018-11-20,41.0
2018-11-21,39.0
2018-11-22,40.0
2018-11-23,44.0
2018-11-24,48.0
2018-11-25,42.0
2018-11-26,41.0
2018-11-27,44.0
2018-11-28,47.0
2018-11-29,42.0
2018-11-30,36.0
2018-12-01,32.0
2018-12-02,30.0
2018-12-03,31.0
2018-12-04,41.0
2018-12-05,44.0
2018-12-06,42.0
2018-12-07,39.0
2018-12-08,35.0
2018-12-09,37.0
2018-12-10,37.0
2018-12-11,32.0
2018-12-12,32.0
2018-12-13,34.0
2018-12-14,38.0
2018-12-15,38.0
2018-12-16,41.0
2018-12-17,42.0
2018-12-18,37.0
2018-12-19,37.0
2018-12-20,38.0
2018-12-21,41.0
2018-12-22,38.0
2018-12-23,39.0
2018-12-24,36.0
2018-12-25,34.0
2018-12-26,31.0
2018-12-27,34.0
2018-12-28,30.0
2018-12-29,28.0
2018-12-30,31.0
2018-12-31,31.0
2019-01-01,25.0
2019-01-02,28.0
2019-01-03,33.0
2019-01-04,35.0
2019-01-05,37.0
2019-01-06,33.0
2019-01-07,44.0
2019-01-08,44.0
2019-01-09,42.0
2019-01-10,36.0
2019-01-11,35.0
2019-01-12,38.0
2019-01-13,35.0
2019-01-14,37.0
2019-01-15,40.0
2019-01-16,44.0
2019-01-17,43.0
2019-01-18,40.0
2019-01-19,40.0
2019-01-20,36.0
2019-01-21,32.0
2019-01-22,29.0
2019-01-23,34.0
2019-01-24,33.0
2019-01-25,37.0
2019-01-26,39.0
2019-01-27,43.0
2019-01-28,43.0
2019-01-29,43.0
2019-01-30,40.0
2019-01-31,43.0
2019-02-01,41.0
2019-02-02,39.0
2019-02-03,39.0
2019-02-04,32.0
2019-02-05,20.0
2019-02-06,20.0
2019-02-07,25.0
2019-02-08,27.0
2019-02-09,33.0
2019-02-10,24.0
2019-02-11,21.0
2019-02-12,29.0
2019-02-13,43.0
2019-02-14,38.0
2019-02-15,31.0
2019-02-16,29.0
2019-02-17,24.0
2019-02-18,21.0
2019-02-19,23.0
2019-02-20,30.0
2019-02-21,26.0
2019-02-22,25.0
2019-02-23,28.0
2019-02-24,33.0
2019-02-25,39.0
2019-02-26,41.0
2019-02-27,42.0
2019-02-28,43.0
2019-03-01,42.0
2019-03-02,44.0
2019-03-03,41.0
2019-03-04,42.0
2019-03-05,41.0
2019-03-06,41.0
2019-03-07,36.0
2019-03-08,31.0
2019-03-09,30.0
2019-03-10,31.0
2019-03-11,31.0
2019-03-12,33.0
2019-03-13,31.0
2019-03-14,32.0
2019-03-15,35.0
2019-03-16,37.0
2019-03-17,39.0
2019-03-18,44.0
2019-03-19,45.0
2019-03-20,41.0
2019-03-21,40.0
2019-03-22,37.0
2019-03-23,37.0
2019-03-24,33.0
2019-03-25,38.0
2019-03-26,43.0
2019-03-27,44.0
2019-03-28,38.0
2019-03-29,36.0
2019-03-30,38.0
2019-03-31,42.0
2019-04-01,44.0
2019-04-02,42.0
2019-04-03,39.0
2019-04-04,43.0
2019-04-05,41.0
2019-04-06,41.0
2019-04-07,46.0
2019-04-08,51.0
2019-04-09,37.0
2019-04-10,34.0
2019-04-11,39.0
2019-04-12,37.0
2019-04-13,41.0
2019-04-14,46.0
2019-04-15,46.0
2019-04-16,44.0
2019-04-17,40.0
2019-04-18,45.0
2019-04-19,51.0
2019-04-20,45.0
2019-04-21,42.0
2019-04-22,43.0
2019-04-23,47.0
2019-04-24,53.0
2019-04-25,56.0
2019-04-26,56.0
2019-04-27,55.0
2019-04-28,51.0
2019-04-29,49.0
2019-04-30,44.0
2019-05-01,45.0
2019-05-02,45.0
2019-05-03,49.0
2019-05-04,49.0
2019-05-05,50.0
2019-05-06,47.0
2019-05-07,47.0
2019-05-08,50.0
2019-05-09,49.0
2019-05-10,47.0
2019-05-11,47.0
2019-05-12,52.0
2019-05-13,53.0
2019-05-14,52.0
2019-05-15,51.0
2019-05-16,43.0
2019-05-17,42.0
2019-05-18,41.0
2019-05-19,36.0
2019-05-20,34.0
2019-05-21,43.0
2019-05-22,42.0
2019-05-23,48.0
2019-05-24,49.0
2019-05-25,48.0
2019-05-26,40.0
2019-05-27,40.0
2019-05-28,47.0
2019-05-29,47.0
2019-05-30,51.0
2019-05-31,54.0
2019-06-01,50.0
2019-06-02,55.0
2019-06-03,54.0
2019-06-04,59.0
2019-06-05,63.0
2019-06-06,56.0
2019-06-07,51.0
2019-06-08,49.0
2019-06-09,53.0
2019-06-10,60.0
2019-06-11,62.0
2019-06-12,65.0
2019-06-13,63.0
2019-06-14,60.0
2019-06-15,61.0
2019-06-16,61.0
2019-06-17,61.0
2019-06-18,61.0
2019-06-19,66.0
2019-06-20,58.0
2019-06-21,57.0
2019-06-22,55.0
2019-06-23,59.0
2019-06-24,61.0
2019-06-25,59.0
2019-06-26,56.0
2019-06-27,52.0
2019-06-28,53.0
2019-06-29,55.0
2019-06-30,58.0
2019-07-01,57.0
2019-07-02,56.0
2019-07-03,56.0
2019-07-04,56.0
2019-07-05,59.0
2019-07-06,61.0
2019-07-07,60.0
2019-07-08,57.0
2019-07-09,56.0
2019-07-10,59.0
2019-07-11,62.0
2019-07-12,64.0
2019-07-13,65.0
2019-07-14,65.0
2019-07-15,63.0
2019-07-16,62.0
2019-07-17,60.0
2019-07-18,63.0
2019-07-19,62.0
2019-07-20,62.0
2019-07-21,63.0
2019-07-22,66.0
2019-07-23,69.0
2019-07-24,69.0
2019-07-25,69.0
2019-07-26,68.0
2019-07-27,67.0
2019-07-28,69.0
2019-07-29,67.0
2019-07-30,64.0
2019-07-31,63.0
2019-08-01,64.0
2019-08-02,62.0
2019-08-03,63.0
2019-08-04,64.0
2019-08-05,66.0
2019-08-06,66.0
2019-08-07,68.0
2019-08-08,62.0
2019-08-09,59.0
2019-08-10,57.0
2019-08-11,56.0
2019-08-12,59.0
2019-08-13,62.0
2019-08-14,66.0
2019-08-15,67.0
2019-08-16,
2019-08-17,64.0
2019-08-18,64.0
2019-08-19,62.0
2019-08-20,61.0
2019-08-21,61.0
2019-08-22,62.0
2019-08-23,66.0
2019-08-24,68.0
2019-08-25,67.0
2019-08-26,67.0
2019-08-27,69.0
2019-08-28,70.0
2019-08-29,65.0
2019-08-30,63.0
2019-08-31,63.0
2019-09-01,63.0
2019-09-02,68.0
2019-09-03,67.0
2019-09-04,67.0
2019-09-05,69.0
2019-09-06,69.0
2019-09-07,55.0
2019-09-08,50.0
2019-09-09,52.0
2019-09-10,50.0
2019-09-11,49.0
2019-09-12,55.0
2019-09-13,60.0
2019-09-14,62.0
2019-09-15,57.0
2019-09-16,49.0
2019-09-17,48.0
2019-09-18,49.0
2019-09-19,51.0
2019-09-20,48.0
2019-09-21,52.0
2019-09-22,54.0
2019-09-23,57.0
2019-09-24,56.0
2019-09-25,60.0
2019-09-26,63.0
2019-09-27,55.0
2019-09-28,44.0
2019-09-29,39.0
2019-09-30,39.0
2019-10-01,38.0
2019-10-02,41.0
2019-10-03,44.0
2019-10-04,45.0
2019-10-05,45.0
2019-10-06,49.0
2019-10-07,57.0
2019-10-08,54.0
2019-10-09,51.0
2019-10-10,44.0
2019-10-11,46.0
2019-10-12,47.0
2019-10-13,47.0
2019-10-14,46.0
2019-10-15,47.0
2019-10-16,50.0
2019-10-17,45.0
2019-10-18,42.0
2019-10-19,42.0
2019-10-20,44.0
2019-10-21,47.0
2019-10-22,50.0
2019-10-23,51.0
2019-10-24,56.0
2019-10-25,54.0
2019-10-26,52.0
2019-10-27,39.0
2019-10-28,37.0
2019-10-29,40.0
2019-10-30,38.0
2019-10-31,37.0
2019-11-01,39.0
2019-11-02,43.0
2019-11-03,45.0
2019-11-04,46.0
2019-11-05,48.0
2019-11-06,49.0
2019-11-07,48.0
2019-11-08,50.0
2019-11-09,48.0
2019-11-10,46.0
2019-11-11,47.0
2019-11-12,50.0
2019-11-13,50.0
2019-11-14,46.0
2019-11-15,43.0
2019-11-16,41.0
2019-11-17,45.0
2019-11-18,51.0
2019-11-19,42.0
2019-11-20,37.0
2019-11-21,37.0
2019-11-22,39.0
2019-11-23,39.0
2019-11-24,39.0
2019-11-25,33.0
2019-11-26,30.0
2019-11-27,32.0
2019-11-28,32.0
2019-11-29,27.0
2019-11-30,25.0
2019-12-01,39.0
2019-12-02,40.0
2019-12-03,40.0
2019-12-04,39.0
2019-12-05,36.0
2019-12-06,37.0
2019-12-07,47.0
2019-12-08,37.0
2019-12-09,35.0
2019-12-10,35.0
2019-12-11,38.0
2019-12-12,45.0
2019-12-13,42.0
2019-12-14,38.0
2019-12-15,31.0
2019-12-16,30.0
2019-12-17,31.0
2019-12-18,36.0
2019-12-19,32.0
2019-12-20,35.0
2019-12-21,43.0
2019-12-22,38.0
2019-12-23,40.0
2019-12-24,35.0
2019-12-25,32.0
2019-12-26,34.0
2019-12-27,33.0
2019-12-28,30.0
2019-12-29,32.0
2019-12-30,33.0
2019-12-31,31.0
2020-01-01,35.0
2020-01-02,32.0
2020-01-03,36.0
2020-01-04,37.0
2020-01-05,35.0
2020-01-06,33.0
2020-01-07,35.0
2020-01-08,31.0
2020-01-09,33.0
2020-01-10,30.0
2020-01-11,33.0
2020-01-12,31.0
2020-01-13,30.0
2020-01-14,31.0
2020-01-15,29.0
2020-01-16,32.0
2020-01-17,28.0
2020-01-18,33.0
2020-01-19,37.0
2020-01-20,45.0
2020-01-21,39.0
2020-01-22,41.0
2020-01-23,37.0
2020-01-24,41.0
2020-01-25,38.0
2020-01-26,40.0
2020-01-27,37.0
2020-01-28,35.0
2020-01-29,34.0
2020-01-30,35.0
2020-01-31,37.0
2020-02-01,42.0
2020-02-02,27.0
2020-02-03,24.0
2020-02-04,24.0
2020-02-05,28.0
2020-02-06,32.0
2020-02-07,35.0
2020-02-08,35.0
2020-02-09,34.0
2020-02-10,33.0
2020-02-11,30.0
2020-02-12,36.0
2020-02-13,37.0
2020-02-14,38.0
2020-02-15,39.0
2020-02-16,41.0
2020-02-17,39.0
2020-02-18,40.0
2020-02-19,38.0
2020-02-20,39.0
2020-02-21,42.0
2020-02-22,42.0
2020-02-23,37.0
2020-02-24,39.0
2020-02-25,38.0
2020-02-26,43.0
2020-02-27,43.0
2020-02-28,48.0
2020-02-29,46.0
2020-03-01,34.0
2020-03-02,37.0
2020-03-03,36.0
2020-03-04,42.0
2020-03-05,45.0
2020-03-06,47.0
2020-03-07,37.0
2020-03-08,35.0
2020-03-09,37.0
2020-03-10,44.0
2020-03-11,44.0
2020-03-12,41.0
2020-03-13,46.0
2020-03-14,43.0
2020-03-15,42.0
2020-03-16,32.0
2020-03-17,31.0
2020-03-18,30.0
2020-03-19,34.0
2020-03-20,31.0
2020-03-21,40.0
2020-03-22,42.0
2020-03-23,40.0
2020-03-24,39.0
2020-03-25,34.0
2020-03-26,31.0
2020-03-27,29.0
2020-03-28,34.0
2020-03-29,38.0
2020-03-30,36.0
2020-03-31,40.0
2020-04-01,40.0
2020-04-02,37.0
2020-04-03,36.0
2020-04-04,38.0
2020-04-05,38.0
2020-04-06,35.0
2020-04-07,38.0
2020-04-08,42.0
2020-04-09,37.0
2020-04-10,36.0
2020-04-11,43.0
2020-04-12,48.0
2020-04-13,42.0
2020-04-14,42.0
2020-04-15,45.0
2020-04-16,48.0
2020-04-17,48.0
2020-04-18,47.0
2020-04-19,43.0
2020-04-20,47.0
2020-04-21,42.0
2020-04-22,44.0
2020-04-23,50.0
2020-04-24,52.0
2020-04-25,54.0
2020-04-26,55.0
2020-04-27,52.0
2020-04-28,54.0
2020-04-29,57.0
2020-04-30,54.0
2020-05-01,50.0
2020-05-02,49.0
2020-05-03,47.0
2020-05-04,45.0
2020-05-05,48.0
2020-05-06,52.0
2020-05-07,51.0
2020-05-08,55.0
2020-05-09,58.0
2020-05-10,56.0
2020-05-11,45.0
2020-05-12,41.0
2020-05-13,46.0
2020-05-14,46.0
2020-05-15,46.0
2020-05-16,49.0
2020-05-17,53.0
2020-05-18,45.0
2020-05-19,38.0
2020-05-20,40.0
2020-05-21,47.0
2020-05-22,50.0
2020-05-23,46.0
2020-05-24,50.0
2020-05-25,54.0
2020-05-26,60.0
2020-05-27,64.0
2020-05-28,63.0
2020-05-29,59.0
2020-05-30,51.0
2020-05-31,48.0
2020-06-01,57.0
2020-06-02,56.0
2020-06-03,60.0
2020-06-04,62.0
2020-06-05,56.0
2020-06-06,47.0
2020-06-07,40.0
2020-06-08,41.0
2020-06-09,50.0
2020-06-10,56.0
2020-06-11,59.0
2020-06-12,46.0
2020-06-13,43.0
2020-06-14,48.0
2020-06-15,55.0
2020-06-16,55.0
2020-06-17,52.0
2020-06-18,55.0
2020-06-19,59.0
2020-06-20,62.0
2020-06-21,62.0
2020-06-22,64.0
2020-06-23,67.0
2020-06-24,68.0
2020-06-25,66.0
2020-06-26,66.0
2020-06-27,69.0
2020-06-28,51.0
2020-06-29,47.0
2020-06-30,55.0
2020-07-01,58.0
2020-07-02,59.0
2020-07-03,59.0
2020-07-04,59.0
2020-07-05,61.0
2020-07-06,62.0
2020-07-07,58.0
2020-07-08,59.0
2020-07-09,61.0
2020-07-10,64.0
2020-07-11,67.0
2020-07-12,69.0
2020-07-13,68.0
2020-07-14,65.0
2020-07-15,64.0
2020-07-16,65.0
2020-07-17,67.0
2020-07-18,67.0
2020-07-19,67.0
2020-07-20,67.0
2020-07-21,66.0
2020-07-22,65.0
2020-07-23,61.0
2020-07-24,63.0
2020-07-25,65.0
2020-07-26,66.0
2020-07-27,67.0
2020-07-28,66.0
2020-07-29,67.0
2020-07-30,68.0
2020-07-31,67.0
2020-08-01,65.0
2020-08-02,64.0
2020-08-03,63.0
2020-08-04,63.0
2020-08-05,63.0
2020-08-06,59.0
2020-08-07,59.0
2020-08-08,63.0
2020-08-09,67.0
2020-08-10,68.0
2020-08-11,67.0
2020-08-12,64.0
2020-08-13,66.0
2020-08-14,70.0
2020-08-15,73.0
2020-08-16,77.0
2020-08-17,76.0
2020-08-18,75.0
2020-08-19,74.0
2020-08-20,69.0
2020-08-21,65.0
2020-08-22,66.0
2020-08-23,68.0
2020-08-24,66.0
2020-08-25,66.0
2020-08-26,67.0
2020-08-27,65.0
2020-08-28,65.0
2020-08-29,65.0
2020-08-30,64.0
2020-08-31,64.0
2020-09-01,64.0
2020-09-02,65.0
2020-09-03,64.0
2020-09-04,65.0
2020-09-05,66.0
2020-09-06,76.0
2020-09-07,72.0
2020-09-08,66.0
2020-09-09,63.0
2020-09-10,61.0
2020-09-11,59.0
2020-09-12,57.0
2020-09-13,61.0
2020-09-14,61.0
2020-09-15,63.0
2020-09-16,61.0
2020-09-17,59.0
2020-09-18,59.0
2020-09-19,56.0
2020-09-20,57.0
2020-09-21,56.0
2020-09-22,59.0
2020-09-23,59.0
2020-09-24,56.0
2020-09-25,56.0
2020-09-26,56.0
2020-09-27,58.0
2020-09-28,60.0
2020-09-29,64.0
2020-09-30,64.0
2020-10-01,61.0
2020-10-02,63.0
2020-10-03,62.0
2020-10-04,60.0
2020-10-05,59.0
2020-10-06,59.0
2020-10-07,57.0
2020-10-08,57.0
2020-10-09,53.0
2020-10-10,51.0
2020-10-11,51.0
2020-10-12,53.0
2020-10-13,53.0
2020-10-14,56.0
2020-10-15,56.0
2020-10-16,60.0
2020-10-17,59.0
2020-10-18,58.0
2020-10-19,57.0
2020-10-20,56.0
2020-10-21,55.0
2020-10-22,53.0
2020-10-23,51.0
2020-10-24,47.0
2020-10-25,46.0
2020-10-26,40.0
2020-10-27,40.0
2020-10-28,44.0
2020-10-29,46.0
2020-10-30,49.0
2020-10-31,48.0
2020-11-01,51.0
2020-11-02,54.0
2020-11-03,51.0
2020-11-04,50.0
2020-11-05,49.0
2020-11-06,32.0
2020-11-07,35.0
2020-11-08,27.0
2020-11-09,26.0
2020-11-10,30.0
2020-11-11,32.0
2020-11-12,35.0
2020-11-13,36.0
2020-11-14,38.0
2020-11-15,39.0
2020-11-16,40.0
2020-11-17,48.0
2020-11-18,43.0
2020-11-19,40.0
2020-11-20,38.0
2020-11-21,36.0
2020-11-22,40.0
2020-11-23,37.0
2020-11-24,36.0
2020-11-25,38.0
2020-11-26,34.0
2020-11-27,33.0
2020-11-28,36.0
2020-11-29,37.0
2020-11-30,38.0
2020-12-01,35.0
2020-12-02,41.0
2020-12-03,37.0
2020-12-04,39.0
2020-12-05,39.0
2020-12-06,36.0
2020-12-07,35.0
2020-12-08,38.0
2020-12-09,44.0
2020-12-10,36.0
2020-12-11,35.0
2020-12-12,40.0
2020-12-13,38.0
2020-12-14,32.0
2020-12-15,33.0
2020-12-16,33.0
2020-12-17,34.0
2020-12-18,32.0
2020-12-19,34.0
2020-12-20,36.0
2020-12-21,39.0
2020-12-22,33.0
2020-12-23,31.0
2020-12-24,38.0
2020-12-25,37.0
2020-12-26,37.0
2020-12-27,37.0
2020-12-28,33.0
2020-12-29,31.0
2020-12-30,31.0
2020-12-31,34.0
2021-01-01,31.0
2021-01-02,37.0
2021-01-03,42.0
2021-01-04,39.0
2021-01-05,36.0
2021-01-06,36.0
2021-01-07,34.0
2021-01-08,38.0
2021-01-09,30.0
2021-01-10,33.0
2021-01-11,33.0
2021-01-12,41.0
2021-01-13,40.0
2021-01-14,37.0
2021-01-15,46.0
2021-01-16,42.0
2021-01-17,44.0
2021-01-18,42.0
2021-01-19,38.0
2021-01-20,37.0
2021-01-21,38.0
2021-01-22,34.0
2021-01-23,32.0
2021-01-24,31.0
2021-01-25,31.0
2021-01-26,24.0
2021-01-27,32.0
2021-01-28,32.0
2021-01-29,32.0
2021-01-30,31.0
2021-01-31,38.0
2021-02-01,38.0
2021-02-02,38.0
2021-02-03,36.0
2021-02-04,32.0
2021-02-05,34.0
2021-02-06,34.0
2021-02-07,37.0
2021-02-08,37.0
2021-02-09,42.0
2021-02-10,41.0
2021-02-11,39.0
2021-02-12,41.0
2021-02-13,32.0
2021-02-14,32.0
2021-02-15,38.0
2021-02-16,34.0
2021-02-17,34.0
2021-02-18,32.0
2021-02-19,36.0
2021-02-20,33.0
2021-02-21,32.0
2021-02-22,37.0
2021-02-23,41.0
2021-02-24,38.0
2021-02-25,32.0
2021-02-26,35.0
2021-02-27,34.0
2021-02-28,32.0
2021-03-01,36.0
2021-03-02,39.0
2021-03-03,38.0
2021-03-04,34.0
2021-03-05,39.0
2021-03-06,41.0
2021-03-07,38.0
2021-03-08,36.0
2021-03-09,34.0
2021-03-10,32.0
2021-03-11,27.0
2021-03-12,30.0
2021-03-13,31.0
2021-03-14,37.0
2021-03-15,30.0
2021-03-16,27.0
2021-03-17,31.0
2021-03-18,44.0
2021-03-19,45.0
2021-03-20,35.0
2021-03-21,31.0
2021-03-22,35.0
2021-03-23,35.0
2021-03-24,33.0
2021-03-25,38.0
2021-03-26,37.0
2021-03-27,39.0
2021-03-28,42.0
2021-03-29,44.0
2021-03-30,43.0
2021-03-31,46.0
2021-04-01,47.0
2021-04-02,48.0
2021-04-03,49.0
2021-04-04,45.0
2021-04-05,44.0
2021-04-06,43.0
2021-04-07,48.0
2021-04-08,45.0
2021-04-09,45.0
2021-04-10,45.0
2021-04-11,45.0
2021-04-12,49.0
2021-04-13,42.0
2021-04-14,35.0
2021-04-15,38.0
2021-04-16,43.0
2021-04-17,
2021-04-18,52.0
2021-04-19,48.0
2021-04-20,46.0
2021-04-21,42.0
2021-04-22,44.0
2021-04-23,46.0
2021-04-24,48.0
2021-04-25,43.0
2021-04-26,40.0
2021-04-27,34.0
2021-04-28,39.0
2021-04-29,48.0
2021-04-30,53.0
2021-05-01,52.0
2021-05-02,48.0
2021-05-03,48.0
2021-05-04,52.0
2021-05-05,56.0
2021-05-06,57.0
2021-05-07,49.0
2021-05-08,46.0
2021-05-09,51.0
2021-05-10,51.0
2021-05-11,54.0
2021-05-12,56.0
2021-05-13,57.0
2021-05-14,57.0
2021-05-15,49.0
2021-05-16,45.0
2021-05-17,51.0
2021-05-18,50.0
2021-05-19,45.0
2021-05-20,38.0
2021-05-21,34.0
2021-05-22,36.0
2021-05-23,43.0
2021-05-24,49.0
2021-05-25,53.0
2021-05-26,50.0
2021-05-27,53.0
2021-05-28,52.0
2021-05-29,55.0
2021-05-30,57.0
2021-05-31,59.0
2021-06-01,64.0
2021-06-02,66.0
2021-06-03,67.0
2021-06-04,65.0
2021-06-05,63.0
2021-06-06,61.0
2021-06-07,53.0
2021-06-08,45.0
2021-06-09,45.0
2021-06-10,42.0
2021-06-11,47.0
2021-06-12,52.0
2021-06-13,58.0
2021-06-14,60.0
2021-06-15,60.0
2021-06-16,60.0
2021-06-17,65.0
2021-06-18,71.0
2021-06-19,71.0
2021-06-20,71.0
2021-06-21,66.0
2021-06-22,60.0
2021-06-23,59.0
2021-06-24,59.0
2021-06-25,61.0
2021-06-26,65.0
2021-06-27,68.0
2021-06-28,71.0
2021-06-29,71.0
2021-06-30,71.0
2021-07-01,66.0
2021-07-02,67.0
2021-07-03,68.0
2021-07-04,66.0
2021-07-05,65.0
2021-07-06,66.0
2021-07-07,65.0
2021-07-08,70.0
2021-07-09,74.0
2021-07-10,75.0
2021-07-11,76.0
2021-07-12,74.0
2021-07-13,72.0
2021-07-14,67.0
2021-07-15,66.0
2021-07-16,64.0
2021-07-17,65.0
2021-07-18,69.0
2021-07-19,71.0
2021-07-20,69.0
2021-07-21,67.0
2021-07-22,
2021-07-23,71.0
2021-07-24,67.0
2021-07-25,70.0
2021-07-26,67.0
2021-07-27,69.0
2021-07-28,69.0
2021-07-29,69.0
2021-07-30,71.0
2021-07-31,71.0
2021-08-01,68.0
2021-08-02,68.0
2021-08-03,69.0
2021-08-04,69.0
2021-08-05,64.0
2021-08-06,63.0
2021-08-07,64.0
2021-08-08,66.0
2021-08-09,65.0
2021-08-10,67.0
2021-08-11,69.0
2021-08-12,70.0
2021-08-13,70.0
2021-08-14,70.0
2021-08-15,72.0
2021-08-16,72.0
2021-08-17,65.0
2021-08-18,58.0
2021-08-19,56.0
2021-08-20,57.0
2021-08-21,61.0
2021-08-22,60.0
2021-08-23,60.0
2021-08-24,61.0
2021-08-25,59.0
2021-08-26,61.0
2021-08-27,63.0
2021-08-28,63.0
2021-08-29,68.0
2021-08-30,67.0
2021-08-31,66.0
2021-09-01,59.0
2021-09-02,57.0
2021-09-03,57.0
2021-09-04,59.0
2021-09-05,62.0
2021-09-06,67.0
2021-09-07,69.0
2021-09-08,69.0
2021-09-09,68.0
2021-09-10,66.0
2021-09-11,65.0
2021-09-12,63.0
2021-09-13,62.0
2021-09-14,62.0
2021-09-15,62.0
2021-09-16,60.0
2021-09-17,59.0
2021-09-18,57.0
2021-09-19,54.0
2021-09-20,53.0
2021-09-21,60.0
2021-09-22,62.0
2021-09-23,60.0
2021-09-24,61.0
2021-09-25,61.0
2021-09-26,59.0
2021-09-27,55.0
2021-09-28,48.0
2021-09-29,48.0
2021-09-30,49.0
2021-10-01,54.0
2021-10-02,57.0
2021-10-03,55.0
2021-10-04,58.0
2021-10-05,53.0
2021-10-06,55.0
2021-10-07,54.0
2021-10-08,43.0
2021-10-09,42.0
2021-10-10,43.0
2021-10-11,43.0
2021-10-12,39.0
2021-10-13,36.0
2021-10-14,41.0
2021-10-15,45.0
2021-10-16,49.0
2021-10-17,47.0
2021-10-18,37.0
2021-10-19,36.0
2021-10-20,46.0
2021-10-21,52.0
2021-10-22,48.0
2021-10-23,47.0
2021-10-24,49.0
2021-10-25,38.0
2021-10-26,37.0
2021-10-27,40.0
2021-10-28,46.0
2021-10-29,51.0
2021-10-30,50.0
2021-10-31,47.0
2021-11-01,49.0
2021-11-02,47.0
2021-11-03,48.0
2021-11-04,47.0
2021-11-05,43.0
2021-11-06,45.0
2021-11-07,40.0
2021-11-08,36.0
2021-11-09,44.0
2021-11-10,42.0
2021-11-11,46.0
2021-11-12,48.0
2021-11-13,47.0
2021-11-14,51.0
2021-11-15,51.0
2021-11-16,41.0
2021-11-17,39.0
2021-11-18,48.0
2021-11-19,43.0
2021-11-20,40.0
2021-11-21,40.0
2021-11-22,43.0
2021-11-23,40.0
2021-11-24,36.0
2021-11-25,38.0
2021-11-26,40.0
2021-11-27,42.0
2021-11-28,47.0
2021-11-29,46.0
2021-11-30,47.0
2021-12-01,47.0
2021-12-02,47.0
2021-12-03,44.0
2021-12-04,40.0
2021-12-05,36.0
2021-12-06,39.0
2021-12-07,39.0
2021-12-08,38.0
2021-12-09,35.0
2021-12-10,32.0
2021-12-11,33.0
2021-12-12,34.0
2021-12-13,41.0
2021-12-14,31.0
2021-12-15,28.0
2021-12-16,35.0
2021-12-17,31.0
2021-12-18,30.0
2021-12-19,35.0
2021-12-20,34.0
2021-12-21,38.0
2021-12-22,42.0
2021-12-23,45.0
2021-12-24,40.0
2021-12-25,33.0
2021-12-26,31.0
2021-12-27,32.0
2021-12-28,29.0
2021-12-29,30.0
2021-12-30,32.0
2021-12-31,31.0
2022-01-01,28.0
2022-01-02,31.0
2022-01-03,32.0
2022-01-04,34.0
2022-01-05,34.0
2022-01-06,34.0
2022-01-07,36.0
2022-01-08,33.0
2022-01-09,36.0
2022-01-10,37.0
2022-01-11,36.0
2022-01-12,41.0
2022-01-13,39.0
2022-01-14,36.0
2022-01-15,41.0
2022-01-16,40.0
2022-01-17,40.0
2022-01-18,37.0
2022-01-19,37.0
2022-01-20,34.0
2022-01-21,37.0
2022-01-22,35.0
2022-01-23,37.0
2022-01-24,37.0
2022-01-25,35.0
2022-01-26,36.0
2022-01-27,34.0
2022-01-28,35.0
2022-01-29,36.0
2022-01-30,33.0
2022-01-31,34.0
2022-02-01,31.0
2022-02-02,29.0
2022-02-03,31.0
2022-02-04,32.0
2022-02-05,35.0
2022-02-06,35.0
2022-02-07,41.0
2022-02-08,40.0
2022-02-09,41.0
2022-02-10,43.0
2022-02-11,45.0
2022-02-12,47.0
2022-02-13,46.0
2022-02-14,44.0
2022-02-15,35.0
2022-02-16,29.0
2022-02-17,32.0
2022-02-18,37.0
2022-02-19,39.0
2022-02-20,39.0
2022-02-21,31.0
2022-02-22,29.0
2022-02-23,26.0
2022-02-24,23.0
2022-02-25,28.0
2022-02-26,31.0
2022-02-27,38.0
2022-02-28,38.0
2022-03-01,41.0
2022-03-02,42.0
2022-03-03,42.0
2022-03-04,33.0
2022-03-05,29.0
2022-03-06,29.0
2022-03-07,30.0
2022-03-08,34.0
2022-03-09,37.0
2022-03-10,35.0
2022-03-11,33.0
2022-03-12,39.0
2022-03-13,42.0
2022-03-14,38.0
2022-03-15,44.0
2022-03-16,42.0
2022-03-17,42.0
2022-03-18,41.0
2022-03-19,42.0
2022-03-20,35.0
2022-03-21,36.0
2022-03-22,43.0
2022-03-23,50.0
2022-03-24,51.0
2022-03-25,53.0
2022-03-26,53.0
2022-03-27,46.0
2022-03-28,40.0
2022-03-29,38.0
2022-03-30,46.0
2022-03-31,42.0
2022-04-01,43.0
2022-04-02,47.0
2022-04-03,47.0
2022-04-04,42.0
2022-04-05,43.0
2022-04-06,46.0
2022-04-07,54.0
2022-04-08,56.0
2022-04-09,48.0
2022-04-10,44.0
2022-04-11,31.0
2022-04-12,27.0
2022-04-13,30.0
2022-04-14,37.0
2022-04-15,39.0
2022-04-16,43.0
2022-04-17,40.0
2022-04-18,44.0
2022-04-19,44.0
2022-04-20,42.0
2022-04-21,41.0
2022-04-22,39.0
2022-04-23,36.0
2022-04-24,42.0
2022-04-25,46.0
2022-04-26,49.0
2022-04-27,46.0
2022-04-28,43.0
2022-04-29,39.0
2022-04-30,46.0
2022-05-01,47.0
2022-05-02,47.0
2022-05-03,45.0
2022-05-04,48.0
2022-05-05,52.0
2022-05-06,51.0
2022-05-07,46.0
2022-05-08,35.0
2022-05-09,31.0
2022-05-10,35.0
2022-05-11,32.0
2022-05-12,39.0
2022-05-13,44.0
2022-05-14,51.0
2022-05-15,56.0
2022-05-16,54.0
2022-05-17,50.0
2022-05-18,52.0
2022-05-19,57.0
2022-05-20,49.0
2022-05-21,47.0
2022-05-22,51.0
2022-05-23,54.0
2022-05-24,56.0
2022-05-25,60.0
2022-05-26,62.0
2022-05-27,56.0
2022-05-28,51.0
2022-05-29,47.0
2022-05-30,46.0
2022-05-31,46.0
2022-06-01,52.0
2022-06-02,57.0
2022-06-03,58.0
2022-06-04,58.0
2022-06-05,59.0
2022-06-06,57.0
2022-06-07,56.0
2022-06-08,59.0
2022-06-09,60.0
2022-06-10,64.0
2022-06-11,65.0
2022-06-12,62.0
2022-06-13,54.0
2022-06-14,51.0
2022-06-15,55.0
2022-06-16,56.0
2022-06-17,46.0
2022-06-18,44.0
2022-06-19,45.0
2022-06-20,50.0
2022-06-21,59.0
2022-06-22,63.0
2022-06-23,63.0
2022-06-24,63.0
2022-06-25,66.0
2022-06-26,65.0
2022-06-27,66.0
2022-06-28,67.0
2022-06-29,66.0
2022-06-30,62.0
2022-07-01,59.0
2022-07-02,58.0
2022-07-03,55.0
2022-07-04,53.0
2022-07-05,58.0
2022-07-06,60.0
2022-07-07,60.0
2022-07-08,61.0
2022-07-09,62.0
2022-07-10,63.0
2022-07-11,65.0
2022-07-12,68.0
2022-07-13,65.0
2022-07-14,65.0
2022-07-15,70.0
2022-07-16,71.0
2022-07-17,72.0
2022-07-18,72.0
2022-07-19,70.0
2022-07-20,70.0
2022-07-21,68.0
2022-07-22,67.0
2022-07-23,66.0
2022-07-24,66.0
2022-07-25,68.0
2022-07-26,69.0
2022-07-27,70.0
2022-07-28,69.0
2022-07-29,70.0
2022-07-30,73.0
2022-07-31,72.0
2022-08-01,71.0
2022-08-02,69.0
2022-08-03,69.0
2022-08-04,72.0
2022-08-05,68.0
2022-08-06,65.0
2022-08-07,65.0
2022-08-08,68.0
2022-08-09,67.0
2022-08-10,66.0
2022-08-11,65.0
2022-08-12,65.0
2022-08-13,64.0
2022-08-14,64.0
2022-08-15,65.0
2022-08-16,67.0
2022-08-17,73.0
2022-08-18,70.0
2022-08-19,69.0
2022-08-20,68.0
2022-08-21,69.0
2022-08-22,68.0
2022-08-23,66.0
2022-08-24,68.0
2022-08-25,67.0
2022-08-26,67.0
2022-08-27,66.0
2022-08-28,65.0
2022-08-29,66.0
2022-08-30,67.0
2022-08-31,68.0
2022-09-01,69.0
2022-09-02,72.0
2022-09-03,72.0
2022-09-04,72.0
2022-09-05,73.0
2022-09-06,75.0
2022-09-07,72.0
2022-09-08,72.0
2022-09-09,71.0
2022-09-10,70.0
2022-09-11,66.0
2022-09-12,66.0
2022-09-13,60.0
2022-09-14,52.0
2022-09-15,53.0
2022-09-16,53.0
2022-09-17,53.0
2022-09-18,55.0
2022-09-19,55.0
2022-09-20,56.0
2022-09-21,53.0
2022-09-22,49.0
2022-09-23,52.0
2022-09-24,56.0
2022-09-25,62.0
2022-09-26,65.0
2022-09-27,65.0
2022-09-28,63.0
2022-09-29,60.0
2022-09-30,57.0
2022-10-01,59.0
2022-10-02,58.0
2022-10-03,55.0
2022-10-04,56.0
2022-10-05,57.0
2022-10-06,59.0
2022-10-07,60.0
2022-10-08,60.0
2022-10-09,60.0
2022-10-10,60.0
2022-10-11,57.0
2022-10-12,58.0
2022-10-13,56.0
2022-10-14,56.0
2022-10-15,56.0
2022-10-16,53.0
2022-10-17,51.0
2022-10-18,53.0
2022-10-19,56.0
2022-10-20,56.0
2022-10-21,55.0
2022-10-22,43.0
2022-10-23,38.0
2022-10-24,40.0
2022-10-25,43.0
2022-10-26,42.0
2022-10-27,41.0
2022-10-28,46.0
2022-10-29,45.0
2022-10-30,44.0
2022-10-31,45.0
2022-11-01,36.0
2022-11-02,34.0
2022-11-03,30.0
2022-11-04,34.0
2022-11-05,37.0
2022-11-06,45.0
2022-11-07,37.0
2022-11-08,34.0
2022-11-09,33.0
2022-11-10,31.0
2022-11-11,33.0
2022-11-12,34.0
2022-11-13,34.0
2022-11-14,33.0
2022-11-15,34.0
2022-11-16,34.0
2022-11-17,38.0
2022-11-18,32.0
2022-11-19,34.0
2022-11-20,35.0
2022-11-21,35.0
2022-11-22,36.0
2022-11-23,37.0
2022-11-24,40.0
2022-11-25,41.0
2022-11-26,39.0
2022-11-27,36.0
2022-11-28,34.0
2022-11-29,31.0
2022-11-30,31.0
2022-12-01,33.0
2022-12-02,32.0
2022-12-03,42.0
2022-12-04,45.0
2022-12-05,35.0
2022-12-06,34.0
2022-12-07,34.0
2022-12-08,32.0
2022-12-09,36.0
2022-12-10,40.0
2022-12-11,32.0
2022-12-12,31.0
2022-12-13,29.0
2022-12-14,30.0
2022-12-15,32.0
2022-12-16,34.0
2022-12-17,32.0
2022-12-18,32.0
2022-12-19,31.0
2022-12-20,34.0
2022-12-21,34.0
2022-12-22,35.0
2022-12-23,39.0
2022-12-24,37.0
2022-12-25,42.0
2022-12-26,47.0
2022-12-27,45.0
2022-12-28,34.0
2022-12-29,40.0
2022-12-30,45.0
2022-12-31,41.0
2023-01-01,30.0
2023-01-02,30.0
2023-01-03,36.0
2023-01-04,38.0
2023-01-05,34.0
2023-01-06,32.0
2023-01-07,37.0
2023-01-08,42.0
2023-01-09,46.0
2023-01-10,36.0
2023-01-11,34.0
2023-01-12,40.0
2023-01-13,43.0
2023-01-14,36.0
2023-01-15,36.0
2023-01-16,32.0
2023-01-17,30.0
2023-01-18,29.0
2023-01-19,30.0
2023-01-20,27.0
2023-01-21,29.0
2023-01-22,30.0
2023-01-23,27.0
2023-01-24,31.0
2023-01-25,35.0
2023-01-26,35.0
2023-01-27,34.0
2023-01-28,33.0
2023-01-29,32.0
2023-01-30,29.0
2023-01-31,24.0
2023-02-01,32.0
2023-02-02,36.0
2023-02-03,37.0
2023-02-04,36.0
2023-02-05,31.0
2023-02-06,28.0
2023-02-07,31.0
2023-02-08,35.0
2023-02-09,37.0
2023-02-10,39.0
2023-02-11,34.0
2023-02-12,32.0
2023-02-13,33.0
2023-02-14,31.0
2023-02-15,29.0
2023-02-16,26.0
2023-02-17,31.0
2023-02-18,32.0
2023-02-19,33.0
2023-02-20,38.0
2023-02-21,32.0
2023-02-22,29.0
2023-02-23,28.0
2023-02-24,32.0
2023-02-25,31.0
2023-02-26,30.0
2023-02-27,30.0
2023-02-28,31.0
2023-03-01,29.0
2023-03-02,25.0
2023-03-03,29.0
2023-03-04,32.0
2023-03-05,32.0
2023-03-06,28.0
2023-03-07,29.0
2023-03-08,32.0
2023-03-09,32.0
2023-03-10,44.0
2023-03-11,42.0
2023-03-12,41.0
2023-03-13,39.0
2023-03-14,44.0
2023-03-15,43.0
2023-03-16,38.0
2023-03-17,36.0
2023-03-18,38.0
2023-03-19,44.0
2023-03-20,41.0
2023-03-21,38.0
2023-03-22,38.0
2023-03-23,37.0
2023-03-24,32.0
2023-03-25,32.0
2023-03-26,31.0
2023-03-27,29.0
2023-03-28,36.0
2023-03-29,32.0
2023-03-30,32.0
2023-03-31,32.0
2023-04-01,36.0
2023-04-02,38.0
2023-04-03,28.0
2023-04-04,25.0
2023-04-05,30.0
2023-04-06,35.0
2023-04-07,43.0
2023-04-08,41.0
2023-04-09,44.0
2023-04-10,51.0
2023-04-11,50.0
2023-04-12,42.0
2023-04-13,38.0
2023-04-14,38.0
2023-04-15,42.0
2023-04-16,45.0
2023-04-17,43.0
2023-04-18,37.0
2023-04-19,34.0
2023-04-20,38.0
2023-04-21,44.0
2023-04-22,49.0
2023-04-23,51.0
2023-04-24,50.0
2023-04-25,49.0
2023-04-26,51.0
2023-04-27,54.0
2023-04-28,55.0
2023-04-29,57.0
2023-04-30,52.0
2023-05-01,42.0
2023-05-02,41.0
2023-05-03,39.0
2023-05-04,41.0
2023-05-05,42.0
2023-05-06,42.0
2023-05-07,40.0
2023-05-08,43.0
2023-05-09,44.0
2023-05-10,41.0
2023-05-11,45.0
2023-05-12,50.0
2023-05-13,52.0
2023-05-14,57.0
2023-05-15,56.0
2023-05-16,58.0
2023-05-17,59.0
2023-05-18,56.0
2023-05-19,57.0
2023-05-20,57.0
2023-05-21,60.0
2023-05-22,60.0
2023-05-23,54.0
2023-05-24,48.0
2023-05-25,50.0
2023-05-26,51.0
2023-05-27,52.0
2023-05-28,53.0
2023-05-29,54.0
2023-05-30,48.0
2023-05-31,48.0
2023-06-01,54.0
2023-06-02,52.0
2023-06-03,55.0
2023-06-04,59.0
2023-06-05,60.0
2023-06-06,55.0
2023-06-07,53.0
2023-06-08,52.0
2023-06-09,53.0
2023-06-10,54.0
2023-06-11,53.0
2023-06-12,55.0
2023-06-13,54.0
2023-06-14,59.0
2023-06-15,59.0
2023-06-16,59.0
2023-06-17,61.0
2023-06-18,56.0
2023-06-19,48.0
2023-06-20,44.0
2023-06-21,47.0
2023-06-22,51.0
2023-06-23,45.0
2023-06-24,52.0
2023-06-25,55.0
2023-06-26,54.0
2023-06-27,54.0
2023-06-28,55.0
2023-06-29,58.0
2023-06-30,63.0
2023-07-01,68.0
2023-07-02,69.0
2023-07-03,68.0
2023-07-04,61.0
2023-07-05,63.0
2023-07-06,62.0
2023-07-07,59.0
2023-07-08,59.0
2023-07-09,58.0
2023-07-10,57.0
2023-07-11,60.0
2023-07-12,61.0
2023-07-13,63.0
2023-07-14,64.0
2023-07-15,67.0
2023-07-16,72.0
2023-07-17,73.0
2023-07-18,73.0
2023-07-19,71.0
2023-07-20,69.0
2023-07-21,69.0
2023-07-22,71.0
2023-07-23,74.0
2023-07-24,69.0
2023-07-25,67.0
2023-07-26,67.0
2023-07-27,65.0
2023-07-28,65.0
2023-07-29,66.0
2023-07-30,66.0
2023-07-31,65.0
2023-08-01,66.0
2023-08-02,59.0
2023-08-03,59.0
2023-08-04,58.0
2023-08-05,60.0
2023-08-06,63.0
2023-08-07,66.0
2023-08-08,64.0
2023-08-09,58.0
2023-08-10,60.0
2023-08-11,60.0
2023-08-12,63.0
2023-08-13,64.0
2023-08-14,70.0
2023-08-15,69.0
2023-08-16,72.0
2023-08-17,69.0
2023-08-18,66.0
2023-08-19,63.0
2023-08-20,60.0
2023-08-21,60.0
2023-08-22,58.0
2023-08-23,60.0
2023-08-24,61.0
2023-08-25,63.0
2023-08-26,61.0
2023-08-27,61.0
2023-08-28,62.0
2023-08-29,64.0
2023-08-30,62.0
2023-08-31,59.0
2023-09-01,52.0
2023-09-02,56.0
2023-09-03,52.0
2023-09-04,50.0
2023-09-05,55.0
2023-09-06,59.0
2023-09-07,60.0
2023-09-08,58.0
2023-09-09,65.0
2023-09-10,67.0
2023-09-11,64.0
2023-09-12,60.0
2023-09-13,59.0
2023-09-14,60.0
2023-09-15,62.0
2023-09-16,61.0
2023-09-17,59.0
2023-09-18,56.0
2023-09-19,54.0
2023-09-20,56.0
2023-09-21,52.0
2023-09-22,50.0
2023-09-23,52.0
2023-09-24,53.0
2023-09-25,53.0
2023-09-26,53.0
2023-09-27,52.0
2023-09-28,53.0
2023-09-29,54.0
2023-09-30,47.0
2023-10-01,46.0
2023-10-02,50.0
2023-10-03,49.0
2023-10-04,53.0
2023-10-05,58.0
2023-10-06,60.0
2023-10-07,60.0
2023-10-08,60.0
2023-10-09,55.0
2023-10-10,50.0
2023-10-11,44.0
2023-10-12,43.0
2023-10-13,50.0
2023-10-14,50.0
2023-10-15,52.0
2023-10-16,54.0
2023-10-17,52.0
2023-10-18,54.0
2023-10-19,59.0
2023-10-20,59.0
2023-10-21,56.0
2023-10-22,49.0
2023-10-23,46.0
2023-10-24,45.0
2023-10-25,48.0
2023-10-26,42.0
2023-10-27,40.0
2023-10-28,38.0
2023-10-29,36.0
2023-10-30,41.0
2023-10-31,43.0
2023-11-01,44.0
2023-11-02,47.0
2023-11-03,48.0
2023-11-04,49.0
2023-11-05,50.0
2023-11-06,51.0
2023-11-07,39.0
2023-11-08,35.0
2023-11-09,37.0
2023-11-10,39.0
2023-11-11,40.0
2023-11-12,44.0
2023-11-13,43.0
2023-11-14,40.0
2023-11-15,44.0
2023-11-16,46.0
2023-11-17,45.0
2023-11-18,50.0
2023-11-19,38.0
2023-11-20,38.0
2023-11-21,40.0
2023-11-22,43.0
2023-11-23,40.0
2023-11-24,37.0
2023-11-25,35.0
2023-11-26,34.0
2023-11-27,33.0
2023-11-28,36.0
2023-11-29,35.0
2023-11-30,35.0
2023-12-01,35.0
2023-12-02,34.0
2023-12-03,37.0
2023-12-04,40.0
2023-12-05,42.0
2023-12-06,45.0
2023-12-07,36.0
2023-12-08,31.0
2023-12-09,31.0
2023-12-10,37.0
2023-12-11,36.0
2023-12-12,34.0
2023-12-13,33.0
2023-12-14,39.0
2023-12-15,41.0
2023-12-16,39.0
2023-12-17,45.0
2023-12-18,49.0
2023-12-19,48.0
2023-12-20,48.0
2023-12-21,43.0
2023-12-22,40.0
2023-12-23,41.0
2023-12-24,35.0
2023-12-25,39.0
2023-12-26,39.0
2023-12-27,41.0
2023-12-28,40.0
2023-12-29,41.0
2023-12-30,39.0
2023-12-31,36.0
2024-01-01,36.0
2024-01-02,36.0
2024-01-03,30.0
2024-01-04,30.0
2024-01-05,34.0
2024-01-06,31.0
2024-01-07,25.0
2024-01-08,25.0
2024-01-09,29.0
2024-01-10,33.0
2024-01-11,28.0
2024-01-12,28.0
2024-01-13,34.0
2024-01-14,41.0
2024-01-15,37.0
2024-01-16,36.0
2024-01-17,43.0
2024-01-18,36.0
2024-01-19,44.0
2024-01-20,45.0
2024-01-21,43.0
2024-01-22,42.0
2024-01-23,37.0
2024-01-24,44.0
2024-01-25,40.0
2024-01-26,38.0
2024-01-27,41.0
2024-01-28,47.0
2024-01-29,46.0
2024-01-30,46.0
2024-01-31,45.0
2024-02-01,40.0
2024-02-02,36.0
2024-02-03,35.0
2024-02-04,40.0
2024-02-05,40.0
2024-02-06,39.0
2024-02-07,32.0
2024-02-08,32.0
2024-02-09,31.0
2024-02-10,29.0
2024-02-11,32.0
2024-02-12,33.0
2024-02-13,34.0
2024-02-14,35.0
2024-02-15,39.0
2024-02-16,40.0
2024-02-17,43.0
2024-02-18,41.0
2024-02-19,41.0
2024-02-20,38.0
2024-02-21,37.0
2024-02-22,35.0
2024-02-23,38.0
2024-02-24,41.0
2024-02-25,40.0
2024-02-26,41.0
2024-02-27,39.0
2024-02-28,37.0
2024-02-29,38.0
2024-03-01,44.0
2024-03-02,35.0
2024-03-03,35.0
2024-03-04,34.0
2024-03-05,33.0
2024-03-06,36.0
2024-03-07,34.0
2024-03-08,35.0
2024-03-09,37.0
2024-03-10,39.0
2024-03-11,41.0
2024-03-12,40.0
2024-03-13,37.0
2024-03-14,47.0
2024-03-15,42.0
2024-03-16,39.0
2024-03-17,41.0
2024-03-18,43.0
2024-03-19,46.0
2024-03-20,47.0
2024-03-21,44.0
2024-03-22,45.0
2024-03-23,37.0
2024-03-24,34.0
2024-03-25,32.0
2024-03-26,39.0
2024-03-27,39.0
2024-03-28,39.0
2024-03-29,38.0
2024-03-30,38.0
2024-03-31,36.0
2024-04-01,34.0
2024-04-02,41.0
2024-04-03,45.0
2024-04-04,32.0
2024-04-05,32.0
2024-04-06,28.0
2024-04-07,34.0
2024-04-08,33.0
2024-04-09,39.0
2024-04-10,44.0
2024-04-11,49.0
2024-04-12,45.0
2024-04-13,35.0
2024-04-14,36.0
2024-04-15,37.0
2024-04-16,48.0
2024-04-17,46.0
2024-04-18,49.0
2024-04-19,51.0
2024-04-20,52.0
2024-04-21,54.0
2024-04-22,53.0
2024-04-23,51.0
2024-04-24,46.0
2024-04-25,48.0
2024-04-26,39.0
2024-04-27,37.0
2024-04-28,44.0
2024-04-29,48.0
2024-04-30,47.0
2024-05-01,46.0
2024-05-02,47.0
2024-05-03,49.0
2024-05-04,34.0
2024-05-05,34.0
2024-05-06,37.0
2024-05-07,43.0
2024-05-08,46.0
2024-05-09,44.0
2024-05-10,49.0
2024-05-11,51.0
2024-05-12,54.0
2024-05-13,55.0
2024-05-14,56.0
2024-05-15,55.0
2024-05-16,58.0
2024-05-17,58.0
2024-05-18,57.0
2024-05-19,53.0
2024-05-20,51.0
2024-05-21,48.0
2024-05-22,52.0
2024-05-23,52.0
2024-05-24,49.0
2024-05-25,41.0
2024-05-26,48.0
2024-05-27,53.0
2024-05-28,55.0
2024-05-29,54.0
2024-05-30,56.0
2024-05-31,59.0
2024-06-01,58.0
2024-06-02,55.0
2024-06-03,57.0
2024-06-04,56.0
2024-06-05,63.0
2024-06-06,68.0
2024-06-07,66.0
2024-06-08,60.0
2024-06-09,60.0
2024-06-10,60.0
2024-06-11,63.0
2024-06-12,68.0
2024-06-13,62.0
2024-06-14,62.0
2024-06-15,58.0
2024-06-16,56.0
2024-06-17,52.0
2024-06-18,50.0
2024-06-19,55.0
2024-06-20,57.0
2024-06-21,59.0
2024-06-22,64.0
2024-06-23,66.0
2024-06-24,69.0
2024-06-25,70.0
2024-06-26,68.0
2024-06-27,64.0
2024-06-28,61.0
2024-06-29,61.0
2024-06-30,63.0
2024-07-01,64.0
2024-07-02,66.0
2024-07-03,69.0
2024-07-04,71.0
2024-07-05,71.0
2024-07-06,72.0
2024-07-07,74.0
2024-07-08,73.0
2024-07-09,70.0
2024-07-10,71.0
2024-07-11,71.0
2024-07-12,74.0
2024-07-13,74.0
2024-07-14,72.0
2024-07-15,71.0
2024-07-16,69.0
2024-07-17,67.0
2024-07-18,67.0
2024-07-19,69.0
2024-07-20,70.0
2024-07-21,71.0
2024-07-22,71.0
2024-07-23,74.0
2024-07-24,75.0
2024-07-25,73.0
2024-07-26,68.0
2024-07-27,59.0
2024-07-28,59.0
2024-07-29,61.0
2024-07-30,61.0
2024-07-31,64.0
2024-08-01,65.0
2024-08-02,72.0
2024-08-03,70.0
2024-08-04,69.0
2024-08-05,70.0
2024-08-06,70.0
2024-08-07,71.0
2024-08-08,72.0
2024-08-09,69.0
2024-08-10,68.0
2024-08-11,69.0
2024-08-12,65.0
2024-08-13,62.0
2024-08-14,61.0
2024-08-15,60.0
2024-08-16,59.0
2024-08-17,62.0
2024-08-18,58.0
2024-08-19,59.0
2024-08-20,61.0
2024-08-21,61.0
2024-08-22,58.0
2024-08-23,49.0
2024-08-24,54.0
2024-08-25,51.0
2024-08-26,56.0
2024-08-27,61.0
2024-08-28,63.0
2024-08-29,65.0
2024-08-30,63.0
2024-08-31,66.0
2024-09-01,67.0
2024-09-02,67.0
2024-09-03,64.0
2024-09-04,66.0
2024-09-05,68.0
2024-09-06,69.0
2024-09-07,69.0
2024-09-08,66.0
2024-09-09,65.0
2024-09-10,62.0
2024-09-11,57.0
2024-09-12,53.0
2024-09-13,56.0
2024-09-14,59.0
2024-09-15,52.0
2024-09-16,44.0
2024-09-17,45.0
2024-09-18,52.0
2024-09-19,54.0
2024-09-20,51.0
2024-09-21,55.0
2024-09-22,60.0
2024-09-23,61.0
2024-09-24,65.0
2024-09-25,63.0
2024-09-26,59.0
2024-09-27,57.0
2024-09-28,61.0
2024-09-29,60.0
2024-09-30,59.0
2024-10-01,66.0
2024-10-02,66.0
2024-10-03,65.0
2024-10-04,66.0
2024-10-05,64.0
2024-10-06,67.0
2024-10-07,65.0
2024-10-08,65.0
2024-10-09,63.0
2024-10-10,60.0
2024-10-11,57.0
2024-10-12,56.0
2024-10-13,52.0
2024-10-14,54.0
2024-10-15,54.0
2024-10-16,52.0
2024-10-17,46.0
2024-10-18,41.0
2024-10-19,40.0
2024-10-20,48.0
2024-10-21,51.0
2024-10-22,51.0
2024-10-23,52.0
2024-10-24,50.0
2024-10-25,50.0
2024-10-26,52.0
2024-10-27,52.0
2024-10-28,39.0
2024-10-29,37.0
2024-10-30,38.0
2024-10-31,42.0
2024-11-01,40.0
2024-11-02,43.0
2024-11-03,37.0
2024-11-04,36.0
2024-11-05,41.0
2024-11-06,39.0
2024-11-07,39.0
2024-11-08,40.0
2024-11-09,41.0
2024-11-10,43.0
2024-11-11,34.0
2024-11-12,33.0
2024-11-13,35.0
2024-11-14,39.0
2024-11-15,31.0
2024-11-16,30.0
2024-11-17,33.0
2024-11-18,34.0
2024-11-19,31.0
2024-11-20,41.0
2024-11-21,41.0
2024-11-22,44.0
2024-11-23,42.0
2024-11-24,38.0
2024-11-25,41.0
2024-11-26,40.0
2024-11-27,37.0
2024-11-28,35.0
2024-11-29,36.0
2024-11-30,40.0
2024-12-01,44.0
2024-12-02,43.0
2024-12-03,44.0
2024-12-04,43.0
2024-12-05,41.0
2024-12-06,40.0
2024-12-07,42.0
2024-12-08,38.0
2024-12-09,34.0
2024-12-10,35.0
2024-12-11,38.0
2024-12-12,39.0
2024-12-13,34.0
2024-12-14,34.0
2024-12-15,32.0
2024-12-16,39.0
2024-12-17,39.0
2024-12-18,39.0
2024-12-19,44.0
2024-12-20,46.0
2024-12-21,45.0
2024-12-22,46.0
2024-12-23,45.0
2024-12-24,34.0
2024-12-25,33.0
2024-12-26,36.0
2024-12-27,44.0
2024-12-28,41.0
2024-12-29,40.0
2024-12-30,37.0
2024-12-31,33.0
2025-01-01,35.0
2025-01-02,
