DATE TIME,VLC
2015-01-05,25.0
2015-01-06,23.0
2015-01-07,24.0
2015-01-08,21.0
2015-01-09,25.0
2015-01-10,21.0
2015-01-11,18.0
2015-01-12,16.0
2015-01-13,17.0
2015-01-14,14.0
2015-01-15,20.0
2015-01-16,23.0
2015-01-17,23.0
2015-01-18,22.0
2015-01-19,19.0
2015-01-20,20.0
2015-01-21,18.0
2015-01-22,17.0
2015-01-23,18.0
2015-01-24,33.0
2015-01-25,32.0
2015-01-26,26.0
2015-01-27,16.0
2015-01-28,14.0
2015-01-29,17.0
2015-01-30,20.0
2015-01-31,23.0
2015-02-01,24.0
2015-02-02,22.0
2015-02-03,20.0
2015-02-04,25.0
2015-02-05,22.0
2015-02-06,26.0
2015-02-07,23.0
2015-02-08,23.0
2015-02-09,13.0
2015-02-10,11.0
2015-02-11,23.0
2015-02-12,29.0
2015-02-13,29.0
2015-02-14,25.0
2015-02-15,23.0
2015-02-16,23.0
2015-02-17,25.0
2015-02-18,25.0
2015-02-19,24.0
2015-02-20,21.0
2015-02-21,24.0
2015-02-22,15.0
2015-02-23,14.0
2015-02-24,16.0
2015-02-25,22.0
2015-02-26,22.0
2015-02-27,11.0
2015-02-28,4.0
2015-03-01,7.0
2015-03-02,2.0
2015-03-03,1.0
2015-03-04,8.0
2015-03-05,11.0
2015-03-06,16.0
2015-03-07,20.0
2015-03-08,20.0
2015-03-09,23.0
2015-03-10,20.0
2015-03-11,19.0
2015-03-12,19.0
2015-03-13,21.0
2015-03-14,29.0
2015-03-15,31.0
2015-03-16,26.0
2015-03-17,26.0
2015-03-18,24.0
2015-03-19,26.0
2015-03-20,23.0
2015-03-21,22.0
2015-03-22,25.0
2015-03-23,22.0
2015-03-24,20.0
2015-03-25,28.0
2015-03-26,25.0
2015-03-27,29.0
2015-03-28,25.0
2015-03-29,28.0
2015-03-30,29.0
2015-03-31,19.0
2015-04-01,17.0
2015-04-02,8.0
2015-04-03,16.0
2015-04-04,18.0
2015-04-05,20.0
2015-04-06,14.0
2015-04-07,12.0
2015-04-08,6.0
2015-04-09,8.0
2015-04-10,15.0
2015-04-11,17.0
2015-04-12,22.0
2015-04-13,27.0
2015-04-14,23.0
2015-04-15,19.0
2015-04-16,20.0
2015-04-17,24.0
2015-04-18,30.0
2015-04-19,33.0
2015-04-20,26.0
2015-04-21,30.0
2015-04-22,25.0
2015-04-23,21.0
2015-04-24,25.0
2015-04-25,14.0
2015-04-26,12.0
2015-04-27,31.0
2015-04-28,28.0
2015-04-29,30.0
2015-04-30,30.0
2015-05-01,30.0
2015-05-02,27.0
2015-05-03,27.0
2015-05-04,27.0
2015-05-05,25.0
2015-05-06,25.0
2015-05-07,17.0
2015-05-08,20.0
2015-05-09,30.0
2015-05-10,29.0
2015-05-11,28.0
2015-05-12,26.0
2015-05-13,23.0
2015-05-14,19.0
2015-05-15,19.0
2015-05-16,16.0
2015-05-17,27.0
2015-05-18,18.0
2015-05-19,17.0
2015-05-20,24.0
2015-05-21,23.0
2015-05-22,23.0
2015-05-23,28.0
2015-05-24,32.0
2015-05-25,30.0
2015-05-26,29.0
2015-05-27,28.0
2015-05-28,30.0
2015-05-29,33.0
2015-05-30,36.0
2015-05-31,38.0
2015-06-01,28.0
2015-06-02,25.0
2015-06-03,32.0
2015-06-04,28.0
2015-06-05,27.0
2015-06-06,32.0
2015-06-07,31.0
2015-06-08,34.0
2015-06-09,36.0
2015-06-10,35.0
2015-06-11,36.0
2015-06-12,39.0
2015-06-13,37.0
2015-06-14,37.0
2015-06-15,36.0
2015-06-16,32.0
2015-06-17,37.0
2015-06-18,37.0
2015-06-19,36.0
2015-06-20,38.0
2015-06-21,40.0
2015-06-22,33.0
2015-06-23,37.0
2015-06-24,42.0
2015-06-25,39.0
2015-06-26,42.0
2015-06-27,44.0
2015-06-28,45.0
2015-06-29,43.0
2015-06-30,42.0
2015-07-01,50.0
2015-07-02,47.0
2015-07-03,42.0
2015-07-04,43.0
2015-07-05,39.0
2015-07-06,40.0
2015-07-07,36.0
2015-07-08,34.0
2015-07-09,33.0
2015-07-10,30.0
2015-07-11,32.0
2015-07-12,32.0
2015-07-13,36.0
2015-07-14,37.0
2015-07-15,37.0
2015-07-16,39.0
2015-07-17,37.0
2015-07-18,39.0
2015-07-19,38.0
2015-07-20,44.0
2015-07-21,37.0
2015-07-22,37.0
2015-07-23,35.0
2015-07-24,33.0
2015-07-25,32.0
2015-07-26,33.0
2015-07-27,30.0
2015-07-28,38.0
2015-07-29,38.0
2015-07-30,40.0
2015-07-31,46.0
2015-08-01,41.0
2015-08-02,39.0
2015-08-03,37.0
2015-08-04,36.0
2015-08-05,36.0
2015-08-06,44.0
2015-08-07,33.0
2015-08-08,31.0
2015-08-09,34.0
2015-08-10,35.0
2015-08-11,33.0
2015-08-12,37.0
2015-08-13,40.0
2015-08-14,40.0
2015-08-15,41.0
2015-08-16,42.0
2015-08-17,41.0
2015-08-18,42.0
2015-08-19,41.0
2015-08-20,38.0
2015-08-21,42.0
2015-08-22,40.0
2015-08-23,39.0
2015-08-24,39.0
2015-08-25,38.0
2015-08-26,39.0
2015-08-27,41.0
2015-08-28,39.0
2015-08-29,39.0
2015-08-30,36.0
2015-08-31,37.0
2015-09-01,34.0
2015-09-02,35.0
2015-09-03,31.0
2015-09-04,30.0
2015-09-05,25.0
2015-09-06,31.0
2015-09-07,29.0
2015-09-08,33.0
2015-09-09,36.0
2015-09-10,40.0
2015-09-11,41.0
2015-09-12,41.0
2015-09-13,37.0
2015-09-14,34.0
2015-09-15,37.0
2015-09-16,27.0
2015-09-17,24.0
2015-09-18,32.0
2015-09-19,32.0
2015-09-20,34.0
2015-09-21,36.0
2015-09-22,33.0
2015-09-23,31.0
2015-09-24,36.0
2015-09-25,42.0
2015-09-26,39.0
2015-09-27,36.0
2015-09-28,34.0
2015-09-29,40.0
2015-09-30,40.0
2015-10-01,30.0
2015-10-02,25.0
2015-10-03,27.0
2015-10-04,27.0
2015-10-05,32.0
2015-10-06,31.0
2015-10-07,39.0
2015-10-08,40.0
2015-10-09,37.0
2015-10-10,35.0
2015-10-11,33.0
2015-10-12,34.0
2015-10-13,34.0
2015-10-14,34.0
2015-10-15,36.0
2015-10-16,34.0
2015-10-17,34.0
2015-10-18,30.0
2015-10-19,23.0
2015-10-20,30.0
2015-10-21,26.0
2015-10-22,24.0
2015-10-23,27.0
2015-10-24,27.0
2015-10-25,25.0
2015-10-26,25.0
2015-10-27,31.0
2015-10-28,27.0
2015-10-29,23.0
2015-10-30,32.0
2015-10-31,32.0
2015-11-01,31.0
2015-11-02,21.0
2015-11-03,7.0
2015-11-04,4.0
2015-11-05,8.0
2015-11-06,13.0
2015-11-07,19.0
2015-11-08,17.0
2015-11-09,4.0
2015-11-10,4.0
2015-11-11,7.0
2015-11-12,14.0
2015-11-13,19.0
2015-11-14,20.0
2015-11-15,10.0
2015-11-16,8.0
2015-11-17,29.0
2015-11-18,26.0
2015-11-19,23.0
2015-11-20,24.0
2015-11-21,23.0
2015-11-22,22.0
2015-11-23,22.0
2015-11-24,11.0
2015-11-25,-3.0
2015-11-26,-3.0
2015-11-27,2.0
2015-11-28,-6.0
2015-11-29,-1.0
2015-11-30,6.0
2015-12-01,8.0
2015-12-02,18.0
2015-12-03,23.0
2015-12-04,9.0
2015-12-05,15.0
2015-12-06,22.0
2015-12-07,24.0
2015-12-08,28.0
2015-12-09,27.0
2015-12-10,13.0
2015-12-11,2.0
2015-12-12,1.0
2015-12-13,9.0
2015-12-14,-1.0
2015-12-15,9.0
2015-12-16,10.0
2015-12-17,13.0
2015-12-18,18.0
2015-12-19,6.0
2015-12-20,1.0
2015-12-21,25.0
2015-12-22,13.0
2015-12-23,
2015-12-24,
2015-12-25,
2015-12-26,4.0
2015-12-27,11.0
2015-12-28,9.0
2015-12-29,0.0
2015-12-30,2.0
2015-12-31,1.0
2016-01-01,7.0
2016-01-02,16.0
2016-01-03,17.0
2016-01-04,11.0
2016-01-05,11.0
2016-01-06,5.0
2016-01-07,-2.0
2016-01-08,-4.0
2016-01-09,10.0
2016-01-10,3.0
2016-01-11,3.0
2016-01-12,11.0
2016-01-13,12.0
2016-01-14,11.0
2016-01-15,15.0
2016-01-16,10.0
2016-01-17,11.0
2016-01-18,13.0
2016-01-19,11.0
2016-01-20,6.0
2016-01-21,17.0
2016-01-22,24.0
2016-01-23,4.0
2016-01-24,2.0
2016-01-25,10.0
2016-01-26,20.0
2016-01-27,20.0
2016-01-28,19.0
2016-01-29,31.0
2016-01-30,20.0
2016-01-31,7.0
2016-02-01,-6.0
2016-02-02,-5.0
2016-02-03,1.0
2016-02-04,6.0
2016-02-05,9.0
2016-02-06,14.0
2016-02-07,22.0
2016-02-08,30.0
2016-02-09,23.0
2016-02-10,23.0
2016-02-11,25.0
2016-02-12,21.0
2016-02-13,19.0
2016-02-14,
2016-02-15,
2016-02-16,
2016-02-17,
2016-02-18,
2016-02-19,
2016-02-20,
2016-02-21,
2016-02-22,
2016-02-23,
2016-02-24,
2016-02-25,
2016-02-26,
2016-02-27,
2016-02-28,
2016-02-29,
2016-03-01,
2016-03-02,
2016-03-03,
2016-03-04,
2016-03-05,
2016-03-06,
2016-03-07,
2016-03-08,
2016-03-09,
2016-03-10,
2016-03-11,
2016-03-12,
2016-03-13,
2016-03-14,
2016-03-15,
2016-03-16,
2016-03-17,
2016-03-18,
2016-03-19,
2016-03-20,
2016-03-21,
2016-03-22,
2016-03-23,
2016-03-24,
2016-03-25,
2016-03-26,
2016-03-27,
2016-03-28,
2016-03-29,
2016-03-30,
2016-03-31,
2016-04-01,
2016-04-02,
2016-04-03,
2016-04-04,
2016-04-05,
2016-04-06,
2016-04-07,
2016-04-08,
2016-04-09,
2016-04-10,
2016-04-11,
2016-04-12,
2016-04-13,
2016-04-14,
2016-04-15,
2016-04-16,
2016-04-17,
2016-04-18,
2016-04-19,
2016-04-20,
2016-04-21,
2016-04-22,
2016-04-23,
2016-04-24,
2016-04-25,
2016-04-26,
2016-04-27,
2016-04-28,
2016-04-29,
2016-04-30,
2016-05-01,
2016-05-02,
2016-05-03,
2016-05-04,
2016-05-05,
2016-05-06,
2016-05-07,
2016-05-08,
2016-05-09,
2016-05-10,
2016-05-11,
2016-05-12,
2016-05-13,
2016-05-14,
2016-05-15,
2016-05-16,
2016-05-17,
2016-05-18,
2016-05-19,
2016-05-20,
2016-05-21,
2016-05-22,
2016-05-23,
2016-05-24,
2016-05-25,
2016-05-26,
2016-05-27,
2016-05-28,
2016-05-29,
2016-05-30,
2016-05-31,
2016-06-01,
2016-06-02,
2016-06-03,
2016-06-04,
2016-06-05,
2016-06-06,
2016-06-07,
2016-06-08,
2016-06-09,
2016-06-10,
2016-06-11,
2016-06-12,
2016-06-13,
2016-06-14,
2016-06-15,
2016-06-16,
2016-06-17,
2016-06-18,
2016-06-19,
2016-06-20,
2016-06-21,
2016-06-22,
2016-06-23,
2016-06-24,
2016-06-25,
2016-06-26,
2016-06-27,
2016-06-28,
2016-06-29,
2016-06-30,
2016-07-01,
2016-07-02,
2016-07-03,
2016-07-04,
2016-07-05,
2016-07-06,
2016-07-07,
2016-07-08,
2016-07-09,
2016-07-10,
2016-07-11,
2016-07-12,
2016-07-13,
2016-07-14,
2016-07-15,
2016-07-16,
2016-07-17,
2016-07-18,
2016-07-19,
2016-07-20,
2016-07-21,
2016-07-22,
2016-07-23,
2016-07-24,
2016-07-25,
2016-07-26,
2016-07-27,
2016-07-28,
2016-07-29,
2016-07-30,
2016-07-31,
2016-08-01,
2016-08-02,
2016-08-03,
2016-08-04,
2016-08-05,
2016-08-06,
2016-08-07,
2016-08-08,
2016-08-09,
2016-08-10,
2016-08-11,
2016-08-12,
2016-08-13,
2016-08-14,
2016-08-15,
2016-08-16,
2016-08-17,
2016-08-18,
2016-08-19,
2016-08-20,
2016-08-21,
2016-08-22,
2016-08-23,
2016-08-24,
2016-08-25,
2016-08-26,
2016-08-27,
2016-08-28,
2016-08-29,
2016-08-30,
2016-08-31,
2016-09-01,
2016-09-02,
2016-09-03,
2016-09-04,
2016-09-05,
2016-09-06,
2016-09-07,
2016-09-08,40.0
2016-09-09,40.0
2016-09-10,37.0
2016-09-11,34.0
2016-09-12,33.0
2016-09-13,26.0
2016-09-14,22.0
2016-09-15,27.0
2016-09-16,31.0
2016-09-17,32.0
2016-09-18,36.0
2016-09-19,34.0
2016-09-20,35.0
2016-09-21,34.0
2016-09-22,21.0
2016-09-23,21.0
2016-09-24,32.0
2016-09-25,42.0
2016-09-26,36.0
2016-09-27,33.0
2016-09-28,33.0
2016-09-29,32.0
2016-09-30,31.0
2016-10-01,30.0
2016-10-02,19.0
2016-10-03,17.0
2016-10-04,21.0
2016-10-05,19.0
2016-10-06,19.0
2016-10-07,27.0
2016-10-08,29.0
2016-10-09,30.0
2016-10-10,30.0
2016-10-11,29.0
2016-10-12,27.0
2016-10-13,29.0
2016-10-14,35.0
2016-10-15,33.0
2016-10-16,31.0
2016-10-17,25.0
2016-10-18,22.0
2016-10-19,27.0
2016-10-20,32.0
2016-10-21,32.0
2016-10-22,33.0
2016-10-23,33.0
2016-10-24,32.0
2016-10-25,30.0
2016-10-26,31.0
2016-10-27,32.0
2016-10-28,29.0
2016-10-29,26.0
2016-10-30,22.0
2016-10-31,13.0
2016-11-01,20.0
2016-11-02,29.0
2016-11-03,28.0
2016-11-04,25.0
2016-11-05,26.0
2016-11-06,27.0
2016-11-07,29.0
2016-11-08,32.0
2016-11-09,31.0
2016-11-10,28.0
2016-11-11,27.0
2016-11-12,27.0
2016-11-13,25.0
2016-11-14,32.0
2016-11-15,30.0
2016-11-16,8.0
2016-11-17,11.0
2016-11-18,23.0
2016-11-19,32.0
2016-11-20,24.0
2016-11-21,10.0
2016-11-22,11.0
2016-11-23,17.0
2016-11-24,15.0
2016-11-25,24.0
2016-11-26,16.0
2016-11-27,11.0
2016-11-28,19.0
2016-11-29,21.0
2016-11-30,8.0
2016-12-01,7.0
2016-12-02,12.0
2016-12-03,31.0
2016-12-04,23.0
2016-12-05,20.0
2016-12-06,13.0
2016-12-07,11.0
2016-12-08,27.0
2016-12-09,21.0
2016-12-10,29.0
2016-12-11,21.0
2016-12-12,19.0
2016-12-13,25.0
2016-12-14,21.0
2016-12-15,28.0
2016-12-16,-8.0
2016-12-17,-5.0
2016-12-18,3.0
2016-12-19,10.0
2016-12-20,18.0
2016-12-21,14.0
2016-12-22,13.0
2016-12-23,16.0
2016-12-24,-3.0
2016-12-25,-11.0
2016-12-26,3.0
2016-12-27,14.0
2016-12-28,14.0
2016-12-29,20.0
2016-12-30,15.0
2016-12-31,12.0
2017-01-01,10.0
2017-01-02,3.0
2017-01-03,12.0
2017-01-04,23.0
2017-01-05,-3.0
2017-01-06,-2.0
2017-01-07,21.0
2017-01-08,29.0
2017-01-09,18.0
2017-01-10,18.0
2017-01-11,15.0
2017-01-12,-2.0
2017-01-13,-2.0
2017-01-14,6.0
2017-01-15,5.0
2017-01-16,23.0
2017-01-17,15.0
2017-01-18,21.0
2017-01-19,14.0
2017-01-20,12.0
2017-01-21,11.0
2017-01-22,17.0
2017-01-23,2.0
2017-01-24,-10.0
2017-01-25,-8.0
2017-01-26,0.0
2017-01-27,10.0
2017-01-28,8.0
2017-01-29,14.0
2017-01-30,16.0
2017-01-31,18.0
2017-02-01,20.0
2017-02-02,18.0
2017-02-03,
2017-02-04,10.0
2017-02-05,14.0
2017-02-06,21.0
2017-02-07,28.0
2017-02-08,30.0
2017-02-09,28.0
2017-02-10,23.0
2017-02-11,2.0
2017-02-12,20.0
2017-02-13,11.0
2017-02-14,12.0
2017-02-15,13.0
2017-02-16,14.0
2017-02-17,23.0
2017-02-18,14.0
2017-02-19,13.0
2017-02-20,20.0
2017-02-21,18.0
2017-02-22,3.0
2017-02-23,-13.0
2017-02-24,-9.0
2017-02-25,-3.0
2017-02-26,-3.0
2017-02-27,3.0
2017-02-28,-5.0
2017-03-01,7.0
2017-03-02,9.0
2017-03-03,10.0
2017-03-04,18.0
2017-03-05,1.0
2017-03-06,-11.0
2017-03-07,12.0
2017-03-08,16.0
2017-03-09,18.0
2017-03-10,22.0
2017-03-11,19.0
2017-03-12,20.0
2017-03-13,17.0
2017-03-14,25.0
2017-03-15,24.0
2017-03-16,27.0
2017-03-17,27.0
2017-03-18,28.0
2017-03-19,23.0
2017-03-20,29.0
2017-03-21,25.0
2017-03-22,13.0
2017-03-23,3.0
2017-03-24,17.0
2017-03-25,12.0
2017-03-26,10.0
2017-03-27,19.0
2017-03-28,18.0
2017-03-29,25.0
2017-03-30,12.0
2017-03-31,13.0
2017-04-01,24.0
2017-04-02,23.0
2017-04-03,19.0
2017-04-04,16.0
2017-04-05,25.0
2017-04-06,25.0
2017-04-07,22.0
2017-04-08,0.0
2017-04-09,2.0
2017-04-10,5.0
2017-04-11,21.0
2017-04-12,16.0
2017-04-13,8.0
2017-04-14,2.0
2017-04-15,15.0
2017-04-16,22.0
2017-04-17,30.0
2017-04-18,16.0
2017-04-19,3.0
2017-04-20,12.0
2017-04-21,22.0
2017-04-22,27.0
2017-04-23,23.0
2017-04-24,24.0
2017-04-25,18.0
2017-04-26,25.0
2017-04-27,23.0
2017-04-28,18.0
2017-04-29,23.0
2017-04-30,23.0
2017-05-01,29.0
2017-05-02,28.0
2017-05-03,31.0
2017-05-04,32.0
2017-05-05,32.0
2017-05-06,26.0
2017-05-07,27.0
2017-05-08,32.0
2017-05-09,31.0
2017-05-10,27.0
2017-05-11,30.0
2017-05-12,23.0
2017-05-13,12.0
2017-05-14,13.0
2017-05-15,24.0
2017-05-16,16.0
2017-05-17,21.0
2017-05-18,15.0
2017-05-19,20.0
2017-05-20,27.0
2017-05-21,29.0
2017-05-22,31.0
2017-05-23,33.0
2017-05-24,32.0
2017-05-25,28.0
2017-05-26,23.0
2017-05-27,28.0
2017-05-28,28.0
2017-05-29,30.0
2017-05-30,33.0
2017-05-31,32.0
2017-06-01,29.0
2017-06-02,32.0
2017-06-03,33.0
2017-06-04,32.0
2017-06-05,30.0
2017-06-06,32.0
2017-06-07,31.0
2017-06-08,30.0
2017-06-09,33.0
2017-06-10,29.0
2017-06-11,16.0
2017-06-12,16.0
2017-06-13,22.0
2017-06-14,30.0
2017-06-15,31.0
2017-06-16,36.0
2017-06-17,38.0
2017-06-18,42.0
2017-06-19,42.0
2017-06-20,41.0
2017-06-21,41.0
2017-06-22,42.0
2017-06-23,40.0
2017-06-24,40.0
2017-06-25,40.0
2017-06-26,35.0
2017-06-27,33.0
2017-06-28,32.0
2017-06-29,34.0
2017-06-30,39.0
2017-07-01,39.0
2017-07-02,39.0
2017-07-03,41.0
2017-07-04,41.0
2017-07-05,41.0
2017-07-06,42.0
2017-07-07,42.0
2017-07-08,43.0
2017-07-09,45.0
2017-07-10,43.0
2017-07-11,41.0
2017-07-12,40.0
2017-07-13,42.0
2017-07-14,43.0
2017-07-15,43.0
2017-07-16,46.0
2017-07-17,41.0
2017-07-18,39.0
2017-07-19,37.0
2017-07-20,40.0
2017-07-21,40.0
2017-07-22,44.0
2017-07-23,45.0
2017-07-24,41.0
2017-07-25,39.0
2017-07-26,39.0
2017-07-27,37.0
2017-07-28,43.0
2017-07-29,41.0
2017-07-30,40.0
2017-07-31,43.0
2017-08-01,45.0
2017-08-02,47.0
2017-08-03,44.0
2017-08-04,45.0
2017-08-05,42.0
2017-08-06,38.0
2017-08-07,36.0
2017-08-08,37.0
2017-08-09,40.0
2017-08-10,37.0
2017-08-11,38.0
2017-08-12,38.0
2017-08-13,36.0
2017-08-14,35.0
2017-08-15,36.0
2017-08-16,38.0
2017-08-17,38.0
2017-08-18,42.0
2017-08-19,43.0
2017-08-20,39.0
2017-08-21,38.0
2017-08-22,36.0
2017-08-23,36.0
2017-08-24,39.0
2017-08-25,39.0
2017-08-26,41.0
2017-08-27,42.0
2017-08-28,42.0
2017-08-29,47.0
2017-08-30,43.0
2017-08-31,42.0
2017-09-01,42.0
2017-09-02,42.0
2017-09-03,44.0
2017-09-04,52.0
2017-09-05,45.0
2017-09-06,42.0
2017-09-07,36.0
2017-09-08,33.0
2017-09-09,32.0
2017-09-10,35.0
2017-09-11,42.0
2017-09-12,37.0
2017-09-13,34.0
2017-09-14,31.0
2017-09-15,29.0
2017-09-16,29.0
2017-09-17,30.0
2017-09-18,31.0
2017-09-19,28.0
2017-09-20,29.0
2017-09-21,14.0
2017-09-22,10.0
2017-09-23,18.0
2017-09-24,19.0
2017-09-25,24.0
2017-09-26,27.0
2017-09-27,26.0
2017-09-28,28.0
2017-09-29,29.0
2017-09-30,29.0
2017-10-01,25.0
2017-10-02,22.0
2017-10-03,19.0
2017-10-04,18.0
2017-10-05,21.0
2017-10-06,27.0
2017-10-07,32.0
2017-10-08,30.0
2017-10-09,29.0
2017-10-10,26.0
2017-10-11,23.0
2017-10-12,19.0
2017-10-13,21.0
2017-10-14,28.0
2017-10-15,30.0
2017-10-16,30.0
2017-10-17,32.0
2017-10-18,28.0
2017-10-19,30.0
2017-10-20,22.0
2017-10-21,22.0
2017-10-22,29.0
2017-10-23,37.0
2017-10-24,38.0
2017-10-25,33.0
2017-10-26,32.0
2017-10-27,33.0
2017-10-28,33.0
2017-10-29,33.0
2017-10-30,29.0
2017-10-31,24.0
2017-11-01,25.0
2017-11-02,24.0
2017-11-03,23.0
2017-11-04,23.0
2017-11-05,21.0
2017-11-06,18.0
2017-11-07,18.0
2017-11-08,22.0
2017-11-09,26.0
2017-11-10,20.0
2017-11-11,18.0
2017-11-12,29.0
2017-11-13,27.0
2017-11-14,24.0
2017-11-15,28.0
2017-11-16,29.0
2017-11-17,14.0
2017-11-18,14.0
2017-11-19,18.0
2017-11-20,24.0
2017-11-21,30.0
2017-11-22,31.0
2017-11-23,31.0
2017-11-24,30.0
2017-11-25,32.0
2017-11-26,30.0
2017-11-27,16.0
2017-11-28,22.0
2017-11-29,20.0
2017-11-30,20.0
2017-12-01,21.0
2017-12-02,23.0
2017-12-03,11.0
2017-12-04,9.0
2017-12-05,23.0
2017-12-06,21.0
2017-12-07,23.0
2017-12-08,21.0
2017-12-09,19.0
2017-12-10,19.0
2017-12-11,22.0
2017-12-12,25.0
2017-12-13,25.0
2017-12-14,26.0
2017-12-15,25.0
2017-12-16,21.0
2017-12-17,28.0
2017-12-18,23.0
2017-12-19,21.0
2017-12-20,-1.0
2017-12-21,4.0
2017-12-22,17.0
2017-12-23,27.0
2017-12-24,29.0
2017-12-25,25.0
2017-12-26,21.0
2017-12-27,19.0
2017-12-28,25.0
2017-12-29,26.0
2017-12-30,23.0
2017-12-31,23.0
2018-01-01,22.0
2018-01-02,25.0
2018-01-03,25.0
2018-01-04,26.0
2018-01-05,21.0
2018-01-06,13.0
2018-01-07,15.0
2018-01-08,30.0
2018-01-09,21.0
2018-01-10,18.0
2018-01-11,22.0
2018-01-12,20.0
2018-01-13,23.0
2018-01-14,24.0
2018-01-15,23.0
2018-01-16,24.0
2018-01-17,23.0
2018-01-18,28.0
2018-01-19,4.0
2018-01-20,1.0
2018-01-21,2.0
2018-01-22,9.0
2018-01-23,9.0
2018-01-24,16.0
2018-01-25,-4.0
2018-01-26,-2.0
2018-01-27,13.0
2018-01-28,25.0
2018-01-29,26.0
2018-01-30,22.0
2018-01-31,21.0
2018-02-01,26.0
2018-02-02,26.0
2018-02-03,27.0
2018-02-04,24.0
2018-02-05,21.0
2018-02-06,20.0
2018-02-07,23.0
2018-02-08,24.0
2018-02-09,24.0
2018-02-10,21.0
2018-02-11,12.0
2018-02-12,11.0
2018-02-13,5.0
2018-02-14,2.0
2018-02-15,1.0
2018-02-16,13.0
2018-02-17,17.0
2018-02-18,6.0
2018-02-19,-9.0
2018-02-20,-15.0
2018-02-21,-2.0
2018-02-22,-1.0
2018-02-23,-10.0
2018-02-24,1.0
2018-02-25,8.0
2018-02-26,8.0
2018-02-27,3.0
2018-02-28,2.0
2018-03-01,16.0
2018-03-02,14.0
2018-03-03,7.0
2018-03-04,-9.0
2018-03-05,-2.0
2018-03-06,9.0
2018-03-07,18.0
2018-03-08,16.0
2018-03-09,16.0
2018-03-10,24.0
2018-03-11,16.0
2018-03-12,18.0
2018-03-13,27.0
2018-03-14,15.0
2018-03-15,7.0
2018-03-16,10.0
2018-03-17,0.0
2018-03-18,-5.0
2018-03-19,2.0
2018-03-20,19.0
2018-03-21,29.0
2018-03-22,22.0
2018-03-23,0.0
2018-03-24,5.0
2018-03-25,9.0
2018-03-26,4.0
2018-03-27,21.0
2018-03-28,24.0
2018-03-29,23.0
2018-03-30,20.0
2018-03-31,22.0
2018-04-01,20.0
2018-04-02,20.0
2018-04-03,15.0
2018-04-04,24.0
2018-04-05,26.0
2018-04-06,31.0
2018-04-07,18.0
2018-04-08,16.0
2018-04-09,28.0
2018-04-10,34.0
2018-04-11,20.0
2018-04-12,6.0
2018-04-13,22.0
2018-04-14,19.0
2018-04-15,24.0
2018-04-16,8.0
2018-04-17,-2.0
2018-04-18,13.0
2018-04-19,11.0
2018-04-20,24.0
2018-04-21,23.0
2018-04-22,27.0
2018-04-23,24.0
2018-04-24,27.0
2018-04-25,29.0
2018-04-26,30.0
2018-04-27,27.0
2018-04-28,20.0
2018-04-29,20.0
2018-04-30,15.0
2018-05-01,21.0
2018-05-02,24.0
2018-05-03,27.0
2018-05-04,27.0
2018-05-05,29.0
2018-05-06,32.0
2018-05-07,32.0
2018-05-08,33.0
2018-05-09,32.0
2018-05-10,27.0
2018-05-11,24.0
2018-05-12,14.0
2018-05-13,22.0
2018-05-14,25.0
2018-05-15,23.0
2018-05-16,21.0
2018-05-17,18.0
2018-05-18,27.0
2018-05-19,29.0
2018-05-20,25.0
2018-05-21,30.0
2018-05-22,29.0
2018-05-23,32.0
2018-05-24,30.0
2018-05-25,30.0
2018-05-26,26.0
2018-05-27,29.0
2018-05-28,35.0
2018-05-29,32.0
2018-05-30,32.0
2018-05-31,27.0
2018-06-01,26.0
2018-06-02,33.0
2018-06-03,37.0
2018-06-04,34.0
2018-06-05,32.0
2018-06-06,32.0
2018-06-07,30.0
2018-06-08,33.0
2018-06-09,31.0
2018-06-10,29.0
2018-06-11,34.0
2018-06-12,39.0
2018-06-13,39.0
2018-06-14,34.0
2018-06-15,33.0
2018-06-16,32.0
2018-06-17,28.0
2018-06-18,25.0
2018-06-19,32.0
2018-06-20,37.0
2018-06-21,37.0
2018-06-22,35.0
2018-06-23,37.0
2018-06-24,42.0
2018-06-25,41.0
2018-06-26,42.0
2018-06-27,38.0
2018-06-28,35.0
2018-06-29,32.0
2018-06-30,40.0
2018-07-01,40.0
2018-07-02,39.0
2018-07-03,36.0
2018-07-04,35.0
2018-07-05,35.0
2018-07-06,42.0
2018-07-07,43.0
2018-07-08,44.0
2018-07-09,45.0
2018-07-10,44.0
2018-07-11,44.0
2018-07-12,47.0
2018-07-13,46.0
2018-07-14,44.0
2018-07-15,44.0
2018-07-16,45.0
2018-07-17,45.0
2018-07-18,47.0
2018-07-19,46.0
2018-07-20,42.0
2018-07-21,41.0
2018-07-22,41.0
2018-07-23,41.0
2018-07-24,44.0
2018-07-25,44.0
2018-07-26,48.0
2018-07-27,46.0
2018-07-28,45.0
2018-07-29,44.0
2018-07-30,46.0
2018-07-31,45.0
2018-08-01,44.0
2018-08-02,43.0
2018-08-03,41.0
2018-08-04,39.0
2018-08-05,39.0
2018-08-06,37.0
2018-08-07,41.0
2018-08-08,42.0
2018-08-09,43.0
2018-08-10,45.0
2018-08-11,45.0
2018-08-12,45.0
2018-08-13,41.0
2018-08-14,41.0
2018-08-15,40.0
2018-08-16,39.0
2018-08-17,41.0
2018-08-18,40.0
2018-08-19,43.0
2018-08-20,41.0
2018-08-21,37.0
2018-08-22,35.0
2018-08-23,33.0
2018-08-24,33.0
2018-08-25,35.0
2018-08-26,34.0
2018-08-27,34.0
2018-08-28,32.0
2018-08-29,34.0
2018-08-30,33.0
2018-08-31,29.0
2018-09-01,33.0
2018-09-02,36.0
2018-09-03,36.0
2018-09-04,37.0
2018-09-05,34.0
2018-09-06,38.0
2018-09-07,38.0
2018-09-08,37.0
2018-09-09,33.0
2018-09-10,36.0
2018-09-11,34.0
2018-09-12,37.0
2018-09-13,29.0
2018-09-14,37.0
2018-09-15,32.0
2018-09-16,27.0
2018-09-17,32.0
2018-09-18,32.0
2018-09-19,27.0
2018-09-20,32.0
2018-09-21,32.0
2018-09-22,29.0
2018-09-23,32.0
2018-09-24,29.0
2018-09-25,33.0
2018-09-26,33.0
2018-09-27,37.0
2018-09-28,34.0
2018-09-29,37.0
2018-09-30,33.0
2018-10-01,32.0
2018-10-02,37.0
2018-10-03,31.0
2018-10-04,29.0
2018-10-05,24.0
2018-10-06,30.0
2018-10-07,26.0
2018-10-08,27.0
2018-10-09,26.0
2018-10-10,22.0
2018-10-11,23.0
2018-10-12,27.0
2018-10-13,24.0
2018-10-14,25.0
2018-10-15,31.0
2018-10-16,26.0
2018-10-17,22.0
2018-10-18,22.0
2018-10-19,27.0
2018-10-20,24.0
2018-10-21,22.0
2018-10-22,23.0
2018-10-23,21.0
2018-10-24,25.0
2018-10-25,28.0
2018-10-26,32.0
2018-10-27,32.0
2018-10-28,30.0
2018-10-29,23.0
2018-10-30,20.0
2018-10-31,27.0
2018-11-01,32.0
2018-11-02,29.0
2018-11-03,32.0
2018-11-04,32.0
2018-11-05,31.0
2018-11-06,27.0
2018-11-07,25.0
2018-11-08,20.0
2018-11-09,21.0
2018-11-10,19.0
2018-11-11,22.0
2018-11-12,30.0
2018-11-13,28.0
2018-11-14,24.0
2018-11-15,24.0
2018-11-16,23.0
2018-11-17,21.0
2018-11-18,19.0
2018-11-19,17.0
2018-11-20,19.0
2018-11-21,24.0
2018-11-22,19.0
2018-11-23,
2018-11-24,21.0
2018-11-25,20.0
2018-11-26,19.0
2018-11-27,24.0
2018-11-28,24.0
2018-11-29,20.0
2018-11-30,2.0
2018-12-01,-3.0
2018-12-02,-5.0
2018-12-03,2.0
2018-12-04,20.0
2018-12-05,20.0
2018-12-06,14.0
2018-12-07,12.0
2018-12-08,10.0
2018-12-09,17.0
2018-12-10,16.0
2018-12-11,13.0
2018-12-12,17.0
2018-12-13,18.0
2018-12-14,22.0
2018-12-15,20.0
2018-12-16,25.0
2018-12-17,16.0
2018-12-18,19.0
2018-12-19,22.0
2018-12-20,27.0
2018-12-21,14.0
2018-12-22,14.0
2018-12-23,20.0
2018-12-24,14.0
2018-12-25,5.0
2018-12-26,17.0
2018-12-27,6.0
2018-12-28,4.0
2018-12-29,23.0
2018-12-30,15.0
2018-12-31,5.0
2019-01-01,10.0
2019-01-02,20.0
2019-01-03,19.0
2019-01-04,20.0
2019-01-05,17.0
2019-01-06,4.0
2019-01-07,21.0
2019-01-08,27.0
2019-01-09,11.0
2019-01-10,2.0
2019-01-11,15.0
2019-01-12,10.0
2019-01-13,8.0
2019-01-14,8.0
2019-01-15,16.0
2019-01-16,20.0
2019-01-17,19.0
2019-01-18,16.0
2019-01-19,16.0
2019-01-20,13.0
2019-01-21,10.0
2019-01-22,13.0
2019-01-23,24.0
2019-01-24,16.0
2019-01-25,13.0
2019-01-26,29.0
2019-01-27,25.0
2019-01-28,31.0
2019-01-29,18.0
2019-01-30,20.0
2019-01-31,20.0
2019-02-01,17.0
2019-02-02,14.0
2019-02-03,16.0
2019-02-04,8.0
2019-02-05,-15.0
2019-02-06,-15.0
2019-02-07,-2.0
2019-02-08,4.0
2019-02-09,9.0
2019-02-10,-8.0
2019-02-11,-6.0
2019-02-12,11.0
2019-02-13,22.0
2019-02-14,16.0
2019-02-15,9.0
2019-02-16,6.0
2019-02-17,-9.0
2019-02-18,-9.0
2019-02-19,-9.0
2019-02-20,2.0
2019-02-21,2.0
2019-02-22,-2.0
2019-02-23,0.0
2019-02-24,11.0
2019-02-25,19.0
2019-02-26,20.0
2019-02-27,20.0
2019-02-28,22.0
2019-03-01,23.0
2019-03-02,25.0
2019-03-03,11.0
2019-03-04,9.0
2019-03-05,24.0
2019-03-06,19.0
2019-03-07,11.0
2019-03-08,-2.0
2019-03-09,-3.0
2019-03-10,-3.0
2019-03-11,7.0
2019-03-12,8.0
2019-03-13,1.0
2019-03-14,11.0
2019-03-15,8.0
2019-03-16,13.0
2019-03-17,10.0
2019-03-18,14.0
2019-03-19,16.0
2019-03-20,15.0
2019-03-21,10.0
2019-03-22,3.0
2019-03-23,1.0
2019-03-24,0.0
2019-03-25,13.0
2019-03-26,21.0
2019-03-27,21.0
2019-03-28,15.0
2019-03-29,3.0
2019-03-30,8.0
2019-03-31,14.0
2019-04-01,22.0
2019-04-02,15.0
2019-04-03,11.0
2019-04-04,16.0
2019-04-05,11.0
2019-04-06,10.0
2019-04-07,24.0
2019-04-08,29.0
2019-04-09,17.0
2019-04-10,16.0
2019-04-11,14.0
2019-04-12,12.0
2019-04-13,20.0
2019-04-14,20.0
2019-04-15,26.0
2019-04-16,23.0
2019-04-17,26.0
2019-04-18,24.0
2019-04-19,26.0
2019-04-20,22.0
2019-04-21,14.0
2019-04-22,26.0
2019-04-23,33.0
2019-04-24,29.0
2019-04-25,29.0
2019-04-26,28.0
2019-04-27,25.0
2019-04-28,26.0
2019-04-29,24.0
2019-04-30,20.0
2019-05-01,12.0
2019-05-02,15.0
2019-05-03,21.0
2019-05-04,23.0
2019-05-05,25.0
2019-05-06,22.0
2019-05-07,26.0
2019-05-08,34.0
2019-05-09,27.0
2019-05-10,27.0
2019-05-11,23.0
2019-05-12,27.0
2019-05-13,28.0
2019-05-14,27.0
2019-05-15,29.0
2019-05-16,20.0
2019-05-17,20.0
2019-05-18,15.0
2019-05-19,12.0
2019-05-20,2.0
2019-05-21,14.0
2019-05-22,15.0
2019-05-23,25.0
2019-05-24,20.0
2019-05-25,19.0
2019-05-26,12.0
2019-05-27,13.0
2019-05-28,26.0
2019-05-29,24.0
2019-05-30,24.0
2019-05-31,26.0
2019-06-01,27.0
2019-06-02,29.0
2019-06-03,34.0
2019-06-04,32.0
2019-06-05,33.0
2019-06-06,34.0
2019-06-07,28.0
2019-06-08,24.0
2019-06-09,31.0
2019-06-10,32.0
2019-06-11,34.0
2019-06-12,35.0
2019-06-13,34.0
2019-06-14,31.0
2019-06-15,34.0
2019-06-16,32.0
2019-06-17,36.0
2019-06-18,35.0
2019-06-19,35.0
2019-06-20,35.0
2019-06-21,28.0
2019-06-22,30.0
2019-06-23,31.0
2019-06-24,33.0
2019-06-25,32.0
2019-06-26,32.0
2019-06-27,30.0
2019-06-28,31.0
2019-06-29,32.0
2019-06-30,35.0
2019-07-01,33.0
2019-07-02,32.0
2019-07-03,32.0
2019-07-04,29.0
2019-07-05,37.0
2019-07-06,36.0
2019-07-07,34.0
2019-07-08,32.0
2019-07-09,35.0
2019-07-10,38.0
2019-07-11,40.0
2019-07-12,41.0
2019-07-13,39.0
2019-07-14,39.0
2019-07-15,34.0
2019-07-16,38.0
2019-07-17,36.0
2019-07-18,40.0
2019-07-19,39.0
2019-07-20,40.0
2019-07-21,40.0
2019-07-22,42.0
2019-07-23,42.0
2019-07-24,40.0
2019-07-25,41.0
2019-07-26,41.0
2019-07-27,38.0
2019-07-28,43.0
2019-07-29,37.0
2019-07-30,38.0
2019-07-31,39.0
2019-08-01,38.0
2019-08-02,35.0
2019-08-03,37.0
2019-08-04,40.0
2019-08-05,43.0
2019-08-06,44.0
2019-08-07,41.0
2019-08-08,37.0
2019-08-09,32.0
2019-08-10,31.0
2019-08-11,26.0
2019-08-12,34.0
2019-08-13,36.0
2019-08-14,39.0
2019-08-15,39.0
2019-08-16,
2019-08-17,36.0
2019-08-18,39.0
2019-08-19,37.0
2019-08-20,37.0
2019-08-21,39.0
2019-08-22,39.0
2019-08-23,40.0
2019-08-24,41.0
2019-08-25,40.0
2019-08-26,45.0
2019-08-27,44.0
2019-08-28,41.0
2019-08-29,38.0
2019-08-30,34.0
2019-08-31,40.0
2019-09-01,39.0
2019-09-02,41.0
2019-09-03,39.0
2019-09-04,42.0
2019-09-05,45.0
2019-09-06,41.0
2019-09-07,39.0
2019-09-08,27.0
2019-09-09,28.0
2019-09-10,23.0
2019-09-11,20.0
2019-09-12,32.0
2019-09-13,32.0
2019-09-14,35.0
2019-09-15,35.0
2019-09-16,31.0
2019-09-17,22.0
2019-09-18,29.0
2019-09-19,25.0
2019-09-20,20.0
2019-09-21,27.0
2019-09-22,31.0
2019-09-23,32.0
2019-09-24,31.0
2019-09-25,41.0
2019-09-26,36.0
2019-09-27,33.0
2019-09-28,24.0
2019-09-29,13.0
2019-09-30,11.0
2019-10-01,11.0
2019-10-02,19.0
2019-10-03,24.0
2019-10-04,23.0
2019-10-05,29.0
2019-10-06,33.0
2019-10-07,30.0
2019-10-08,28.0
2019-10-09,23.0
2019-10-10,23.0
2019-10-11,23.0
2019-10-12,24.0
2019-10-13,23.0
2019-10-14,23.0
2019-10-15,27.0
2019-10-16,29.0
2019-10-17,19.0
2019-10-18,16.0
2019-10-19,23.0
2019-10-20,24.0
2019-10-21,31.0
2019-10-22,32.0
2019-10-23,32.0
2019-10-24,35.0
2019-10-25,32.0
2019-10-26,29.0
2019-10-27,18.0
2019-10-28,19.0
2019-10-29,23.0
2019-10-30,18.0
2019-10-31,24.0
2019-11-01,27.0
2019-11-02,28.0
2019-11-03,27.0
2019-11-04,28.0
2019-11-05,26.0
2019-11-06,26.0
2019-11-07,25.0
2019-11-08,24.0
2019-11-09,24.0
2019-11-10,26.0
2019-11-11,31.0
2019-11-12,28.0
2019-11-13,32.0
2019-11-14,29.0
2019-11-15,25.0
2019-11-16,25.0
2019-11-17,32.0
2019-11-18,30.0
2019-11-19,14.0
2019-11-20,14.0
2019-11-21,12.0
2019-11-22,17.0
2019-11-23,12.0
2019-11-24,20.0
2019-11-25,5.0
2019-11-26,5.0
2019-11-27,8.0
2019-11-28,4.0
2019-11-29,-8.0
2019-11-30,-7.0
2019-12-01,25.0
2019-12-02,27.0
2019-12-03,19.0
2019-12-04,11.0
2019-12-05,7.0
2019-12-06,15.0
2019-12-07,22.0
2019-12-08,20.0
2019-12-09,10.0
2019-12-10,14.0
2019-12-11,15.0
2019-12-12,31.0
2019-12-13,28.0
2019-12-14,7.0
2019-12-15,0.0
2019-12-16,5.0
2019-12-17,9.0
2019-12-18,7.0
2019-12-19,7.0
2019-12-20,17.0
2019-12-21,27.0
2019-12-22,21.0
2019-12-23,18.0
2019-12-24,5.0
2019-12-25,-2.0
2019-12-26,11.0
2019-12-27,12.0
2019-12-28,21.0
2019-12-29,19.0
2019-12-30,13.0
2019-12-31,25.0
2020-01-01,24.0
2020-01-02,31.0
2020-01-03,19.0
2020-01-04,16.0
2020-01-05,15.0
2020-01-06,18.0
2020-01-07,18.0
2020-01-08,4.0
2020-01-09,7.0
2020-01-10,14.0
2020-01-11,12.0
2020-01-12,12.0
2020-01-13,10.0
2020-01-14,10.0
2020-01-15,10.0
2020-01-16,8.0
2020-01-17,0.0
2020-01-18,14.0
2020-01-19,22.0
2020-01-20,22.0
2020-01-21,16.0
2020-01-22,15.0
2020-01-23,15.0
2020-01-24,20.0
2020-01-25,20.0
2020-01-26,10.0
2020-01-27,13.0
2020-01-28,10.0
2020-01-29,20.0
2020-01-30,22.0
2020-01-31,23.0
2020-02-01,26.0
2020-02-02,3.0
2020-02-03,1.0
2020-02-04,7.0
2020-02-05,16.0
2020-02-06,32.0
2020-02-07,21.0
2020-02-08,18.0
2020-02-09,9.0
2020-02-10,12.0
2020-02-11,26.0
2020-02-12,14.0
2020-02-13,11.0
2020-02-14,9.0
2020-02-15,15.0
2020-02-16,23.0
2020-02-17,14.0
2020-02-18,12.0
2020-02-19,8.0
2020-02-20,11.0
2020-02-21,15.0
2020-02-22,17.0
2020-02-23,12.0
2020-02-24,20.0
2020-02-25,21.0
2020-02-26,20.0
2020-02-27,19.0
2020-02-28,21.0
2020-02-29,22.0
2020-03-01,11.0
2020-03-02,11.0
2020-03-03,23.0
2020-03-04,21.0
2020-03-05,21.0
2020-03-06,20.0
2020-03-07,6.0
2020-03-08,3.0
2020-03-09,13.0
2020-03-10,17.0
2020-03-11,17.0
2020-03-12,25.0
2020-03-13,24.0
2020-03-14,19.0
2020-03-15,15.0
2020-03-16,13.0
2020-03-17,-4.0
2020-03-18,-6.0
2020-03-19,2.0
2020-03-20,-2.0
2020-03-21,5.0
2020-03-22,9.0
2020-03-23,16.0
2020-03-24,7.0
2020-03-25,11.0
2020-03-26,2.0
2020-03-27,-5.0
2020-03-28,4.0
2020-03-29,7.0
2020-03-30,6.0
2020-03-31,20.0
2020-04-01,18.0
2020-04-02,9.0
2020-04-03,13.0
2020-04-04,14.0
2020-04-05,20.0
2020-04-06,8.0
2020-04-07,1.0
2020-04-08,23.0
2020-04-09,19.0
2020-04-10,11.0
2020-04-11,21.0
2020-04-12,22.0
2020-04-13,14.0
2020-04-14,18.0
2020-04-15,21.0
2020-04-16,21.0
2020-04-17,25.0
2020-04-18,18.0
2020-04-19,11.0
2020-04-20,18.0
2020-04-21,21.0
2020-04-22,24.0
2020-04-23,27.0
2020-04-24,28.0
2020-04-25,30.0
2020-04-26,28.0
2020-04-27,21.0
2020-04-28,32.0
2020-04-29,33.0
2020-04-30,31.0
2020-05-01,28.0
2020-05-02,26.0
2020-05-03,23.0
2020-05-04,19.0
2020-05-05,27.0
2020-05-06,31.0
2020-05-07,32.0
2020-05-08,32.0
2020-05-09,33.0
2020-05-10,31.0
2020-05-11,27.0
2020-05-12,27.0
2020-05-13,21.0
2020-05-14,25.0
2020-05-15,24.0
2020-05-16,30.0
2020-05-17,30.0
2020-05-18,23.0
2020-05-19,17.0
2020-05-20,11.0
2020-05-21,19.0
2020-05-22,23.0
2020-05-23,20.0
2020-05-24,28.0
2020-05-25,33.0
2020-05-26,39.0
2020-05-27,37.0
2020-05-28,38.0
2020-05-29,41.0
2020-05-30,29.0
2020-05-31,27.0
2020-06-01,37.0
2020-06-02,34.0
2020-06-03,37.0
2020-06-04,36.0
2020-06-05,37.0
2020-06-06,27.0
2020-06-07,18.0
2020-06-08,17.0
2020-06-09,28.0
2020-06-10,32.0
2020-06-11,34.0
2020-06-12,30.0
2020-06-13,25.0
2020-06-14,22.0
2020-06-15,33.0
2020-06-16,29.0
2020-06-17,28.0
2020-06-18,32.0
2020-06-19,33.0
2020-06-20,35.0
2020-06-21,37.0
2020-06-22,44.0
2020-06-23,43.0
2020-06-24,42.0
2020-06-25,39.0
2020-06-26,43.0
2020-06-27,42.0
2020-06-28,35.0
2020-06-29,26.0
2020-06-30,29.0
2020-07-01,32.0
2020-07-02,32.0
2020-07-03,32.0
2020-07-04,33.0
2020-07-05,36.0
2020-07-06,38.0
2020-07-07,32.0
2020-07-08,35.0
2020-07-09,33.0
2020-07-10,37.0
2020-07-11,42.0
2020-07-12,42.0
2020-07-13,42.0
2020-07-14,41.0
2020-07-15,45.0
2020-07-16,44.0
2020-07-17,41.0
2020-07-18,40.0
2020-07-19,43.0
2020-07-20,44.0
2020-07-21,41.0
2020-07-22,36.0
2020-07-23,33.0
2020-07-24,37.0
2020-07-25,37.0
2020-07-26,37.0
2020-07-27,38.0
2020-07-28,39.0
2020-07-29,40.0
2020-07-30,42.0
2020-07-31,40.0
2020-08-01,40.0
2020-08-02,43.0
2020-08-03,35.0
2020-08-04,39.0
2020-08-05,36.0
2020-08-06,36.0
2020-08-07,39.0
2020-08-08,39.0
2020-08-09,39.0
2020-08-10,38.0
2020-08-11,39.0
2020-08-12,34.0
2020-08-13,41.0
2020-08-14,43.0
2020-08-15,47.0
2020-08-16,41.0
2020-08-17,42.0
2020-08-18,47.0
2020-08-19,46.0
2020-08-20,43.0
2020-08-21,42.0
2020-08-22,42.0
2020-08-23,45.0
2020-08-24,45.0
2020-08-25,40.0
2020-08-26,34.0
2020-08-27,30.0
2020-08-28,40.0
2020-08-29,37.0
2020-08-30,37.0
2020-08-31,39.0
2020-09-01,39.0
2020-09-02,41.0
2020-09-03,43.0
2020-09-04,45.0
2020-09-05,45.0
2020-09-06,44.0
2020-09-07,43.0
2020-09-08,39.0
2020-09-09,37.0
2020-09-10,32.0
2020-09-11,33.0
2020-09-12,34.0
2020-09-13,35.0
2020-09-14,33.0
2020-09-15,33.0
2020-09-16,35.0
2020-09-17,33.0
2020-09-18,41.0
2020-09-19,31.0
2020-09-20,33.0
2020-09-21,33.0
2020-09-22,33.0
2020-09-23,33.0
2020-09-24,33.0
2020-09-25,35.0
2020-09-26,37.0
2020-09-27,39.0
2020-09-28,39.0
2020-09-29,36.0
2020-09-30,36.0
2020-10-01,35.0
2020-10-02,35.0
2020-10-03,35.0
2020-10-04,33.0
2020-10-05,32.0
2020-10-06,36.0
2020-10-07,32.0
2020-10-08,32.0
2020-10-09,30.0
2020-10-10,27.0
2020-10-11,29.0
2020-10-12,32.0
2020-10-13,32.0
2020-10-14,35.0
2020-10-15,38.0
2020-10-16,35.0
2020-10-17,33.0
2020-10-18,33.0
2020-10-19,31.0
2020-10-20,32.0
2020-10-21,32.0
2020-10-22,30.0
2020-10-23,28.0
2020-10-24,26.0
2020-10-25,24.0
2020-10-26,20.0
2020-10-27,36.0
2020-10-28,32.0
2020-10-29,27.0
2020-10-30,27.0
2020-10-31,26.0
2020-11-01,30.0
2020-11-02,29.0
2020-11-03,27.0
2020-11-04,27.0
2020-11-05,30.0
2020-11-06,14.0
2020-11-07,6.0
2020-11-08,2.0
2020-11-09,-4.0
2020-11-10,16.0
2020-11-11,13.0
2020-11-12,13.0
2020-11-13,16.0
2020-11-14,14.0
2020-11-15,24.0
2020-11-16,30.0
2020-11-17,32.0
2020-11-18,14.0
2020-11-19,16.0
2020-11-20,24.0
2020-11-21,22.0
2020-11-22,18.0
2020-11-23,16.0
2020-11-24,21.0
2020-11-25,10.0
2020-11-26,5.0
2020-11-27,23.0
2020-11-28,18.0
2020-11-29,18.0
2020-11-30,19.0
2020-12-01,26.0
2020-12-02,23.0
2020-12-03,20.0
2020-12-04,19.0
2020-12-05,20.0
2020-12-06,19.0
2020-12-07,22.0
2020-12-08,23.0
2020-12-09,23.0
2020-12-10,
2020-12-11,
2020-12-12,
2020-12-13,
2020-12-14,
2020-12-15,
2020-12-16,
2020-12-17,
2020-12-18,
2020-12-19,
2020-12-20,
2020-12-21,
2020-12-22,
2020-12-23,
2020-12-24,
2020-12-25,
2020-12-26,
2020-12-27,
2020-12-28,
2020-12-29,
2020-12-30,
2020-12-31,
2021-01-01,
2021-01-02,
2021-01-03,
2021-01-04,
2021-01-05,
2021-01-06,
2021-01-07,
2021-01-08,
2021-01-09,
2021-01-10,
2021-01-11,
2021-01-12,
2021-01-13,
2021-01-14,
2021-01-15,
2021-01-16,
2021-01-17,
2021-01-18,
2021-01-19,
2021-01-20,
2021-01-21,
2021-01-22,
2021-01-23,
2021-01-24,
2021-01-25,
2021-01-26,
2021-01-27,
2021-01-28,
2021-01-29,
2021-01-30,
2021-01-31,
2021-02-01,
2021-02-02,
2021-02-03,
2021-02-04,
2021-02-05,
2021-02-06,
2021-02-07,
2021-02-08,
2021-02-09,
2021-02-10,
2021-02-11,
2021-02-12,
2021-02-13,
2021-02-14,
2021-02-15,
2021-02-16,
2021-02-17,
2021-02-18,
2021-02-19,
2021-02-20,
2021-02-21,
2021-02-22,
2021-02-23,
2021-02-24,
2021-02-25,
2021-02-26,
2021-02-27,
2021-02-28,
2021-03-01,
2021-03-02,
2021-03-03,
2021-03-04,
2021-03-05,
2021-03-06,
2021-03-07,
2021-03-08,
2021-03-09,
2021-03-10,
2021-03-11,
2021-03-12,
2021-03-13,
2021-03-14,
2021-03-15,
2021-03-16,
2021-03-17,
2021-03-18,
2021-03-19,
2021-03-20,
2021-03-21,
2021-03-22,
2021-03-23,
2021-03-24,
2021-03-25,
2021-03-26,
2021-03-27,
2021-03-28,
2021-03-29,
2021-03-30,
2021-03-31,
2021-04-01,
2021-04-02,
2021-04-03,
2021-04-04,
2021-04-05,
2021-04-06,
2021-04-07,
2021-04-08,
2021-04-09,
2021-04-10,
2021-04-11,
2021-04-12,
2021-04-13,
2021-04-14,
2021-04-15,
2021-04-16,
2021-04-17,
2021-04-18,
2021-04-19,
2021-04-20,
2021-04-21,
2021-04-22,
2021-04-23,
2021-04-24,
2021-04-25,
2021-04-26,
2021-04-27,
2021-04-28,
2021-04-29,
2021-04-30,
2021-05-01,
2021-05-02,
2021-05-03,
2021-05-04,
2021-05-05,
2021-05-06,
2021-05-07,
2021-05-08,
2021-05-09,
2021-05-10,
2021-05-11,
2021-05-12,
2021-05-13,
2021-05-14,
2021-05-15,
2021-05-16,
2021-05-17,
2021-05-18,
2021-05-19,
2021-05-20,
2021-05-21,
2021-05-22,
2021-05-23,
2021-05-24,
2021-05-25,
2021-05-26,
2021-05-27,
2021-05-28,
2021-05-29,
2021-05-30,
2021-05-31,
2021-06-01,
2021-06-02,
2021-06-03,
2021-06-04,
2021-06-05,
2021-06-06,
2021-06-07,
2021-06-08,
2021-06-09,
2021-06-10,
2021-06-11,
2021-06-12,
2021-06-13,
2021-06-14,
2021-06-15,
2021-06-16,
2021-06-17,
2021-06-18,
2021-06-19,
2021-06-20,
2021-06-21,
2021-06-22,
2021-06-23,
2021-06-24,
2021-06-25,
2021-06-26,
2021-06-27,
2021-06-28,
2021-06-29,
2021-06-30,
2021-07-01,
2021-07-02,
2021-07-03,
2021-07-04,
2021-07-05,
2021-07-06,
2021-07-07,
2021-07-08,
2021-07-09,
2021-07-10,
2021-07-11,
2021-07-12,
2021-07-13,
2021-07-14,
2021-07-15,
2021-07-16,
2021-07-17,
2021-07-18,
2021-07-19,
2021-07-20,
2021-07-21,
2021-07-22,
2021-07-23,
2021-07-24,
2021-07-25,
2021-07-26,
2021-07-27,
2021-07-28,
2021-07-29,
2021-07-30,
2021-07-31,
2021-08-01,
2021-08-02,
2021-08-03,
2021-08-04,
2021-08-05,
2021-08-06,
2021-08-07,
2021-08-08,
2021-08-09,
2021-08-10,
2021-08-11,
2021-08-12,
2021-08-13,
2021-08-14,
2021-08-15,
2021-08-16,
2021-08-17,
2021-08-18,
2021-08-19,
2021-08-20,
2021-08-21,
2021-08-22,
2021-08-23,
2021-08-24,
2021-08-25,
2021-08-26,
2021-08-27,
2021-08-28,
2021-08-29,
2021-08-30,
2021-08-31,
2021-09-01,
2021-09-02,
2021-09-03,
2021-09-04,
2021-09-05,
2021-09-06,
2021-09-07,
2021-09-08,
2021-09-09,
2021-09-10,
2021-09-11,
2021-09-12,
2021-09-13,
2021-09-14,
2021-09-15,
2021-09-16,
2021-09-17,
2021-09-18,
2021-09-19,
2021-09-20,
2021-09-21,
2021-09-22,
2021-09-23,
2021-09-24,
2021-09-25,
2021-09-26,
2021-09-27,
2021-09-28,
2021-09-29,
2021-09-30,
2021-10-01,
2021-10-02,
2021-10-03,
2021-10-04,
2021-10-05,
2021-10-06,
2021-10-07,
2021-10-08,
2021-10-09,
2021-10-10,
2021-10-11,
2021-10-12,
2021-10-13,
2021-10-14,
2021-10-15,
2021-10-16,
2021-10-17,
2021-10-18,
2021-10-19,
2021-10-20,
2021-10-21,
2021-10-22,
2021-10-23,
2021-10-24,
2021-10-25,
2021-10-26,
2021-10-27,
2021-10-28,
2021-10-29,
2021-10-30,
2021-10-31,
2021-11-01,
2021-11-02,
2021-11-03,
2021-11-04,
2021-11-05,
2021-11-06,
2021-11-07,
2021-11-08,
2021-11-09,
2021-11-10,
2021-11-11,
2021-11-12,
2021-11-13,
2021-11-14,
2021-11-15,
2021-11-16,
2021-11-17,
2021-11-18,
2021-11-19,
2021-11-20,
2021-11-21,
2021-11-22,
2021-11-23,
2021-11-24,
2021-11-25,
2021-11-26,
2021-11-27,
2021-11-28,
2021-11-29,
2021-11-30,
2021-12-01,
2021-12-02,
2021-12-03,
2021-12-04,
2021-12-05,
2021-12-06,
2021-12-07,
2021-12-08,
2021-12-09,
2021-12-10,
2021-12-11,
2021-12-12,
2021-12-13,
2021-12-14,
2021-12-15,
2021-12-16,
2021-12-17,
2021-12-18,
2021-12-19,
2021-12-20,
2021-12-21,
2021-12-22,
2021-12-23,
2021-12-24,
2021-12-25,
2021-12-26,
2021-12-27,
2021-12-28,
2021-12-29,
2021-12-30,
2021-12-31,
2022-01-01,
2022-01-02,
2022-01-03,
2022-01-04,
2022-01-05,
2022-01-06,
2022-01-07,
2022-01-08,
2022-01-09,
2022-01-10,
2022-01-11,
2022-01-12,
2022-01-13,
2022-01-14,
2022-01-15,
2022-01-16,
2022-01-17,
2022-01-18,
2022-01-19,
2022-01-20,
2022-01-21,
2022-01-22,
2022-01-23,
2022-01-24,
2022-01-25,
2022-01-26,
2022-01-27,
2022-01-28,
2022-01-29,
2022-01-30,
2022-01-31,
2022-02-01,
2022-02-02,
2022-02-03,
2022-02-04,
2022-02-05,
2022-02-06,
2022-02-07,
2022-02-08,
2022-02-09,
2022-02-10,
2022-02-11,
2022-02-12,
2022-02-13,
2022-02-14,
2022-02-15,
2022-02-16,
2022-02-17,
2022-02-18,
2022-02-19,
2022-02-20,
2022-02-21,
2022-02-22,
2022-02-23,
2022-02-24,
2022-02-25,
2022-02-26,
2022-02-27,
2022-02-28,
2022-03-01,
2022-03-02,
2022-03-03,
2022-03-04,
2022-03-05,
2022-03-06,
2022-03-07,
2022-03-08,
2022-03-09,
2022-03-10,
2022-03-11,
2022-03-12,
2022-03-13,
2022-03-14,
2022-03-15,
2022-03-16,
2022-03-17,
2022-03-18,
2022-03-19,
2022-03-20,
2022-03-21,
2022-03-22,
2022-03-23,
2022-03-24,
2022-03-25,
2022-03-26,
2022-03-27,
2022-03-28,
2022-03-29,
2022-03-30,
2022-03-31,
2022-04-01,
2022-04-02,
2022-04-03,
2022-04-04,
2022-04-05,
2022-04-06,
2022-04-07,
2022-04-08,
2022-04-09,
2022-04-10,
2022-04-11,
2022-04-12,
2022-04-13,
2022-04-14,
2022-04-15,
2022-04-16,
2022-04-17,
2022-04-18,
2022-04-19,
2022-04-20,
2022-04-21,
2022-04-22,
2022-04-23,
2022-04-24,
2022-04-25,
2022-04-26,
2022-04-27,
2022-04-28,
2022-04-29,
2022-04-30,
2022-05-01,
2022-05-02,
2022-05-03,
2022-05-04,
2022-05-05,
2022-05-06,
2022-05-07,
2022-05-08,
2022-05-09,
2022-05-10,
2022-05-11,
2022-05-12,
2022-05-13,
2022-05-14,
2022-05-15,
2022-05-16,
2022-05-17,
2022-05-18,
2022-05-19,
2022-05-20,
2022-05-21,
2022-05-22,
2022-05-23,
2022-05-24,
2022-05-25,
2022-05-26,
2022-05-27,
2022-05-28,
2022-05-29,
2022-05-30,
2022-05-31,
2022-06-01,
2022-06-02,
2022-06-03,
2022-06-04,
2022-06-05,
2022-06-06,
2022-06-07,
2022-06-08,
2022-06-09,
2022-06-10,
2022-06-11,
2022-06-12,
2022-06-13,
2022-06-14,
2022-06-15,
2022-06-16,
2022-06-17,
2022-06-18,
2022-06-19,
2022-06-20,
2022-06-21,
2022-06-22,
2022-06-23,
2022-06-24,
2022-06-25,
2022-06-26,
2022-06-27,
2022-06-28,
2022-06-29,
2022-06-30,
2022-07-01,
2022-07-02,
2022-07-03,
2022-07-04,
2022-07-05,
2022-07-06,
2022-07-07,
2022-07-08,
2022-07-09,
2022-07-10,
2022-07-11,
2022-07-12,
2022-07-13,
2022-07-14,
2022-07-15,
2022-07-16,
2022-07-17,
2022-07-18,
2022-07-19,0.0
2022-07-20,0.0
2022-07-21,0.0
2022-07-22,0.0
2022-07-23,0.0
2022-07-24,0.0
2022-07-25,49.0
2022-07-26,46.0
2022-07-27,46.0
2022-07-28,46.0
2022-07-29,51.0
2022-07-30,46.0
2022-07-31,48.0
2022-08-01,45.0
2022-08-02,42.0
2022-08-03,43.0
2022-08-04,44.0
2022-08-05,41.0
2022-08-06,33.0
2022-08-07,41.0
2022-08-08,43.0
2022-08-09,45.0
2022-08-10,40.0
2022-08-11,44.0
2022-08-12,41.0
2022-08-13,43.0
2022-08-14,42.0
2022-08-15,43.0
2022-08-16,44.0
2022-08-17,46.0
2022-08-18,42.0
2022-08-19,41.0
2022-08-20,43.0
2022-08-21,44.0
2022-08-22,43.0
2022-08-23,45.0
2022-08-24,45.0
2022-08-25,42.0
2022-08-26,41.0
2022-08-27,38.0
2022-08-28,39.0
2022-08-29,41.0
2022-08-30,42.0
2022-08-31,45.0
2022-09-01,45.0
2022-09-02,46.0
2022-09-03,50.0
2022-09-04,48.0
2022-09-05,49.0
2022-09-06,46.0
2022-09-07,49.0
2022-09-08,47.0
2022-09-09,48.0
2022-09-10,45.0
2022-09-11,42.0
2022-09-12,39.0
2022-09-13,34.0
2022-09-14,32.0
2022-09-15,26.0
2022-09-16,31.0
2022-09-17,29.0
2022-09-18,30.0
2022-09-19,37.0
2022-09-20,30.0
2022-09-21,26.0
2022-09-22,27.0
2022-09-23,29.0
2022-09-24,32.0
2022-09-25,34.0
2022-09-26,39.0
2022-09-27,39.0
2022-09-28,37.0
2022-09-29,35.0
2022-09-30,37.0
2022-10-01,35.0
2022-10-02,32.0
2022-10-03,33.0
2022-10-04,34.0
2022-10-05,35.0
2022-10-06,35.0
2022-10-07,34.0
2022-10-08,34.0
2022-10-09,34.0
2022-10-10,31.0
2022-10-11,30.0
2022-10-12,32.0
2022-10-13,36.0
2022-10-14,34.0
2022-10-15,29.0
2022-10-16,30.0
2022-10-17,32.0
2022-10-18,30.0
2022-10-19,31.0
2022-10-20,30.0
2022-10-21,28.0
2022-10-22,16.0
2022-10-23,11.0
2022-10-24,26.0
2022-10-25,23.0
2022-10-26,19.0
2022-10-27,19.0
2022-10-28,24.0
2022-10-29,22.0
2022-10-30,25.0
2022-10-31,25.0
2022-11-01,12.0
2022-11-02,10.0
2022-11-03,2.0
2022-11-04,27.0
2022-11-05,26.0
2022-11-06,29.0
2022-11-07,14.0
2022-11-08,11.0
2022-11-09,3.0
2022-11-10,2.0
2022-11-11,13.0
2022-11-12,10.0
2022-11-13,10.0
2022-11-14,13.0
2022-11-15,12.0
2022-11-16,21.0
2022-11-17,19.0
2022-11-18,17.0
2022-11-19,15.0
2022-11-20,16.0
2022-11-21,17.0
2022-11-22,18.0
2022-11-23,23.0
2022-11-24,25.0
2022-11-25,24.0
2022-11-26,19.0
2022-11-27,18.0
2022-11-28,12.0
2022-11-29,11.0
2022-11-30,15.0
2022-12-01,16.0
2022-12-02,3.0
2022-12-03,20.0
2022-12-04,16.0
2022-12-05,5.0
2022-12-06,0.0
2022-12-07,2.0
2022-12-08,2.0
2022-12-09,14.0
2022-12-10,17.0
2022-12-11,-2.0
2022-12-12,-1.0
2022-12-13,-1.0
2022-12-14,4.0
2022-12-15,12.0
2022-12-16,12.0
2022-12-17,12.0
2022-12-18,10.0
2022-12-19,11.0
2022-12-20,14.0
2022-12-21,13.0
2022-12-22,22.0
2022-12-23,19.0
2022-12-24,23.0
2022-12-25,26.0
2022-12-26,26.0
2022-12-27,23.0
2022-12-28,6.0
2022-12-29,15.0
2022-12-30,26.0
2022-12-31,23.0
2023-01-01,2.0
2023-01-02,0.0
2023-01-03,7.0
2023-01-04,18.0
2023-01-05,14.0
2023-01-06,5.0
2023-01-07,12.0
2023-01-08,15.0
2023-01-09,19.0
2023-01-10,9.0
2023-01-11,2.0
2023-01-12,16.0
2023-01-13,20.0
2023-01-14,16.0
2023-01-15,10.0
2023-01-16,2.0
2023-01-17,-3.0
2023-01-18,-1.0
2023-01-19,5.0
2023-01-20,7.0
2023-01-21,6.0
2023-01-22,8.0
2023-01-23,14.0
2023-01-24,25.0
2023-01-25,15.0
2023-01-26,23.0
2023-01-27,10.0
2023-01-28,9.0
2023-01-29,4.0
2023-01-30,6.0
2023-01-31,13.0
2023-02-01,12.0
2023-02-02,11.0
2023-02-03,15.0
2023-02-04,15.0
2023-02-05,-2.0
2023-02-06,8.0
2023-02-07,20.0
2023-02-08,13.0
2023-02-09,19.0
2023-02-10,18.0
2023-02-11,16.0
2023-02-12,18.0
2023-02-13,12.0
2023-02-14,-2.0
2023-02-15,-2.0
2023-02-16,-1.0
2023-02-17,6.0
2023-02-18,8.0
2023-02-19,12.0
2023-02-20,20.0
2023-02-21,4.0
2023-02-22,0.0
2023-02-23,-1.0
2023-02-24,2.0
2023-02-25,2.0
2023-02-26,0.0
2023-02-27,4.0
2023-02-28,4.0
2023-03-01,1.0
2023-03-02,6.0
2023-03-03,5.0
2023-03-04,10.0
2023-03-05,6.0
2023-03-06,-2.0
2023-03-07,-5.0
2023-03-08,2.0
2023-03-09,3.0
2023-03-10,26.0
2023-03-11,
2023-03-12,21.0
2023-03-13,18.0
2023-03-14,23.0
2023-03-15,10.0
2023-03-16,-6.0
2023-03-17,-5.0
2023-03-18,-2.0
2023-03-19,18.0
2023-03-20,7.0
2023-03-21,10.0
2023-03-22,16.0
2023-03-23,16.0
2023-03-24,15.0
2023-03-25,11.0
2023-03-26,12.0
2023-03-27,7.0
2023-03-28,12.0
2023-03-29,20.0
2023-03-30,16.0
2023-03-31,13.0
2023-04-01,13.0
2023-04-02,14.0
2023-04-03,11.0
2023-04-04,0.0
2023-04-05,-5.0
2023-04-06,-2.0
2023-04-07,18.0
2023-04-08,6.0
2023-04-09,17.0
2023-04-10,20.0
2023-04-11,22.0
2023-04-12,17.0
2023-04-13,11.0
2023-04-14,10.0
2023-04-15,17.0
2023-04-16,17.0
2023-04-17,18.0
2023-04-18,12.0
2023-04-19,3.0
2023-04-20,13.0
2023-04-21,27.0
2023-04-22,25.0
2023-04-23,24.0
2023-04-24,23.0
2023-04-25,23.0
2023-04-26,23.0
2023-04-27,27.0
2023-04-28,29.0
2023-04-29,30.0
2023-04-30,29.0
2023-05-01,18.0
2023-05-02,15.0
2023-05-03,8.0
2023-05-04,15.0
2023-05-05,10.0
2023-05-06,17.0
2023-05-07,11.0
2023-05-08,17.0
2023-05-09,19.0
2023-05-10,18.0
2023-05-11,22.0
2023-05-12,27.0
2023-05-13,28.0
2023-05-14,32.0
2023-05-15,29.0
2023-05-16,31.0
2023-05-17,32.0
2023-05-18,31.0
2023-05-19,36.0
2023-05-20,35.0
2023-05-21,33.0
2023-05-22,31.0
2023-05-23,30.0
2023-05-24,27.0
2023-05-25,27.0
2023-05-26,25.0
2023-05-27,27.0
2023-05-28,26.0
2023-05-29,29.0
2023-05-30,27.0
2023-05-31,29.0
2023-06-01,26.0
2023-06-02,26.0
2023-06-03,31.0
2023-06-04,34.0
2023-06-05,33.0
2023-06-06,32.0
2023-06-07,34.0
2023-06-08,30.0
2023-06-09,28.0
2023-06-10,31.0
2023-06-11,28.0
2023-06-12,28.0
2023-06-13,29.0
2023-06-14,34.0
2023-06-15,33.0
2023-06-16,33.0
2023-06-17,32.0
2023-06-18,33.0
2023-06-19,27.0
2023-06-20,22.0
2023-06-21,23.0
2023-06-22,26.0
2023-06-23,22.0
2023-06-24,27.0
2023-06-25,29.0
2023-06-26,30.0
2023-06-27,27.0
2023-06-28,33.0
2023-06-29,39.0
2023-06-30,36.0
2023-07-01,39.0
2023-07-02,40.0
2023-07-03,38.0
2023-07-04,37.0
2023-07-05,41.0
2023-07-06,39.0
2023-07-07,37.0
2023-07-08,38.0
2023-07-09,39.0
2023-07-10,39.0
2023-07-11,36.0
2023-07-12,35.0
2023-07-13,37.0
2023-07-14,44.0
2023-07-15,48.0
2023-07-16,49.0
2023-07-17,51.0
2023-07-18,47.0
2023-07-19,47.0
2023-07-20,43.0
2023-07-21,48.0
2023-07-22,48.0
2023-07-23,49.0
2023-07-24,45.0
2023-07-25,48.0
2023-07-26,45.0
2023-07-27,43.0
2023-07-28,43.0
2023-07-29,44.0
2023-07-30,42.0
2023-07-31,43.0
2023-08-01,42.0
2023-08-02,38.0
2023-08-03,35.0
2023-08-04,39.0
2023-08-05,38.0
2023-08-06,34.0
2023-08-07,40.0
2023-08-08,37.0
2023-08-09,36.0
2023-08-10,36.0
2023-08-11,39.0
2023-08-12,39.0
2023-08-13,40.0
2023-08-14,43.0
2023-08-15,39.0
2023-08-16,44.0
2023-08-17,41.0
2023-08-18,39.0
2023-08-19,38.0
2023-08-20,39.0
2023-08-21,39.0
2023-08-22,33.0
2023-08-23,32.0
2023-08-24,38.0
2023-08-25,41.0
2023-08-26,35.0
2023-08-27,36.0
2023-08-28,39.0
2023-08-29,38.0
2023-08-30,40.0
2023-08-31,40.0
2023-09-01,41.0
2023-09-02,41.0
2023-09-03,29.0
2023-09-04,26.0
2023-09-05,32.0
2023-09-06,35.0
2023-09-07,35.0
2023-09-08,35.0
2023-09-09,44.0
2023-09-10,40.0
2023-09-11,37.0
2023-09-12,34.0
2023-09-13,37.0
2023-09-14,36.0
2023-09-15,34.0
2023-09-16,35.0
2023-09-17,35.0
2023-09-18,
2023-09-19,35.0
2023-09-20,31.0
2023-09-21,25.0
2023-09-22,26.0
2023-09-23,30.0
2023-09-24,28.0
2023-09-25,31.0
2023-09-26,32.0
2023-09-27,34.0
2023-09-28,35.0
2023-09-29,30.0
2023-09-30,26.0
2023-10-01,24.0
2023-10-02,22.0
2023-10-03,28.0
2023-10-04,30.0
2023-10-05,36.0
2023-10-06,35.0
2023-10-07,34.0
2023-10-08,34.0
2023-10-09,36.0
2023-10-10,29.0
2023-10-11,24.0
2023-10-12,23.0
2023-10-13,26.0
2023-10-14,29.0
2023-10-15,31.0
2023-10-16,36.0
2023-10-17,33.0
2023-10-18,34.0
2023-10-19,36.0
2023-10-20,37.0
2023-10-21,32.0
2023-10-22,27.0
2023-10-23,25.0
2023-10-24,26.0
2023-10-25,27.0
2023-10-26,23.0
2023-10-27,22.0
2023-10-28,18.0
2023-10-29,27.0
2023-10-30,28.0
2023-10-31,28.0
2023-11-01,28.0
2023-11-02,31.0
2023-11-03,30.0
2023-11-04,33.0
2023-11-05,31.0
2023-11-06,28.0
2023-11-07,17.0
2023-11-08,15.0
2023-11-09,14.0
2023-11-10,19.0
2023-11-11,21.0
2023-11-12,24.0
2023-11-13,23.0
2023-11-14,21.0
2023-11-15,23.0
2023-11-16,19.0
2023-11-17,19.0
2023-11-18,24.0
2023-11-19,9.0
2023-11-20,30.0
2023-11-21,29.0
2023-11-22,29.0
2023-11-23,23.0
2023-11-24,12.0
2023-11-25,8.0
2023-11-26,15.0
2023-11-27,17.0
2023-11-28,19.0
2023-11-29,13.0
2023-11-30,14.0
2023-12-01,12.0
2023-12-02,14.0
2023-12-03,22.0
2023-12-04,23.0
2023-12-05,25.0
2023-12-06,23.0
2023-12-07,9.0
2023-12-08,11.0
2023-12-09,21.0
2023-12-10,26.0
2023-12-11,19.0
2023-12-12,16.0
2023-12-13,18.0
2023-12-14,17.0
2023-12-15,23.0
2023-12-16,25.0
2023-12-17,30.0
2023-12-18,28.0
2023-12-19,
2023-12-20,
2023-12-21,
2023-12-22,
2023-12-23,
2023-12-24,
2023-12-25,
2023-12-26,
2023-12-27,
2023-12-28,
2023-12-29,
2023-12-30,
2023-12-31,
2024-01-01,
2024-01-02,
2024-01-03,
2024-01-04,
2024-01-05,
2024-01-06,
2024-01-07,
2024-01-08,
2024-01-09,
2024-01-10,
2024-01-11,
2024-01-12,
2024-01-13,
2024-01-14,
2024-01-15,
2024-01-16,
2024-01-17,
2024-01-18,
2024-01-19,
2024-01-20,
2024-01-21,
2024-01-22,
2024-01-23,
2024-01-24,
2024-01-25,
2024-01-26,
2024-01-27,
2024-01-28,
2024-01-29,
2024-01-30,
2024-01-31,
2024-02-01,
2024-02-02,
2024-02-03,
2024-02-04,
2024-02-05,
2024-02-06,
2024-02-07,
2024-02-08,
2024-02-09,
2024-02-10,
2024-02-11,
2024-02-12,
2024-02-13,
2024-02-14,
2024-02-15,
2024-02-16,
2024-02-17,
2024-02-18,
2024-02-19,
2024-02-20,
2024-02-21,
2024-02-22,
2024-02-23,
2024-02-24,
2024-02-25,
2024-02-26,
2024-02-27,
2024-02-28,
2024-02-29,
2024-03-01,
2024-03-02,
2024-03-03,
2024-03-04,
2024-03-05,
2024-03-06,
2024-03-07,
2024-03-08,
2024-03-09,
2024-03-10,
2024-03-11,
2024-03-12,
2024-03-13,
2024-03-14,
2024-03-15,
2024-03-16,
2024-03-17,
2024-03-18,
2024-03-19,
2024-03-20,
2024-03-21,
2024-03-22,
2024-03-23,
2024-03-24,
2024-03-25,
2024-03-26,
2024-03-27,
2024-03-28,
2024-03-29,
2024-03-30,
2024-03-31,
2024-04-01,
2024-04-02,
2024-04-03,
2024-04-04,
2024-04-05,
2024-04-06,
2024-04-07,
2024-04-08,
2024-04-09,
2024-04-10,
2024-04-11,
2024-04-12,
2024-04-13,
2024-04-14,
2024-04-15,
2024-04-16,
2024-04-17,
2024-04-18,
2024-04-19,
2024-04-20,
2024-04-21,
2024-04-22,
2024-04-23,
2024-04-24,
2024-04-25,
2024-04-26,
2024-04-27,
2024-04-28,
2024-04-29,
2024-04-30,
2024-05-01,
2024-05-02,
2024-05-03,
2024-05-04,
2024-05-05,
2024-05-06,
2024-05-07,
2024-05-08,
2024-05-09,
2024-05-10,
2024-05-11,
2024-05-12,
2024-05-13,
2024-05-14,
2024-05-15,
2024-05-16,
2024-05-17,
2024-05-18,
2024-05-19,
2024-05-20,
2024-05-21,
2024-05-22,
2024-05-23,
2024-05-24,
2024-05-25,
2024-05-26,
2024-05-27,
2024-05-28,
2024-05-29,
2024-05-30,
2024-05-31,
2024-06-01,
2024-06-02,
2024-06-03,
2024-06-04,
2024-06-05,
2024-06-06,
2024-06-07,
2024-06-08,
2024-06-09,
2024-06-10,
2024-06-11,
2024-06-12,
2024-06-13,
2024-06-14,
2024-06-15,
2024-06-16,
2024-06-17,
2024-06-18,
2024-06-19,
2024-06-20,
2024-06-21,
2024-06-22,
2024-06-23,
2024-06-24,
2024-06-25,
2024-06-26,
2024-06-27,
2024-06-28,
2024-06-29,
2024-06-30,
2024-07-01,
2024-07-02,
2024-07-03,
2024-07-04,
2024-07-05,
2024-07-06,
2024-07-07,
2024-07-08,
2024-07-09,
2024-07-10,
2024-07-11,
2024-07-12,
2024-07-13,
2024-07-14,
2024-07-15,
2024-07-16,
2024-07-17,
2024-07-18,
2024-07-19,
2024-07-20,
2024-07-21,
2024-07-22,
2024-07-23,
2024-07-24,
2024-07-25,
2024-07-26,
2024-07-27,
2024-07-28,
2024-07-29,
2024-07-30,
2024-07-31,
2024-08-01,
2024-08-02,
2024-08-03,
2024-08-04,
2024-08-05,
2024-08-06,
2024-08-07,
2024-08-08,
2024-08-09,
2024-08-10,
2024-08-11,
2024-08-12,
2024-08-13,
2024-08-14,
2024-08-15,
2024-08-16,
2024-08-17,
2024-08-18,
2024-08-19,
2024-08-20,
2024-08-21,
2024-08-22,
2024-08-23,
2024-08-24,
2024-08-25,
2024-08-26,
2024-08-27,
2024-08-28,
2024-08-29,
2024-08-30,
2024-08-31,
2024-09-01,
2024-09-02,
2024-09-03,
2024-09-04,
2024-09-05,
2024-09-06,
2024-09-07,
2024-09-08,
2024-09-09,
2024-09-10,
2024-09-11,
2024-09-12,
2024-09-13,
2024-09-14,
2024-09-15,
2024-09-16,
2024-09-17,
2024-09-18,
2024-09-19,
2024-09-20,
2024-09-21,
2024-09-22,
2024-09-23,
2024-09-24,
2024-09-25,
2024-09-26,
2024-09-27,
2024-09-28,
2024-09-29,
2024-09-30,
2024-10-01,
2024-10-02,
2024-10-03,
2024-10-04,
2024-10-05,
2024-10-06,
2024-10-07,
2024-10-08,
2024-10-09,
2024-10-10,
2024-10-11,
2024-10-12,
2024-10-13,
2024-10-14,
2024-10-15,
2024-10-16,
2024-10-17,
2024-10-18,
2024-10-19,
2024-10-20,
2024-10-21,
2024-10-22,
2024-10-23,
2024-10-24,
2024-10-25,
2024-10-26,
2024-10-27,
2024-10-28,
2024-10-29,
2024-10-30,
2024-10-31,
2024-11-01,
2024-11-02,
2024-11-03,
2024-11-04,
2024-11-05,
2024-11-06,
2024-11-07,
2024-11-08,
2024-11-09,
2024-11-10,
2024-11-11,
2024-11-12,
2024-11-13,
2024-11-14,
2024-11-15,
2024-11-16,
2024-11-17,
2024-11-18,
2024-11-19,
2024-11-20,
2024-11-21,
2024-11-22,
2024-11-23,
2024-11-24,
2024-11-25,
2024-11-26,
2024-11-27,
2024-11-28,
2024-11-29,
2024-11-30,
2024-12-01,
2024-12-02,
2024-12-03,
2024-12-04,
2024-12-05,
2024-12-06,
2024-12-07,
2024-12-08,
2024-12-09,
2024-12-10,
2024-12-11,
2024-12-12,
2024-12-13,
2024-12-14,
2024-12-15,
2024-12-16,
2024-12-17,
2024-12-18,
2024-12-19,
2024-12-20,
2024-12-21,
2024-12-22,
2024-12-23,
2024-12-24,
2024-12-25,
2024-12-26,
2024-12-27,
2024-12-28,
2024-12-29,
2024-12-30,
2024-12-31,
2025-01-01,
2025-01-02,
