Date,close,high,low,trades,open,volume,vwap,returns,roll_std,ma_fast,ma_slow,signal,pos_size,position,position_next
2023-01-03 05:00:00,33.16,33.52,32.92,84266,33.29,37396480,33.18,,,,,0,,,
2023-01-04 05:00:00,33.7,33.94,33.41,93006,33.5,44669324,33.68,0.01628468033775654,,,,0,,,
2023-01-05 05:00:00,33.44,33.58,33.21,72822,33.58,45585748,33.4,-0.007715133531157381,,,,0,,,
2023-01-06 05:00:00,34.19,34.29,33.43,90059,33.67,41204060,33.99,0.02242822966507174,,,,0,,,
2023-01-09 05:00:00,34.06,34.5,33.98,83030,34.3,48726649,34.21,-0.0038022813688212143,,,,0,,,
2023-01-10 05:00:00,34.26,34.28,33.89,66824,34.0,34663664,34.14,0.005871990604814803,,,,0,,,
2023-01-11 05:00:00,34.57,34.57,34.27,68947,34.34,32014710,34.45,0.009048453006421653,,,,0,,,
2023-01-12 05:00:00,34.64,34.84,34.42,80936,34.69,56642385,34.66,0.0020248770610356015,,,,0,,,
2023-01-13 05:00:00,34.9,34.95,34.07,129791,34.2,65912392,34.64,0.007505773672055405,,,,0,,,
2023-01-17 05:00:00,34.67,34.84,34.56,91286,34.82,65345169,34.68,-0.0065902578796560585,,,,0,,,
2023-01-18 05:00:00,34.02,34.69,33.99,92124,34.48,53693044,34.2,-0.018748197288722235,,,,0,,,
2023-01-19 05:00:00,33.63,33.8,33.4,98582,33.61,61169520,33.6,-0.011463844797178102,,,,0,,,
2023-01-20 05:00:00,34.16,34.18,33.57,81172,33.72,41663247,33.96,0.015759738328872785,,,,0,,,
2023-01-23 05:00:00,34.56,34.7,34.08,77729,34.19,44997272,34.46,0.011709601873536535,,,,0,,,
2023-01-24 05:00:00,34.57,34.72,34.11,72803,34.5,34333543,34.53,0.0002893518518518601,,,,0,,,
2023-01-25 05:00:00,34.84,34.85,34.26,75702,34.27,38458654,34.64,0.007810240092565923,,,,0,,,
2023-01-26 05:00:00,35.03,35.08,34.7,69789,34.93,29944164,34.89,0.005453501722158416,,,,0,,,
2023-01-27 05:00:00,35.03,35.23,34.93,69654,34.98,30775020,35.08,0.0,,,,0,,,
2023-01-30 05:00:00,34.85,35.11,34.8,59023,34.84,31595005,34.94,-0.005138452754781642,,,,0,,,
2023-01-31 05:00:00,35.33,35.34,34.76,79942,34.92,30282099,35.09,0.01377331420373018,,34.3805,,0,,,
2023-02-01 05:00:00,35.33,35.64,34.88,106900,34.96,51418673,35.23,0.0,,34.489000000000004,,0,,,
2023-02-02 05:00:00,35.42,35.56,35.14,98991,35.52,42107281,35.39,0.0025474101330316135,,34.575,,0,,,
2023-02-03 05:00:00,35.36,35.66,35.13,95838,35.14,43146462,35.34,-0.0016939582156973998,,34.67100000000001,,0,,,
2023-02-06 05:00:00,35.35,35.36,35.08,72176,35.15,32273606,35.25,-0.0002828054298642524,,34.729,,0,,,
2023-02-07 05:00:00,35.75,35.85,35.13,75368,35.13,33000523,35.55,0.011315417256011262,,34.813500000000005,,0,,,
2023-02-08 05:00:00,35.54,35.85,35.44,70502,35.49,34555520,35.66,-0.005874125874125946,,34.877500000000005,,0,,,
2023-02-09 05:00:00,35.14,35.79,35.07,84268,35.69,44329561,35.4,-0.011254924029262758,,34.906,,0,,,
2023-02-10 05:00:00,35.26,35.29,34.85,71357,34.97,28102520,35.13,0.0034149117814454844,,34.937,,0,,,
2023-02-13 05:00:00,35.67,35.67,35.21,57874,35.24,32209034,35.57,0.011627906976744207,,34.9755,,0,,,
2023-02-14 05:00:00,35.47,35.83,35.25,70070,35.6,33525330,35.53,-0.005606952621250438,,35.015499999999996,,0,,,
2023-02-15 05:00:00,35.51,35.53,35.14,61788,35.19,28514721,35.42,0.0011277135607554722,,35.089999999999996,,0,,,
2023-02-16 05:00:00,35.15,35.42,35.09,73655,35.17,34379073,35.25,-0.010137989298789063,,35.166,,0,,,
2023-02-17 05:00:00,35.16,35.21,34.87,63709,34.98,35871196,35.07,0.00028449502133698346,,35.216,,0,,,
2023-02-21 05:00:00,34.44,34.91,34.28,78180,34.86,36425232,34.5,-0.020477815699658675,,35.209999999999994,,0,,,
2023-02-22 05:00:00,34.4,34.57,34.22,68415,34.44,31065167,34.4,-0.0011614401858304202,,35.201499999999996,,0,,,
2023-02-23 05:00:00,34.43,34.71,34.11,73725,34.55,42357613,34.41,0.0008720930232557489,,35.181,,0,,,
2023-02-24 05:00:00,34.46,34.56,34.07,90198,34.13,48715023,34.33,0.0008713331397038893,,35.1525,,0,,,
2023-02-27 05:00:00,34.45,34.84,34.38,55928,34.78,31664597,34.59,-0.00029019152640741286,,35.12349999999999,,0,,,
2023-02-28 05:00:00,34.52,34.69,34.41,68220,34.5,32531448,34.58,0.0020319303338172112,,35.107,,0,,,
2023-03-01 05:00:00,34.4,34.56,34.27,68313,34.36,32790337,34.4,-0.0034762456546930665,,35.060500000000005,,0,,,
2023-03-02 05:00:00,34.24,34.27,33.83,74685,34.2,38409461,34.06,-0.0046511627906975495,,35.00599999999999,,0,,,
2023-03-03 05:00:00,34.78,34.79,34.3,72966,34.37,33089308,34.59,0.01577102803738306,,34.974000000000004,,0,,,
2023-03-06 05:00:00,34.81,35.02,34.7,76678,34.8,30111132,34.84,0.0008625646923519081,,34.9465,,0,,,
2023-03-07 05:00:00,33.91,34.71,33.82,100722,34.68,53804397,34.1,-0.02585463947141642,,34.8745,,0,,,
2023-03-08 05:00:00,33.78,34.05,33.61,99256,33.87,50860314,33.78,-0.0038336773813033576,,34.775999999999996,,0,,,
2023-03-09 05:00:00,32.41,33.64,32.25,189741,33.59,107108500,32.87,-0.04055654233274142,,34.6195,,0,,,
2023-03-10 05:00:00,31.82,32.58,31.43,400383,32.03,166547755,31.93,-0.018204257945078517,,34.453500000000005,,0,,,
2023-03-13 04:00:00,30.56,31.23,30.31,492303,30.69,165917384,30.73,-0.039597737272155875,,34.2185,,0,,,
2023-03-14 04:00:00,31.18,31.74,30.8,219554,31.73,128115514,31.2,0.020287958115183358,,33.994,,0,,,
2023-03-15 04:00:00,30.35,30.47,29.92,233312,30.3,132234552,30.22,-0.026619627966645187,,33.738,,0,,,
2023-03-16 04:00:00,30.93,31.25,29.86,224579,30.15,134086719,30.68,0.01911037891268519,,33.509,,0,,,
2023-03-17 04:00:00,29.94,30.64,29.85,256138,30.64,136717022,30.04,-0.03200775945683798,,33.24849999999999,,0,,,
2023-03-20 04:00:00,30.27,30.53,30.12,158037,30.17,75384475,30.32,0.011022044088176308,,33.004,,0,,,
2023-03-21 04:00:00,31.03,31.11,30.89,165981,30.96,115899169,31.0,0.025107367030062777,,32.8335,,0,,,
2023-03-22 04:00:00,30.32,31.12,30.3,138901,31.03,67874143,30.8,-0.02288108282307444,,32.6295,,0,,,
2023-03-23 04:00:00,30.11,30.68,29.9,143841,30.37,82366321,30.25,-0.006926121372031635,,32.4135,,0,,,
2023-03-24 04:00:00,30.09,30.12,29.51,158681,29.74,76619214,29.87,-0.0006642311524410749,,32.195,,0,,,
2023-03-27 04:00:00,30.51,30.68,30.33,121362,30.61,61393348,30.52,0.013958125623130702,,31.998,,0,,,
2023-03-28 04:00:00,30.5,30.61,30.32,80490,30.47,42980099,30.46,-0.00032776138970835866,,31.797000000000004,,0,,,
2023-03-29 04:00:00,30.95,30.96,30.69,94074,30.83,52147171,30.84,0.014754098360655776,,31.6245,,0,,,
2023-03-30 04:00:00,30.88,31.19,30.7,82313,31.17,45061690,30.88,-0.0022617124394184174,0.22579414739835682,31.4565,,0,0.664321910306386,0.0,
2023-03-31 04:00:00,31.22,31.23,30.94,89081,31.05,49012454,31.08,0.011010362694300557,0.2243149221705151,31.278499999999998,,0,0.6687027232957483,0.0,0.0
2023-04-03 04:00:00,31.28,31.4,31.09,95039,31.18,51213486,31.25,0.0019218449711724261,0.22398386643734652,31.102000000000004,,0,0.6696910885421624,0.0,0.0
2023-04-04 04:00:00,30.99,31.4,30.78,110862,31.35,45939269,30.99,-0.009271099744245559,0.21918347753393058,30.956,,0,0.6843581505472791,0.0,0.0
2023-04-05 04:00:00,30.95,31.03,30.74,100372,30.75,57965324,30.91,-0.001290738948047765,0.21913327748759334,30.8145,,0,0.6845149264195056,0.0,0.0
2023-04-06 04:00:00,31.06,31.12,30.85,64495,30.89,36762286,31.01,0.003554119547657386,0.2188515290747032,30.747000000000003,,0,0.6853961676612391,0.0,0.0
2023-04-10 04:00:00,31.13,31.14,30.88,62194,30.95,27900715,31.04,0.0022537025112685516,0.21788848357910337,30.7125,,0,0.688425550757104,0.0,0.0
2023-04-11 04:00:00,31.4,31.54,31.19,79882,31.21,53912616,31.39,0.00867330549309342,0.21879180229379405,30.7545,,0,0.6855832702223296,0.0,0.0
2023-04-12 04:00:00,31.34,31.72,31.26,94531,31.56,63645798,31.44,-0.0019108280254777066,0.21797832049004984,30.7625,,0,0.6881418251807536,0.0,0.0
2023-04-13 04:00:00,31.62,31.63,31.14,88081,31.35,58550281,31.49,0.008934269304403442,0.21881042421132046,30.826,,0,0.6855249234817516,0.0,0.0
2023-04-14 04:00:00,31.93,32.19,31.77,123000,31.95,65042111,31.94,0.009803921568627416,0.21697981965436022,30.875999999999998,,0,0.6913085260538754,0.0,0.0
2023-04-17 04:00:00,32.3,32.31,31.77,98307,31.91,69670388,32.1,0.011587848418415314,0.21735761355492725,30.994,,0,0.6901069479767148,0.0,0.0
2023-04-18 04:00:00,32.39,32.46,32.12,110696,32.36,49507548,32.32,0.0027863777089784936,0.21480337837195537,31.1,,0,0.6983130360358936,0.0,0.0
2023-04-19 04:00:00,32.47,32.56,32.29,78491,32.35,39478861,32.44,0.002469898116702618,0.21333552280756288,31.171999999999997,,0,0.7031177804935382,0.0,0.0
2023-04-20 04:00:00,32.37,32.46,32.25,75380,32.26,39291820,32.35,-0.003079765937788803,0.2133636970008166,31.2745,,0,0.7030249353825219,0.0,0.0
2023-04-21 04:00:00,32.26,32.3,32.07,72881,32.28,41543324,32.22,-0.0033982082174852657,0.21262084857819988,31.381999999999998,,0,0.705481143065565,0.0,0.0
2023-04-24 04:00:00,32.18,32.35,32.1,55638,32.23,32774163,32.18,-0.002479851208927464,0.21218288407799862,31.4865,,0,0.7069373194018918,0.0,0.0
2023-04-25 04:00:00,31.63,32.03,31.62,96088,31.98,58534295,31.77,-0.017091361093847124,0.21460443882990465,31.5425,,0,0.6989603762107154,0.0,0.0
2023-04-26 04:00:00,31.33,31.71,31.19,94775,31.54,54294200,31.4,-0.009484666455896296,0.2150939849913356,31.583999999999996,,0,0.6973695675807611,0.0,0.0
2023-04-27 04:00:00,31.83,31.89,31.44,90007,31.44,46398842,31.71,0.015959144589849927,0.21581026791943975,31.628000000000004,,0,0.6950549700486857,0.0,0.0
2023-04-28 04:00:00,32.21,32.23,31.6,97673,31.68,54576055,32.11,0.011938422871504928,0.21757869596329274,31.694499999999994,,0,0.6894057281044669,0.0,0.0
2023-05-01 04:00:00,32.12,32.46,32.08,79344,32.3,31950590,32.25,-0.0027941633033220503,0.21743524235405998,31.7395,,0,0.6898605657765792,0.0,0.0
2023-05-02 04:00:00,31.39,32.01,31.1,140923,32.0,76096651,31.37,-0.022727272727272596,0.22173099527630769,31.744999999999997,,0,0.6764954044272597,0.0,0.0
2023-05-03 04:00:00,31.03,31.59,31.01,138857,31.43,65642402,31.3,-0.011468620579802469,0.2225689808837048,31.747000000000003,,0,0.6739483585290288,0.0,0.0
2023-05-04 04:00:00,30.64,30.93,30.35,168814,30.76,76076589,30.58,-0.012568482114083124,0.22181372783602582,31.7315,,0,0.6762430837222271,0.0,0.0
2023-05-05 04:00:00,31.39,31.44,31.09,104307,31.14,54984405,31.31,0.024477806788511858,0.22844708402542416,31.747999999999998,,0,0.6566071962936464,0.0,0.0
2023-05-08 04:00:00,31.44,31.68,31.4,73541,31.57,34323628,31.51,0.0015928639694169355,0.22773172431090827,31.7635,,0,0.6586697562459254,0.0,0.0
2023-05-09 04:00:00,31.33,31.45,31.14,68949,31.21,29736172,31.33,-0.0034987277353690782,0.22750258023069714,31.759999999999998,,0,0.6593331785009231,0.0,0.0
2023-05-10 04:00:00,31.15,31.6,30.87,81778,31.53,39706084,31.13,-0.005745292052345974,0.2258816583075916,31.7505,,0,0.6640645391919108,0.0,0.0
2023-05-11 04:00:00,31.1,31.15,30.82,72441,30.96,36693238,31.02,-0.0016051364365969878,0.225769332606874,31.7245,,0,0.6643949273517851,0.0,0.0
2023-05-12 04:00:00,30.98,31.31,30.77,72667,31.31,36217710,30.94,-0.0038585209003215715,0.22569717628180339,31.677,,0,0.6646073371698016,0.0,0.0
2023-05-15 04:00:00,31.23,31.29,30.98,63641,31.03,33208458,31.15,0.00806972240154935,0.2260366303086003,31.6235,,0,0.6636092527640353,0.0,0.0
2023-05-16 04:00:00,30.94,31.26,30.92,60638,31.17,31241413,31.01,-0.009285943003522257,0.22649779310058166,31.551,,0,0.6622581054073708,0.0,0.0
2023-05-17 04:00:00,31.56,31.65,31.11,86576,31.18,46818832,31.43,0.020038784744667026,0.227618657930655,31.5055,,0,0.658996941220439,0.0,0.0
2023-05-18 04:00:00,31.79,31.83,31.38,79099,31.5,42232483,31.56,0.00728770595690742,0.22830653755154978,31.476499999999998,,0,0.6570114064697766,0.0,0.0
2023-05-19 04:00:00,31.66,31.97,31.51,76011,31.87,40131495,31.7,-0.0040893362692669966,0.22833953878937333,31.446500000000004,,0,0.6569164505558877,0.0,0.0
2023-05-22 04:00:00,31.71,31.83,31.52,66529,31.76,35286215,31.71,0.0015792798483891257,0.22837282526162817,31.422999999999995,,0,0.6568207017246316,0.0,0.0
2023-05-23 04:00:00,31.35,31.74,31.32,74812,31.58,42217163,31.49,-0.011352885525070966,0.2292910218065921,31.409,,0,0.6541904613794043,0.0,0.0
2023-05-24 04:00:00,30.94,31.14,30.87,96196,31.11,46610723,30.95,-0.013078149920255133,0.2303945941520019,31.389500000000005,,0,0.6510569395130043,0.0,0.0
2023-05-25 04:00:00,30.93,31.03,30.74,74297,30.86,41658889,30.9,-0.0003232062055591456,0.23038248297693031,31.3445,,0,0.651091165485569,0.0,0.0
2023-05-26 04:00:00,31.18,31.26,30.95,77352,31.0,44179313,31.15,0.008082767539605573,0.23115457886304586,31.293,,0,0.6489164094817926,0.0,0.0
2023-05-30 04:00:00,31.17,31.3,30.96,115031,31.23,57900480,31.09,-0.0003207184092366422,0.22836860536205944,31.245500000000003,,0,0.656832838758001,0.0,0.0
2023-05-31 04:00:00,30.84,31.01,30.58,123387,30.99,67667873,30.75,-0.010587102983638186,0.2290196654663671,31.217999999999996,,0,0.6549655857700255,0.0,0.0
2023-06-01 04:00:00,31.17,31.24,30.8,83886,31.01,48643396,31.07,0.010700389105058328,0.22491371998478513,31.225,,0,0.6669224062597192,0.0,0.0
2023-06-02 04:00:00,31.85,31.96,31.47,134035,31.47,65752905,31.82,0.021815848572345198,0.22977170884147874,31.285500000000003,,0,0.6528218817864312,0.0,0.0
2023-06-05 04:00:00,31.68,31.89,31.54,102564,31.89,53591085,31.7,-0.005337519623233922,0.2146314853716793,31.3,,0,0.6988722975167009,0.0,0.0
2023-06-06 04:00:00,32.08,32.13,31.64,91755,31.66,46236075,32.02,0.012626262626262541,0.21293351578073183,31.332,,0,0.7044452290451879,0.0,0.0
2023-06-07 04:00:00,32.21,32.28,31.92,94348,32.11,48467078,32.13,0.004052369077306883,0.19619972848269257,31.375999999999998,,0,0.7645270480010116,0.0,0.0
2023-06-08 04:00:00,32.18,32.23,31.93,74444,32.1,36261175,32.12,-0.0009313877677740168,0.19204303361160355,31.427500000000002,,0,0.7810749309568386,0.0,0.0
2023-06-09 04:00:00,32.19,32.33,32.1,72924,32.12,34025388,32.2,0.0003107520198881719,0.18348045220761836,31.482,,0,0.8175257766028441,0.0,0.0
2023-06-12 04:00:00,32.18,32.31,31.94,77360,32.22,33673942,32.12,-0.0003106554830691888,0.17958982688589525,31.542,,0,0.8352366153794883,0.0,0.0
2023-06-13 04:00:00,32.37,32.51,32.11,82551,32.15,46054360,32.4,0.005904288377874378,0.16639997036728915,31.599,,0,0.9014424628049361,0.0,0.0
2023-06-14 04:00:00,32.25,32.62,32.14,110596,32.45,57195427,32.36,-0.003707136237256603,0.16548067910831904,31.664500000000004,,0,0.9064502267081219,0.0,0.0
2023-06-15 04:00:00,32.68,32.75,32.11,88511,32.14,52241776,32.51,0.01333333333333342,0.15985140112946333,31.720499999999998,,0,0.9383715000417406,0.0,0.0
2023-06-16 04:00:00,32.61,32.85,32.57,87310,32.82,49861063,32.67,-0.0021419828641371375,0.1521296459635451,31.7615,,0,0.9860011049387668,0.0,0.0
2023-06-20 04:00:00,32.36,32.45,32.17,82359,32.39,50683082,32.36,-0.007666360012266171,0.15230722353698023,31.796499999999998,,0,0.984851509545957,0.0,0.0
2023-06-21 04:00:00,32.33,32.48,32.19,72358,32.29,35967563,32.36,-0.0009270704573547395,0.15232226260060278,31.827500000000004,,0,0.9847542733037904,0.0,0.0
2023-06-22 04:00:00,32.07,32.28,31.97,75501,32.27,38698748,32.08,-0.008042066192390895,0.15114638400748148,31.8635,,0,0.9924153991018393,0.0,0.0
2023-06-23 04:00:00,31.94,32.04,31.72,67395,31.83,35529595,31.94,-0.004053632678515662,0.1514656564876772,31.9135,,0,0.9903234996501008,0.0,0.0
2023-06-26 04:00:00,31.87,32.13,31.78,53590,31.89,25728265,31.92,-0.002191609267376382,0.1487614181816564,31.960500000000003,,0,1.0,0.0,0.0
2023-06-27 04:00:00,32.12,32.19,31.91,50284,31.93,34348139,32.09,0.00784436774395969,0.14939139247010275,32.00750000000001,,0,1.0,0.0,0.0
2023-06-28 04:00:00,32.04,32.09,31.9,63995,32.08,36663188,31.98,-0.002490660024906499,0.14796700082690503,32.051,,0,1.0,0.0,0.0
2023-06-29 04:00:00,32.6,32.6,32.17,79572,32.21,47470983,32.49,0.017478152309613026,0.1519964463809996,32.139,,0,0.9868651707628716,0.0,0.0
2023-06-30 04:00:00,32.88,33.02,32.76,69550,32.81,42593001,32.9,0.008588957055214674,0.15138090285247116,32.2245,,0,0.9908779521238892,0.0,0.0
2023-07-03 04:00:00,33.07,33.16,32.83,44785,32.88,18766908,33.03,0.005778588807785923,0.15161075621922568,32.2855,,0,0.9893757062574619,0.0,0.0
2023-07-05 04:00:00,33.0,33.09,32.77,63655,32.87,39833483,32.98,-0.002116722104626545,0.1516720317125886,32.3515,,0,0.9889759985233597,0.0,0.0
2023-07-06 04:00:00,32.72,32.76,32.43,82517,32.73,45808350,32.61,-0.00848484848484854,0.1529012113586214,32.3835,,0,0.9810255764891075,0.0,0.0
2023-07-07 04:00:00,32.76,33.04,32.58,58709,32.58,33488665,32.85,0.0012224938875304847,0.15203837586543978,32.411,,0,0.9865930108735387,0.0,0.0
2023-07-10 04:00:00,32.91,33.1,32.75,59111,32.77,27254401,32.93,0.0045787545787545625,0.15213460021623876,32.4475,,0,0.9859689958814516,0.0,0.0
2023-07-11 04:00:00,33.3,33.34,32.96,68782,33.03,33754225,33.2,0.01185050136736554,0.1529110715740932,32.503,,0,0.9809623166910778,0.0,0.0
2023-07-12 04:00:00,33.52,33.75,33.42,80317,33.57,46546021,33.57,0.006606606606606835,0.15225563657870894,32.57,,0,0.9851851950142543,0.0,0.0
2023-07-13 04:00:00,33.63,33.69,33.51,74697,33.56,40453683,33.61,0.0032816229116945372,0.15069847583320195,32.632999999999996,,0,0.9953650703850507,0.0,0.0
2023-07-14 04:00:00,33.41,33.89,33.36,76710,33.88,47552729,33.46,-0.006541778174249391,0.1513624457932892,32.690999999999995,,0,0.990998779273502,0.0,0.0
2023-07-17 04:00:00,33.73,33.83,33.37,71700,33.37,38568886,33.73,0.009577970667464797,0.1524423577948273,32.7435,,0,0.9839784767558309,0.0,0.0
2023-07-18 04:00:00,34.11,34.14,33.76,93148,33.81,47176550,34.05,0.011265935369107805,0.15376049441514247,32.8185,,0,0.9755431627285708,0.0,0.0
2023-07-19 04:00:00,34.26,34.39,34.1,85532,34.11,45599819,34.28,0.004397537379067673,0.15365557322847914,32.9135,,0,0.9762092963640651,0.0,0.0
2023-07-20 04:00:00,34.51,34.52,34.18,87982,34.2,45591523,34.42,0.007297139521307727,0.1540025600258662,33.022499999999994,,0,0.9740097762062935,0.0,0.0
2023-07-21 04:00:00,34.39,34.59,34.31,65421,34.57,30615723,34.45,-0.003477252970153555,0.14955473894335702,33.1385,,0,1.0,0.0,0.0
2023-07-24 04:00:00,34.73,34.83,34.4,66875,34.41,32299795,34.68,0.00988659494038946,0.14877859630645043,33.278,,0,1.0,0.0,0.0
2023-07-25 04:00:00,34.5,34.71,34.47,66684,34.63,36218638,34.57,-0.0066225165562913135,0.1467585696053398,33.409499999999994,,0,1.0,0.0,0.0
2023-07-26 04:00:00,34.71,34.81,34.41,73513,34.46,35638716,34.66,0.006086956521739184,0.14544546420279772,33.539,,0,1.0,0.0,0.0
2023-07-27 04:00:00,34.27,34.79,34.22,91840,34.71,44072766,34.47,-0.012676462114664333,0.14801738445852183,33.6505,,0,1.0,0.0,0.0
2023-07-28 04:00:00,34.34,34.55,34.15,61164,34.54,32427673,34.33,0.0020426028596440826,0.13942546649504686,33.7375,,0,1.0,0.0,0.0
2023-07-31 04:00:00,34.46,34.57,34.32,65291,34.4,28627022,34.44,0.0034944670937682165,0.13681217631434728,33.8165,,0,1.0,0.0,0.0
2023-08-01 04:00:00,34.46,34.49,34.28,67145,34.39,26495305,34.38,0.0,0.13356624757687988,33.886,,0,1.0,0.0,0.0
2023-08-02 04:00:00,34.17,34.29,33.97,83727,34.17,48930439,34.14,-0.008415554265815417,0.12675481621478002,33.9445,,0,1.0,0.0,0.0
2023-08-03 04:00:00,34.19,34.27,33.87,65597,33.96,31871732,34.12,0.0005853087503657761,0.12676666707212456,34.018,,0,1.0,0.0,0.0
2023-08-04 04:00:00,34.05,34.49,34.02,69420,34.16,36195671,34.25,-0.004094764551038299,0.12687148507612378,34.082499999999996,,0,1.0,0.0,0.0
2023-08-07 04:00:00,34.53,34.59,34.26,68248,34.27,33119339,34.49,0.01409691629955967,0.12859037451517918,34.1635,,0,1.0,0.0,0.0
2023-08-08 04:00:00,34.22,34.24,33.82,81122,34.08,37254807,34.04,-0.00897770055024627,0.13028857023291765,34.2095,,0,1.0,0.0,0.0
2023-08-09 04:00:00,33.96,34.3,33.93,61411,34.2,38304217,34.08,-0.007597895967270563,0.1311834042765752,34.2315,,0,1.0,0.0,0.0
2023-08-10 04:00:00,33.99,34.39,33.91,68660,34.14,38097502,34.12,0.0008833922261484162,0.13048637548374495,34.2495,,0,1.0,0.0,0.0
2023-08-11 04:00:00,34.06,34.12,33.8,60698,33.89,27518748,34.03,0.00205942924389535,0.1285583475229383,34.282,,0,1.0,0.0,0.0
2023-08-14 04:00:00,33.99,34.06,33.84,56310,33.96,23790850,33.96,-0.002055196711685303,0.12289812456012743,34.295,,0,1.0,0.0,0.0
2023-08-15 04:00:00,33.37,33.75,33.33,94683,33.71,57472073,33.45,-0.018240659017358163,0.12856126602783727,34.257999999999996,,0,1.0,0.0,0.0
2023-08-16 04:00:00,33.32,33.57,33.28,65742,33.31,33566496,33.41,-0.0014983518130056162,0.12824613780898933,34.211,,0,1.0,0.0,0.0
2023-08-17 04:00:00,33.16,33.48,33.06,67502,33.43,38205392,33.27,-0.004801920768307433,0.12876413167389444,34.1435,,0,1.0,0.0,0.0
2023-08-18 04:00:00,33.15,33.24,32.89,66170,32.92,40859960,33.12,-0.00030156815440285367,0.1262852552993328,34.0815,,0,1.0,0.0,0.0
2023-08-21 04:00:00,33.11,33.26,32.84,62921,33.19,32308261,33.03,-0.0012066365007541435,0.12294739956250993,34.0005,,0,1.0,0.0,0.0
2023-08-22 04:00:00,32.79,33.16,32.75,75115,33.12,43148859,32.87,-0.009664753850800345,0.12490363573815912,33.915,,0,1.0,0.0,0.0
2023-08-23 04:00:00,33.12,33.13,32.8,57333,32.85,30240537,33.0,0.010064043915827936,0.1254480357189071,33.835499999999996,,0,1.0,0.0,0.0
2023-08-24 04:00:00,33.0,33.47,33.0,68134,33.07,35784854,33.14,-0.0036231884057970065,0.1257828403911229,33.772,,0,1.0,0.0,0.0
2023-08-25 04:00:00,33.16,33.28,32.88,77345,33.14,40347164,33.1,0.004848484848484658,0.12367913065986522,33.713,,0,1.0,0.0,0.0
2023-08-28 04:00:00,33.34,33.46,33.23,62582,33.26,34905319,33.33,0.005428226779252254,0.12242212010871716,33.657,,0,1.0,0.0,0.0
2023-08-29 04:00:00,33.64,33.65,33.26,79674,33.31,43394336,33.54,0.008998200359927822,0.11582140656991502,33.616,,0,1.0,0.0,0.0
2023-08-30 04:00:00,33.66,33.86,33.59,60335,33.69,33799922,33.69,0.0005945303210461717,0.11508429530593499,33.590500000000006,,0,1.0,0.0,0.0
2023-08-31 04:00:00,33.54,33.76,33.5,55186,33.76,27999691,33.61,-0.0035650623885917776,0.11288263389287419,33.558,,0,1.0,0.0,0.0
2023-09-01 04:00:00,33.84,33.94,33.71,66886,33.74,41075674,33.83,0.008944543828264928,0.11393117276825306,33.5475,,0,1.0,0.0,0.0
2023-09-05 04:00:00,33.5,33.94,33.49,85332,33.8,38612308,33.63,-0.010047281323877222,0.11605139501342576,33.496,,0,1.0,0.0,0.0
2023-09-06 04:00:00,33.48,33.55,33.23,78006,33.41,35672800,33.41,-0.0005970149253732293,0.11607919045411853,33.459,,0,1.0,0.0,0.0
2023-09-07 04:00:00,33.39,33.54,33.29,59983,33.34,47632630,33.41,-0.0026881720430106393,0.11626808160064242,33.4305,,0,1.0,0.0,0.0
2023-09-08 04:00:00,33.46,33.53,33.29,55769,33.42,39742305,33.45,0.002096436058700135,0.11579285334838514,33.403999999999996,,0,1.0,0.0,0.0
2023-09-11 04:00:00,33.61,33.79,33.53,62856,33.61,28965133,33.62,0.004482964734010775,0.11571470058471568,33.3815,,0,1.0,0.0,0.0
2023-09-12 04:00:00,33.84,34.08,33.56,83877,33.6,48615169,33.86,0.006843201428146539,0.11343375307446467,33.374,,0,1.0,0.0,0.0
2023-09-13 04:00:00,33.84,34.03,33.71,64667,33.99,31994885,33.87,0.0,0.11329692726432014,33.3975,,0,1.0,0.0,0.0
2023-09-14 04:00:00,34.15,34.19,33.9,73119,34.07,65685527,34.1,0.009160756501181977,0.11327451191592476,33.439,,0,1.0,0.0,0.0
2023-09-15 04:00:00,33.97,34.18,33.91,96364,33.93,51800186,34.01,-0.005270863836017603,0.11392542794622057,33.4795,,0,1.0,0.0,0.0
2023-09-18 04:00:00,34.07,34.12,33.82,56822,33.93,32458674,34.03,0.0029437739181630285,0.11247837424514787,33.5255,,0,1.0,0.0,0.0
2023-09-19 04:00:00,34.03,34.16,33.81,53797,34.1,36116799,33.99,-0.001174053419430554,0.11207620852646574,33.5715,,0,1.0,0.0,0.0
2023-09-20 04:00:00,33.79,34.25,33.78,57787,34.15,31617982,34.04,-0.007052600646488494,0.11312042750466242,33.621500000000005,,0,1.0,0.0,0.0
2023-09-21 04:00:00,33.23,33.68,33.23,84002,33.68,48106804,33.38,-0.016572950577093848,0.11778273834458972,33.627,,0,1.0,0.0,0.0
2023-09-22 04:00:00,32.98,33.31,32.98,70798,33.28,41688253,33.12,-0.007523322299127333,0.1187928429460851,33.626,,0,1.0,0.0,0.0
2023-09-25 04:00:00,33.06,33.08,32.8,60102,32.91,40141710,32.96,0.0024257125530626755,0.11349661555829083,33.620999999999995,,0,1.0,0.0,0.0
2023-09-26 04:00:00,32.62,32.96,32.56,88232,32.81,46165434,32.71,-0.013309134906231201,0.11548690767900137,33.585,,0,1.0,0.0,0.0
2023-09-27 04:00:00,32.57,32.71,32.28,90352,32.71,49458956,32.51,-0.001532801961986463,0.11486599227098708,33.531499999999994,,0,1.0,0.0,0.0
2023-09-28 04:00:00,32.8,32.92,32.59,77928,32.6,63638086,32.78,0.007061713233036393,0.11575811390681916,33.4885,,0,1.0,0.0,0.0
2023-09-29 04:00:00,32.5,33.01,32.42,81545,32.96,52860527,32.63,-0.009146341463414531,0.11597111594183325,33.4365,,0,1.0,0.0,0.0
2023-10-02 04:00:00,32.23,32.47,32.05,89478,32.39,49350602,32.21,-0.00830769230769235,0.11715043839303019,33.356,,0,1.0,0.0,0.0
2023-10-03 04:00:00,31.72,32.15,31.59,101167,32.07,52921755,31.76,-0.01582376667700891,0.12096205636797835,33.266999999999996,,0,1.0,0.0,0.0
2023-10-04 04:00:00,31.95,31.97,31.56,72165,31.73,40136047,31.78,0.007250945775535866,0.11929823150493371,33.1905,,0,1.0,0.0,0.0
2023-10-05 04:00:00,32.1,32.16,31.79,72220,31.86,41407827,31.99,0.0046948356807512415,0.11886429043088641,33.126,,0,1.0,0.0,0.0
2023-10-06 04:00:00,32.37,32.55,31.85,90082,31.96,54057835,32.29,0.008411214953270907,0.12005590617813329,33.0715,,0,1.0,0.0,0.0
2023-10-09 04:00:00,32.39,32.46,32.05,67672,32.08,61396590,32.3,0.0006178560395428967,0.11943955028418028,33.0105,,0,1.0,0.0,0.0
2023-10-10 04:00:00,32.63,32.83,32.48,78124,32.49,44743356,32.68,0.007409694350108076,0.1187396077799503,32.95,,0,1.0,0.0,0.0
2023-10-11 04:00:00,32.68,32.86,32.43,66476,32.72,35746364,32.63,0.0015323322096230108,0.11626105404397118,32.891999999999996,,0,1.0,0.0,0.0
2023-10-12 04:00:00,32.47,32.77,32.24,75127,32.77,41991170,32.5,-0.006425948592411301,0.11635522108009624,32.808,,0,1.0,0.0,0.0
2023-10-13 04:00:00,32.54,32.97,32.36,93193,32.68,53216514,32.62,0.0021558361564522066,0.11528648861606727,32.7365,,0,1.0,0.0,0.0
2023-10-16 04:00:00,32.88,33.04,32.71,80085,32.78,45589267,32.87,0.01044867854947773,0.11749562283698976,32.67700000000001,,0,1.0,0.0,0.0
2023-10-17 04:00:00,33.04,33.25,32.72,74778,32.73,41925173,32.99,0.0048661800486617945,0.11600067798908854,32.6275,,0,1.0,0.0,0.0
2023-10-18 04:00:00,32.47,32.9,32.4,87820,32.87,46942085,32.59,-0.017251815980629526,0.12024529824218137,32.5615,32.9506,-1,1.0,-1.0,0.0
2023-10-19 04:00:00,32.04,32.58,32.02,108274,32.41,66656246,32.26,-0.013242993532491476,0.12190575470151666,32.501999999999995,32.945,-1,1.0,-1.0,-1.0
2023-10-20 04:00:00,31.55,32.09,31.52,101345,32.03,59921319,31.71,-0.015293383270911343,0.12306097022597397,32.430499999999995,32.93425,-1,1.0,-1.0,-1.0
2023-10-23 04:00:00,31.35,31.71,31.32,92593,31.48,55913667,31.51,-0.006339144215530834,0.12327336780754006,32.345,32.9238,-1,1.0,-1.0,-1.0
2023-10-24 04:00:00,31.57,31.71,31.4,64067,31.5,35825014,31.56,0.007017543859649145,0.12409022842800847,32.292500000000004,32.9107,-1,1.0,-1.0,-1.0
2023-10-25 04:00:00,31.45,31.67,31.36,82032,31.45,59240096,31.48,-0.003801076971808759,0.12414780777152057,32.23649999999999,32.89765,-1,1.0,-1.0,-1.0
2023-10-26 04:00:00,31.38,31.7,31.32,94145,31.37,56046145,31.49,-0.0022257551669316866,0.12331873018324578,32.165499999999994,32.88325,-1,1.0,-1.0,-1.0
2023-10-27 04:00:00,30.81,31.38,30.72,108041,31.34,73057349,30.9,-0.018164435946462776,0.1279368424090389,32.081,32.86445,-1,1.0,-1.0,-1.0
2023-10-30 04:00:00,31.36,31.44,30.95,74893,31.03,48978077,31.24,0.01785134696527102,0.13394771645805081,32.0375,32.84805,-1,1.0,-1.0,-1.0
2023-10-31 04:00:00,31.71,31.72,31.36,70607,31.42,41050121,31.59,0.011160714285714413,0.13263152060537398,32.037,32.8321,-1,1.0,-1.0,-1.0
2023-11-01 04:00:00,31.91,32.04,31.69,93289,31.76,51764062,31.86,0.0063071586250393885,0.13259305759429407,32.035000000000004,32.8183,-1,1.0,-1.0,-1.0
2023-11-02 04:00:00,32.67,32.69,32.15,95549,32.21,47416971,32.5,0.02381698527107501,0.14138636865977824,32.0635,32.811550000000004,-1,1.0,-1.0,-1.0
2023-11-03 04:00:00,33.1,33.25,32.97,100469,32.98,58801310,33.14,0.013161922252831415,0.14415112017778112,32.1,32.8089,-1,1.0,-1.0,-1.0
2023-11-06 05:00:00,33.0,33.23,32.82,79722,33.19,40599721,32.95,-0.0030211480362538623,0.14415668655673766,32.1305,32.8031,-1,1.0,-1.0,-1.0
2023-11-07 05:00:00,32.95,33.03,32.84,58285,32.9,27441997,32.93,-0.0015151515151514694,0.1441358286305899,32.146499999999996,32.79505,-1,1.0,-1.0,-1.0
2023-11-08 05:00:00,32.99,33.02,32.78,62335,32.94,30057963,32.94,0.0012139605462822,0.1393293974345279,32.162,32.787150000000004,-1,1.0,-1.0,-1.0
2023-11-09 05:00:00,32.85,33.15,32.79,61864,33.1,34336589,32.95,-0.004243710215216745,0.13955603875675535,32.181,32.7772,-1,1.0,-1.0,-1.0
2023-11-10 05:00:00,33.22,33.25,32.82,60547,33.01,35153489,33.09,0.011263318112633147,0.14116711397380172,32.214999999999996,32.76815,-1,1.0,-1.0,-1.0
2023-11-13 05:00:00,33.18,33.26,33.06,56901,33.11,28327272,33.18,-0.0012040939193256328,0.1411893492280758,32.23,32.7589,-1,1.0,-1.0,-1.0
2023-11-14 05:00:00,33.8,33.99,33.51,98044,33.54,54296280,33.83,0.01868595539481599,0.14622660392371595,32.268,32.75365,-1,1.0,-1.0,-1.0
2023-11-15 05:00:00,33.99,34.09,33.85,76969,33.86,35000185,34.01,0.00562130177514808,0.1450904867198186,32.344,32.74695,-1,1.0,-1.0,-1.0
2023-11-16 05:00:00,34.13,34.16,33.98,71666,34.09,33222474,34.06,0.004118858487790478,0.1439482708372879,32.4485,32.740950000000005,-1,1.0,-1.0,-1.0
2023-11-17 05:00:00,34.3,34.31,34.17,59217,34.25,31341491,34.27,0.00498095517140329,0.14396511387316185,32.586,32.735350000000004,-1,1.0,-1.0,-1.0
2023-11-20 05:00:00,34.44,34.52,34.18,58376,34.25,37400152,34.39,0.004081632653061273,0.14387893314903977,32.740500000000004,32.73075,1,1.0,1.0,-1.0
2023-11-21 05:00:00,34.42,34.51,34.36,56018,34.39,27285738,34.44,-0.0005807200929150991,0.14355712959572153,32.882999999999996,32.7261,1,1.0,1.0,1.0
2023-11-22 05:00:00,34.56,34.63,34.44,55229,34.5,32723982,34.55,0.004067402672864651,0.14267386554519848,33.0385,32.720150000000004,1,1.0,1.0,1.0
2023-11-24 05:00:00,34.66,34.72,34.54,30209,34.56,13168493,34.64,0.0028935185185183787,0.1427588634507936,33.2025,32.71575,1,1.0,1.0,1.0
2023-11-27 05:00:00,34.55,34.6,34.47,47469,34.54,35016989,34.54,-0.0031736872475476297,0.14271318378994755,33.3895,32.7128,1,1.0,1.0,1.0
2023-11-28 05:00:00,34.54,34.65,34.45,58483,34.51,39329274,34.55,-0.00028943560057881346,0.14163959068540172,33.5485,32.7092,1,1.0,1.0,1.0
2023-11-29 05:00:00,34.78,34.99,34.64,72339,34.64,36651300,34.86,0.00694846554719164,0.1405739252876217,33.702000000000005,32.70475,1,1.0,1.0,1.0
2023-11-30 05:00:00,35.17,35.17,34.75,66313,34.86,37334538,35.04,0.011213341000575028,0.14219589262828966,33.864999999999995,32.703250000000004,1,1.0,1.0,1.0
2023-12-01 05:00:00,35.44,35.48,35.06,85769,35.12,51267601,35.33,0.007676997441000699,0.14267688037471424,34.0035,32.7029,1,1.0,1.0,1.0
2023-12-04 05:00:00,35.4,35.54,35.19,85612,35.23,41366616,35.38,-0.0011286681715575453,0.1427273203012761,34.1185,32.70415,1,1.0,1.0,1.0
2023-12-05 05:00:00,35.22,35.3,35.07,60661,35.29,39510878,35.2,-0.005084745762711895,0.14307068969524875,34.229499999999994,32.704449999999994,1,1.0,1.0,1.0
2023-12-06 05:00:00,35.05,35.55,35.0,67944,35.42,35616129,35.23,-0.004826802952867748,0.14297123382502783,34.334500000000006,32.7075,1,1.0,1.0,1.0
2023-12-07 05:00:00,35.21,35.23,35.05,55900,35.14,26050871,35.17,0.004564907275321106,0.1431918307725019,34.4455,32.711549999999995,1,1.0,1.0,1.0
2023-12-08 05:00:00,35.4,35.46,35.14,55807,35.17,33213096,35.31,0.005396194262993426,0.14244785842518012,34.573,32.7164,1,1.0,1.0,1.0
2023-12-11 05:00:00,35.62,35.68,35.41,69889,35.41,31165724,35.61,0.006214689265536588,0.14235735380791242,34.693,32.7222,1,1.0,1.0,1.0
2023-12-12 05:00:00,35.87,35.88,35.56,67771,35.7,37245695,35.78,0.0070185289163391396,0.14285977704762318,34.8275,32.7293,1,1.0,1.0,1.0
2023-12-13 05:00:00,36.45,36.49,35.81,89566,35.88,56988976,36.23,0.016169500975745876,0.1461685604719362,34.959999999999994,32.73895,1,1.0,1.0,1.0
2023-12-14 05:00:00,36.81,36.95,36.61,115062,36.74,66865709,36.8,0.009876543209876631,0.14620990075736193,35.101,32.751,1,1.0,1.0,1.0
2023-12-15 05:00:00,36.59,36.68,36.44,107154,36.51,69246238,36.58,-0.005976636783482703,0.14218214177650018,35.224000000000004,32.76275,1,1.0,1.0,1.0
2023-12-18 05:00:00,36.72,36.84,36.68,63198,36.78,43434018,36.74,0.0035528833014484285,0.14093773772886833,35.345,32.77245,1,1.0,1.0,1.0
2023-12-19 05:00:00,36.99,37.0,36.6,64078,36.7,32508982,36.93,0.007352941176470784,0.14138761261248445,35.4725,32.78335,1,1.0,1.0,1.0
2023-12-20 05:00:00,36.33,36.98,36.33,80118,36.89,52985729,36.59,-0.017842660178426728,0.14375771165481843,35.568,32.795449999999995,1,1.0,1.0,1.0
2023-12-21 05:00:00,36.69,36.7,36.36,61162,36.49,27522248,36.55,0.009909165978530199,0.14452247238844648,35.674499999999995,32.81,1,1.0,1.0,1.0
2023-12-22 05:00:00,36.77,36.91,36.63,50103,36.79,30331445,36.78,0.0021804306350505787,0.14414201679364053,35.779999999999994,32.8318,1,1.0,1.0,1.0
2023-12-26 05:00:00,36.91,36.98,36.74,37582,36.79,17837563,36.88,0.003807451726951072,0.14231719567466344,35.898,32.85725,1,1.0,1.0,1.0
2023-12-27 05:00:00,37.03,37.03,36.78,52085,36.83,32640761,36.95,0.0032511514494717453,0.14064675199440393,36.0225,32.8896,1,1.0,1.0,1.0
2023-12-28 05:00:00,37.14,37.22,36.96,52369,36.97,25308018,37.15,0.0029705644072373083,0.1354491548056356,36.140499999999996,32.919399999999996,1,1.0,1.0,1.0
2023-12-29 05:00:00,37.02,37.19,36.91,58373,37.13,30218318,37.05,-0.003231017770597644,0.13563777474451322,36.233,32.95275,1,1.0,1.0,1.0
2024-01-02 05:00:00,37.18,37.2,36.85,71930,36.92,31351873,37.06,0.00432198811453266,0.13561408137908906,36.32,32.984,1,1.0,1.0,1.0
2024-01-03 05:00:00,36.86,37.07,36.8,77478,37.01,46908957,36.93,-0.008606777837547042,0.13691745085128282,36.393,33.0186,1,1.0,1.0,1.0
2024-01-04 05:00:00,37.01,37.31,36.94,71191,36.99,36904184,37.16,0.0040694519804664875,0.1369294099273979,36.4825,33.0523,1,1.0,1.0,1.0
2024-01-05 05:00:00,37.17,37.37,36.99,88969,37.01,44852345,37.2,0.004323155903809939,0.13657939915459325,36.588499999999996,33.083,1,1.0,1.0,1.0
2024-01-08 05:00:00,37.41,37.42,36.98,68134,37.18,39098313,37.21,0.006456820016141895,0.13684765797276746,36.698499999999996,33.11845,1,1.0,1.0,1.0
2024-01-09 05:00:00,37.17,37.21,37.05,76924,37.21,36338058,37.14,-0.006415396952686336,0.13684478857789986,36.787,33.15375,1,1.0,1.0,1.0
2024-01-10 05:00:00,37.23,37.26,36.99,66281,37.11,37095460,37.12,0.0016142050040353073,0.1368515948177406,36.86749999999999,33.189449999999994,1,1.0,1.0,1.0
2024-01-11 05:00:00,37.09,37.23,36.79,85698,37.18,49043458,36.98,-0.0037604082728980304,0.13632755412319286,36.9285,33.22235,1,1.0,1.0,1.0
2024-01-12 05:00:00,37.02,37.41,36.87,72352,37.27,41333857,37.05,-0.001887301159342103,0.13643343207684464,36.957,33.25495,1,1.0,1.0,1.0
2024-01-16 05:00:00,36.77,36.83,36.56,90871,36.71,44042053,36.71,-0.006753106428957323,0.1317436198753855,36.955,33.28405,1,1.0,1.0,1.0
2024-01-17 05:00:00,36.7,36.84,36.43,85860,36.45,38715919,36.65,-0.001903725863475647,0.12809910259435858,36.960499999999996,33.31315,1,1.0,1.0,1.0
2024-01-18 05:00:00,36.76,36.79,36.38,77943,36.65,42064934,36.59,0.0016348773841960984,0.12275647506650328,36.9625,33.34085,1,1.0,1.0,1.0
2024-01-19 05:00:00,37.35,37.4,36.78,101872,36.89,59417724,37.17,0.016050054406964165,0.12437319859939017,36.9805,33.3712,1,1.0,1.0,1.0
2024-01-22 05:00:00,37.52,37.71,37.44,80116,37.5,51828830,37.57,0.004551539491298495,0.1241314297729707,37.04,33.40385,1,1.0,1.0,1.0
2024-01-23 05:00:00,37.58,37.61,37.42,61547,37.5,46255523,37.54,0.0015991471215350828,0.12337511575843563,37.084500000000006,33.437,1,1.0,1.0,1.0
2024-01-24 05:00:00,37.73,37.94,37.7,80510,37.74,43975483,37.81,0.003991484832357672,0.12290697724250488,37.13250000000001,33.47035,1,1.0,1.0,1.0
2024-01-25 05:00:00,37.92,37.96,37.68,76471,37.88,50711347,37.84,0.005035780545984858,0.11467950514186505,37.183,33.5043,1,1.0,1.0,1.0
2024-01-26 05:00:00,38.06,38.12,37.82,62109,37.86,38620191,38.03,0.003691983122362963,0.11070967692713889,37.234500000000004,33.5376,1,1.0,1.0,1.0
2024-01-29 05:00:00,38.15,38.18,37.84,63035,37.94,44175644,38.04,0.0023646873357854314,0.10948813187386747,37.285000000000004,33.57165,1,1.0,1.0,1.0
2024-01-30 05:00:00,38.64,38.68,38.17,90193,38.19,43229261,38.53,0.012844036697247763,0.11111108284419118,37.366,33.60675,1,1.0,1.0,1.0
2024-01-31 05:00:00,38.16,38.84,38.14,107988,38.56,65780855,38.49,-0.01242236024844734,0.10716733074144402,37.415,33.6379,1,1.0,1.0,1.0
2024-02-01 05:00:00,38.22,38.25,37.66,107942,38.09,63445632,38.01,0.0015723270440253234,0.10490357332472852,37.483,33.6675,1,1.0,1.0,1.0
2024-02-02 05:00:00,38.38,38.55,38.07,112101,38.09,61778368,38.34,0.00418628990057579,0.10434484620497674,37.5515,33.697449999999996,1,1.0,1.0,1.0
2024-02-05 05:00:00,38.15,38.28,37.98,73176,38.16,37351320,38.15,-0.005992704533611337,0.10548561251005847,37.6005,33.725849999999994,1,1.0,1.0,1.0
2024-02-06 05:00:00,38.23,38.29,38.05,60084,38.1,41055717,38.19,0.0020969855832240203,0.10545633302726264,37.6415,33.75515,1,1.0,1.0,1.0
2024-02-07 05:00:00,38.52,38.56,38.17,70610,38.44,39018730,38.46,0.007585665707559697,0.1050198076784028,37.708999999999996,33.78645,1,1.0,1.0,1.0
2024-02-08 05:00:00,38.37,38.48,38.12,73813,38.34,47331463,38.29,-0.00389408099688493,0.10431955377176502,37.766000000000005,33.8174,1,1.0,1.0,1.0
2024-02-09 05:00:00,38.48,38.49,38.22,75645,38.32,50680443,38.37,0.0028668230388324556,0.1040477300892983,37.8355,33.85165,1,1.0,1.0,1.0
2024-02-12 05:00:00,38.66,38.82,38.39,65883,38.48,39952718,38.68,0.004677754677754775,0.09855208431334041,37.917500000000004,33.8883,1,1.0,1.0,1.0
2024-02-13 05:00:00,38.13,38.45,37.83,113167,38.36,62948331,38.08,-0.013709260217278696,0.10357109029520278,37.985499999999995,33.9198,1,1.0,1.0,1.0
2024-02-14 05:00:00,38.5,38.53,38.21,79633,38.36,58722450,38.41,0.009703645423550844,0.10469954055878829,38.0755,33.95125,1,1.0,1.0,1.0
2024-02-15 05:00:00,39.16,39.24,38.61,98283,38.62,58109891,39.04,0.017142857142857126,0.10903968561534627,38.1955,33.98645,1,1.0,1.0,1.0
2024-02-16 05:00:00,39.02,39.2,38.94,72991,39.12,37900006,39.09,-0.003575076608784311,0.1096131418772173,38.279,34.0246,1,1.0,1.0,1.0
2024-02-20 05:00:00,38.91,39.05,38.71,73429,38.74,39952226,38.92,-0.0028190671450539773,0.10994301258926348,38.3485,34.064,1,1.0,1.0,1.0
2024-02-21 05:00:00,39.03,39.03,38.72,63708,38.86,40259036,38.87,0.0030840400925213896,0.109885131879744,38.421,34.10595,1,1.0,1.0,1.0
2024-02-22 05:00:00,39.48,39.63,39.18,88493,39.25,55188192,39.49,0.01152959262106057,0.11157959143634319,38.5085,34.1464,1,1.0,1.0,1.0
2024-02-23 05:00:00,39.68,39.84,39.6,68539,39.63,42190548,39.71,0.005065856129685908,0.11116268598209682,38.5965,34.187599999999996,1,1.0,1.0,1.0
2024-02-26 05:00:00,39.48,39.91,39.41,76278,39.64,38369977,39.59,-0.00504032258064524,0.11206432764104206,38.6675,34.22835,1,1.0,1.0,1.0
2024-02-27 05:00:00,39.59,39.6,39.32,62795,39.52,42601748,39.48,0.002786220871327405,0.11164360303375724,38.7395,34.27055,1,1.0,1.0,1.0
2024-02-28 05:00:00,39.74,39.88,39.5,63828,39.51,40040804,39.75,0.0037888355645363525,0.11010559775299997,38.7945,34.31375,1,1.0,1.0,1.0
2024-02-29 05:00:00,39.72,39.93,39.55,74736,39.84,37629718,39.71,-0.0005032712632109249,0.10959885616710771,38.8725,34.35745,1,1.0,1.0,1.0
2024-03-01 05:00:00,39.67,39.8,39.54,86113,39.71,40794889,39.65,-0.0012588116817723316,0.10961466959535623,38.945,34.39965,1,1.0,1.0,1.0
2024-03-04 05:00:00,39.77,39.88,39.59,107994,39.6,53413221,39.76,0.002520796571716666,0.10864167653456674,39.0145,34.4438,1,1.0,1.0,1.0
2024-03-05 05:00:00,39.78,40.0,39.63,86482,39.63,50770165,39.81,0.00025144581342706473,0.10776365848710658,39.096000000000004,34.484899999999996,1,1.0,1.0,1.0
2024-03-06 05:00:00,39.98,40.1,39.66,114366,39.84,58459509,39.93,0.005027652086475598,0.10781239239415562,39.183499999999995,34.52585,1,1.0,1.0,1.0
2024-03-07 05:00:00,39.93,40.21,39.78,70155,40.13,35505147,39.95,-0.001250625312656295,0.10781613849559103,39.254000000000005,34.5672,1,1.0,1.0,1.0
2024-03-08 05:00:00,39.99,40.2,39.94,91480,39.98,47266577,40.06,0.0015026296018032514,0.10746718966659931,39.335,34.6086,1,1.0,1.0,1.0
2024-03-11 04:00:00,40.06,40.1,39.78,78740,39.85,36233063,39.96,0.001750437609402411,0.10694766714246054,39.414,34.65215,1,1.0,1.0,1.0
2024-03-12 04:00:00,40.23,40.35,40.01,81120,40.15,53199285,40.22,0.004243634548177555,0.10284896242388691,39.4925,34.6986,1,1.0,1.0,1.0
2024-03-13 04:00:00,40.53,40.54,40.28,76995,40.31,43471385,40.45,0.007457121551081469,0.1021411411347365,39.6125,34.7466,1,1.0,1.0,1.0
2024-03-14 04:00:00,40.2,40.62,39.98,114111,40.54,65563436,40.19,-0.008142116950407119,0.10292301774448107,39.697500000000005,34.7917,1,1.0,1.0,1.0
2024-03-15 04:00:00,40.16,40.35,39.9,104739,39.98,67568043,40.2,-0.0009950248756220859,0.10297458117882081,39.747499999999995,34.83665,1,1.0,1.0,1.0
2024-03-18 04:00:00,40.39,40.44,40.1,76588,40.3,39140635,40.35,0.005727091633466186,0.10263418563330695,39.815999999999995,34.8844,1,1.0,1.0,1.0
2024-03-19 04:00:00,40.59,40.61,40.4,69059,40.42,36748313,40.52,0.004951720722951247,0.09461581541402442,39.9,34.9315,1,1.0,1.0,1.0
2024-03-20 04:00:00,41.07,41.1,40.47,102402,40.54,52255345,40.87,0.01182557280118246,0.09538989041716026,40.002,34.977599999999995,1,1.0,1.0,1.0
2024-03-21 04:00:00,41.41,41.51,41.12,96875,41.17,49209183,41.42,0.008278548819089293,0.09628122492360255,40.0985,35.02625,1,1.0,1.0,1.0
2024-03-22 04:00:00,40.93,41.54,40.9,77258,41.46,32047973,41.11,-0.011591403042743198,0.100141559095794,40.161,35.0705,1,1.0,1.0,1.0
2024-03-25 04:00:00,40.78,40.97,40.78,74955,40.9,31784000,40.84,-0.0036647935499632966,0.1006984672306823,40.226,35.11335,1,1.0,1.0,1.0
2024-03-26 04:00:00,40.91,41.04,40.79,66958,40.92,30135473,40.96,0.0031878371750857504,0.10071181640398857,40.292,35.157,1,1.0,1.0,1.0
2024-03-27 04:00:00,41.4,41.41,41.01,73424,41.11,36670279,41.18,0.011977511610853142,0.10238401792412516,40.375,35.20305,1,1.0,1.0,1.0
2024-03-28 04:00:00,41.63,41.73,41.37,86408,41.45,41490170,41.57,0.005555555555555758,0.10254047489801577,40.4705,35.2503,1,1.0,1.0,1.0
2024-04-01 04:00:00,41.4,41.7,41.32,80566,41.67,37537679,41.42,-0.005524861878453136,0.10137880173405399,40.557,35.29545,1,1.0,1.0,1.0
2024-04-02 04:00:00,41.18,41.32,41.11,82950,41.27,36359804,41.2,-0.005314009661835706,0.10236310327641035,40.627500000000005,35.3401,1,1.0,1.0,1.0
2024-04-03 04:00:00,41.16,41.47,41.05,82014,41.19,39715860,41.23,-0.00048567265662946557,0.10233151431122074,40.6965,35.3825,1,1.0,1.0,1.0
2024-04-04 04:00:00,40.7,41.59,40.65,87846,41.51,52657527,41.08,-0.011175898931000794,0.10518687032026063,40.7325,35.42295,1,1.0,1.0,1.0
2024-04-05 04:00:00,41.08,41.19,40.72,87724,40.86,47540273,41.01,0.00933660933660918,0.10512414126690109,40.79,35.46655,1,1.0,1.0,1.0
2024-04-08 04:00:00,41.26,41.33,41.07,78027,41.09,35165667,41.24,0.004381694255112034,0.10526852800770098,40.8535,35.5112,1,1.0,1.0,1.0
2024-04-09 04:00:00,41.02,41.38,40.69,104483,41.28,51971423,40.94,-0.00581677169171102,0.10581008971532133,40.9015,35.55595,1,1.0,1.0,1.0
2024-04-10 04:00:00,40.41,40.79,40.28,133775,40.63,59492759,40.47,-0.014870794734276105,0.11091364578582148,40.9105,35.5983,1,1.0,1.0,1.0
2024-04-11 04:00:00,40.12,40.45,39.88,116537,40.39,56870826,40.19,-0.007176441474882389,0.11105125943830475,40.89,35.63955,1,1.0,1.0,1.0
2024-04-12 04:00:00,39.59,40.03,39.44,148952,39.86,81259205,39.67,-0.013210368893319946,0.11487370386235526,40.8595,35.6769,1,1.0,1.0,1.0
2024-04-15 04:00:00,39.39,40.26,39.28,130880,40.1,71800571,39.61,-0.005051780752715396,0.11560298134568539,40.821,35.71365,1,1.0,1.0,1.0
2024-04-16 04:00:00,39.13,39.51,39.07,114092,39.42,66751329,39.23,-0.0066006600660065695,0.11243378929679262,40.758,35.7463,1,1.0,1.0,1.0
2024-04-17 04:00:00,39.22,39.48,39.07,83098,39.3,41561911,39.26,0.0023000255558394134,0.11220744817479464,40.689499999999995,35.778,1,1.0,1.0,1.0
2024-04-18 04:00:00,39.36,39.71,39.27,87756,39.4,48893445,39.44,0.003569607343192338,0.11234271910636873,40.604,35.80945,1,1.0,1.0,1.0
2024-04-19 04:00:00,39.91,39.98,39.5,105690,39.58,55513625,39.8,0.013973577235772305,0.11537696867003841,40.528999999999996,35.843999999999994,1,1.0,1.0,1.0
2024-04-22 04:00:00,40.39,40.62,39.96,95493,40.12,50701160,40.32,0.0120270608869959,0.11730469395778907,40.501999999999995,35.88235,1,1.0,1.0,1.0
2024-04-23 04:00:00,40.65,40.75,40.47,88902,40.58,36488578,40.63,0.006437236939836444,0.11770012000932019,40.49550000000001,35.9218,1,1.0,1.0,1.0
2024-04-24 04:00:00,40.64,40.69,40.43,73671,40.54,33957450,40.59,-0.0002460024600245969,0.11770426777239615,40.482,35.96045,1,1.0,1.0,1.0
2024-04-25 04:00:00,40.4,40.55,40.05,92922,40.44,50365748,40.33,-0.005905511811023723,0.1159603847908911,40.432,35.99595,1,1.0,1.0,1.0
2024-04-26 04:00:00,40.34,40.56,40.24,71032,40.33,35796948,40.4,-0.0014851485148513754,0.11276866571178826,40.3675,36.030049999999996,1,1.0,1.0,1.0
2024-04-29 04:00:00,40.28,40.51,40.13,62862,40.33,36596064,40.31,-0.0014873574615766882,0.1128709689580896,40.3115,36.0633,1,1.0,1.0,1.0
2024-04-30 04:00:00,39.89,40.28,39.89,75837,40.19,34481590,40.07,-0.009682224428997022,0.11470988897926787,40.247,36.095699999999994,1,1.0,1.0,1.0
2024-05-01 04:00:00,39.89,40.37,39.81,110729,39.86,54717648,40.05,0.0,0.11387784854751241,40.183499999999995,36.1265,1,1.0,1.0,1.0
2024-05-02 04:00:00,39.99,40.22,39.7,83196,40.16,37085052,39.9,0.0025068939583856586,0.11390136298179959,40.148,36.1559,1,1.0,1.0,1.0
2024-05-03 04:00:00,40.07,40.31,39.88,85138,40.22,45012624,40.06,0.0020005001250311683,0.11304702570678407,40.097500000000004,36.18495,1,1.0,1.0,1.0
2024-05-06 04:00:00,40.59,40.59,40.29,83157,40.38,42335607,40.45,0.012977289742949871,0.11539291862382901,40.064,36.21535,1,1.0,1.0,1.0
2024-05-07 04:00:00,40.73,40.81,40.62,81000,40.69,42601185,40.71,0.00344912540034481,0.11544009567651742,40.0495,36.24705,1,1.0,1.0,1.0
2024-05-08 04:00:00,40.88,40.94,40.57,62273,40.69,28390900,40.79,0.0036827890989443723,0.11532168083152326,40.07299999999999,36.2778,1,1.0,1.0,1.0
2024-05-09 04:00:00,41.18,41.18,40.77,71939,40.78,31594752,41.05,0.007338551859099818,0.11190519404224089,40.126,36.3112,1,1.0,1.0,1.0
2024-05-10 04:00:00,41.34,41.42,41.28,71924,41.33,34306846,41.35,0.0038853812530355025,0.11066915186168395,40.2135,36.34435,1,1.0,1.0,1.0
2024-05-13 04:00:00,41.17,41.53,41.17,67518,41.46,29570094,41.32,-0.004112239961296615,0.10607716210037789,40.3025,36.37885,1,1.0,1.0,1.0
2024-05-14 04:00:00,41.38,41.41,41.17,67120,41.33,30638318,41.3,0.005100801554529966,0.10601916635714796,40.415000000000006,36.41405,1,1.0,1.0,1.0
2024-05-15 04:00:00,41.69,41.73,41.46,73341,41.48,36138286,41.61,0.007491541807636448,0.10653679105997278,40.5385,36.4502,1,1.0,1.0,1.0
2024-05-16 04:00:00,41.69,41.88,41.67,70790,41.73,36032731,41.79,0.0,0.10648797279618766,40.655,36.48635,1,1.0,1.0,1.0
2024-05-17 04:00:00,41.99,41.99,41.71,57525,41.75,29813163,41.88,0.007195970256656414,0.1050393586399079,40.759,36.52545,1,1.0,1.0,1.0
2024-05-20 04:00:00,41.42,41.96,41.4,74993,41.9,35719633,41.63,-0.013574660633484115,0.10887180904571941,40.8105,36.5616,1,1.0,1.0,1.0
2024-05-21 04:00:00,41.69,41.73,41.48,64951,41.5,33413366,41.61,0.0065185900531143925,0.1088283281137122,40.8625,36.599799999999995,1,1.0,1.0,1.0
2024-05-22 04:00:00,41.45,41.77,41.36,74605,41.6,38661149,41.55,-0.005756776205324887,0.10961189278962155,40.903,36.6344,1,1.0,1.0,1.0
2024-05-23 04:00:00,40.88,41.45,40.72,95755,41.41,51768509,40.96,-0.01375150784077206,0.11339074727527582,40.927,36.667699999999996,1,1.0,1.0,1.0
2024-05-24 04:00:00,41.12,41.13,40.95,56710,40.95,23477279,41.07,0.005870841487279677,0.11390198236045403,40.965999999999994,36.703500000000005,1,1.0,1.0,1.0
2024-05-28 04:00:00,40.67,41.03,40.52,87888,41.03,31004942,40.71,-0.010943579766536815,0.11628248052991148,40.9855,36.7369,1,1.0,1.0,1.0
2024-05-29 04:00:00,40.34,40.47,40.22,81233,40.34,40385242,40.36,-0.008114089009097603,0.11750631246195634,41.008,36.768299999999996,1,1.0,1.0,1.0
2024-05-30 04:00:00,40.56,40.65,40.28,71117,40.38,32772640,40.52,0.005453644025780857,0.11798657472020457,41.0415,36.80115,1,1.0,1.0,1.0
2024-05-31 04:00:00,41.15,41.19,40.52,75417,40.64,38664013,40.86,0.014546351084812503,0.12116787755132383,41.0995,36.84005,1,1.0,1.0,1.0
2024-06-03 04:00:00,40.9,41.19,40.53,96678,41.14,37855010,40.79,-0.0060753341433779084,0.12186863816896802,41.141,36.87795,1,1.0,1.0,1.0
2024-06-04 04:00:00,40.71,41.01,40.52,69322,40.68,27586390,40.73,-0.004645476772616064,0.1222879435392716,41.147000000000006,36.9157,1,1.0,1.0,1.0
2024-06-05 04:00:00,40.83,40.88,40.53,65499,40.84,23817258,40.72,0.0029476787030213725,0.12237206747682995,41.152,36.9541,1,1.0,1.0,1.0
2024-06-06 04:00:00,40.81,41.01,40.65,66195,40.9,39040168,40.8,-0.0004898359049717582,0.12211244838906012,41.1485,36.992599999999996,1,1.0,1.0,1.0
2024-06-07 04:00:00,40.99,41.22,40.74,90175,40.82,42273250,41.04,0.004410683655966752,0.1215044582647003,41.138999999999996,37.0336,1,1.0,1.0,1.0
2024-06-10 04:00:00,40.84,40.89,40.57,76894,40.82,31618982,40.78,-0.0036594291290558134,0.12053065548040673,41.114,37.072199999999995,1,1.0,1.0,1.0
2024-06-11 04:00:00,40.37,40.66,40.17,119586,40.64,54584938,40.3,-0.011508325171400768,0.12291223113752452,41.074,37.10905,1,1.0,1.0,1.0
2024-06-12 04:00:00,40.33,40.84,40.27,96493,40.79,46399791,40.53,-0.0009908347783006421,0.1223723217822896,41.0215,37.1449,1,1.0,1.0,1.0
2024-06-13 04:00:00,40.3,40.34,40.03,69041,40.33,39497916,40.19,-0.0007438631291842857,0.12194477674273396,40.952,37.1797,1,1.0,1.0,1.0
2024-06-14 04:00:00,40.17,40.25,39.9,71977,40.03,29083007,40.11,-0.003225806451612745,0.11954042961083267,40.876,37.212349999999994,1,1.0,1.0,1.0
2024-06-17 04:00:00,40.53,40.54,40.01,86851,40.07,36076893,40.35,0.008961911874533213,0.1197589016758244,40.803,37.246700000000004,1,1.0,1.0,1.0
2024-06-18 04:00:00,40.79,40.79,40.45,71483,40.48,38900276,40.7,0.006415001233654127,0.1182021714199891,40.7715,37.28295,1,1.0,1.0,1.0
2024-06-20 04:00:00,41.0,41.11,40.65,91635,40.7,42869055,40.87,0.005148320666830131,0.11842429459817108,40.737,37.31875,1,1.0,1.0,1.0
2024-06-21 04:00:00,40.85,40.94,40.61,87526,40.9,42532779,40.81,-0.003658536585365857,0.11849720247498183,40.70700000000001,37.3555,1,1.0,1.0,1.0
2024-06-24 04:00:00,41.26,41.52,40.91,102593,41.02,45251991,41.31,0.010036719706242314,0.11772374922472151,40.726,37.3944,1,1.0,1.0,1.0
2024-06-25 04:00:00,40.96,41.31,40.84,73851,41.18,32852877,40.99,-0.007270964614638831,0.11805899490208832,40.718,37.432249999999996,1,1.0,1.0,1.0
2024-06-26 04:00:00,40.7,40.79,40.5,76035,40.77,37978480,40.68,-0.00634765625,0.11822813795367049,40.7195,37.46845,1,1.0,1.0,1.0
2024-06-27 04:00:00,40.65,40.7,40.4,70173,40.58,25466060,40.58,-0.0012285012285013774,0.11777734545535772,40.735,37.50365,1,1.0,1.0,1.0
2024-06-28 04:00:00,40.79,41.05,40.61,79113,40.74,43797079,40.81,0.003444034440344357,0.11801015250356242,40.746500000000005,37.5384,1,1.0,1.0,1.0
2024-07-01 04:00:00,40.88,41.22,40.71,68591,40.96,36131129,40.91,0.002206423142927294,0.1158234082436678,40.733000000000004,37.5736,1,1.0,1.0,1.0
2024-07-02 04:00:00,41.35,41.35,40.78,67236,40.8,27033074,41.11,0.011497064579256255,0.11664105595940233,40.7555,37.6096,1,1.0,1.0,1.0
2024-07-03 04:00:00,41.22,41.43,41.2,68274,41.39,21113245,41.3,-0.003143893591293856,0.11649053250901338,40.781,37.64585,1,1.0,1.0,1.0
2024-07-05 04:00:00,41.21,41.31,40.98,64517,41.31,21421108,41.12,-0.0002426006792818347,0.11585800518615803,40.8,37.68155,1,1.0,1.0,1.0
2024-07-08 04:00:00,41.1,41.52,41.06,58445,41.27,27779272,41.21,-0.002669255035185669,0.11174801881687187,40.8145,37.716899999999995,1,1.0,1.0,1.0
2024-07-09 04:00:00,41.42,41.69,41.09,66961,41.14,33143083,41.44,0.00778588807785896,0.11167562610685211,40.836,37.75505,1,1.0,1.0,1.0
2024-07-10 04:00:00,41.58,41.59,41.2,63206,41.22,28445376,41.39,0.0038628681796233355,0.1081108856583695,40.873000000000005,37.7968,1,1.0,1.0,1.0
2024-07-11 04:00:00,41.91,41.98,41.49,92619,41.62,45836626,41.82,0.007936507936507908,0.10836388254888667,40.95,37.84145,1,1.0,1.0,1.0
2024-07-12 04:00:00,42.05,42.23,41.75,86530,41.86,39041225,42.06,0.003340491529467915,0.10727305193510411,41.036,37.8864,1,1.0,1.0,1.0
2024-07-15 04:00:00,42.66,42.7,42.17,91423,42.2,46561173,42.54,0.014506539833531562,0.11066003121264012,41.153999999999996,37.936600000000006,1,1.0,1.0,1.0
2024-07-16 04:00:00,43.15,43.17,42.61,98627,42.69,52243090,43.0,0.011486169714017835,0.11248920622921535,41.303000000000004,37.9895,1,1.0,1.0,1.0
2024-07-17 04:00:00,43.48,43.56,43.03,107285,43.1,54773289,43.37,0.0076477404403243465,0.11023150022199002,41.4505,38.0429,1,1.0,1.0,1.0
2024-07-18 04:00:00,42.95,43.76,42.85,112490,43.33,58731301,43.21,-0.012189512419503057,0.11147438705380196,41.558499999999995,38.095150000000004,1,1.0,1.0,1.0
2024-07-19 04:00:00,42.51,43.02,42.46,79098,42.93,47219951,42.65,-0.010244470314319076,0.11325847716096063,41.634,38.14655,1,1.0,1.0,1.0
2024-07-22 04:00:00,42.75,42.83,42.41,61326,42.61,29071067,42.71,0.0056457304163726185,0.11367537560879575,41.729,38.201699999999995,1,1.0,1.0,1.0
2024-07-23 04:00:00,42.83,43.05,42.76,55784,42.86,23800350,42.9,0.0018713450292398015,0.11280976584796831,41.8075,38.256099999999996,1,1.0,1.0,1.0
2024-07-24 04:00:00,42.25,42.79,42.25,85624,42.7,47786906,42.46,-0.01354190987625492,0.11658648159199694,41.872,38.30685,1,1.0,1.0,1.0
2024-07-25 04:00:00,42.4,43.02,42.32,85143,42.33,44861988,42.66,0.0035502958579880506,0.11662184511703784,41.957,38.357,1,1.0,1.0,1.0
2024-07-26 04:00:00,43.07,43.2,42.61,81144,42.63,32636269,43.04,0.01580188679245298,0.11844225597566063,42.078,38.4104,1,1.0,1.0,1.0
2024-07-29 04:00:00,43.01,43.19,42.79,72274,43.17,35195682,42.99,-0.0013930810308799835,0.11854225815098406,42.189,38.4623,1,1.0,1.0,1.0
2024-07-30 04:00:00,43.51,43.65,43.26,80073,43.28,31418655,43.46,0.011625203441060217,0.12040255924293346,42.320499999999996,38.51645,1,1.0,1.0,1.0
2024-07-31 04:00:00,43.4,43.76,43.37,87092,43.6,38694792,43.56,-0.0025281544472535167,0.12066916620671597,42.423,38.5711,1,1.0,1.0,1.0
2024-08-01 04:00:00,42.78,43.61,42.59,95632,43.56,47060859,42.92,-0.014285714285714235,0.12238131341027564,42.501,38.6223,1,1.0,1.0,1.0
2024-08-02 04:00:00,41.73,42.44,41.47,148773,42.3,78599848,41.82,-0.024544179523141807,0.13289146149892928,42.527,38.66655,1,1.0,1.0,1.0
2024-08-05 04:00:00,40.52,40.91,40.34,230038,40.82,107913570,40.62,-0.028995926192187715,0.1457386853296243,42.498,38.70395,1,1.0,1.0,1.0
2024-08-06 04:00:00,41.17,41.66,40.59,121263,40.7,57668904,41.28,0.016041461006910174,0.14869872768986617,42.4855,38.74745,1,1.0,1.0,1.0
2024-08-07 04:00:00,41.22,42.02,41.16,97161,41.63,43912569,41.58,0.0012144765606023622,0.14850428018672243,42.467499999999994,38.793350000000004,1,1.0,1.0,1.0
2024-08-08 04:00:00,41.89,41.94,41.43,84070,41.49,41260500,41.79,0.016254245511887477,0.15192473610466398,42.466499999999996,38.84505,1,0.987330982818565,0.987330982818565,1.0
2024-08-09 04:00:00,42.07,42.17,41.71,54823,41.88,23838795,41.98,0.004296968250179001,0.15182591600329676,42.4675,38.898649999999996,1,0.9879736145228939,0.9879736145228939,0.987330982818565
2024-08-12 04:00:00,41.85,42.26,41.76,56149,42.15,20509282,41.9,-0.005229379605419471,0.1514976562711008,42.42700000000001,38.950050000000005,1,0.9901143205903127,0.9901143205903127,0.9879736145228939
2024-08-13 04:00:00,42.2,42.23,41.79,58783,42.1,24922014,42.05,0.008363201911589124,0.15243860555747982,42.37949999999999,39.0038,1,0.9840026971345982,0.9840026971345982,0.9901143205903127
2024-08-14 04:00:00,42.71,42.79,42.27,64717,42.3,30673012,42.61,0.012085308056871913,0.1537144012498836,42.340999999999994,39.06045,1,0.9758356914152694,0.9758356914152694,0.9840026971345982
2024-08-15 04:00:00,43.11,43.35,42.97,74537,43.12,33329022,43.14,0.00936548817607119,0.1520316740292917,42.349000000000004,39.12195,1,0.9866365017099215,0.9866365017099215,0.9758356914152694
2024-08-16 04:00:00,43.43,43.43,43.06,53878,43.06,25338910,43.32,0.007422871723498092,0.15219040220443344,42.394999999999996,39.1823,1,0.9856074814290942,0.9856074814290942,0.9866365017099215
2024-08-19 04:00:00,43.66,43.67,43.44,55138,43.44,24458568,43.6,0.005295878425051637,0.15186446721795446,42.4405,39.24205,1,0.9877228146923834,0.9877228146923834,0.9856074814290942
2024-08-20 04:00:00,43.53,43.65,43.44,51123,43.61,19620444,43.53,-0.002977553825011303,0.14899950261967235,42.4755,39.30015,1,1.0,1.0,0.9877228146923834
2024-08-21 04:00:00,43.46,43.64,43.23,47748,43.6,19914057,43.39,-0.0016080863772111043,0.1487628764458177,42.536,39.354099999999995,1,1.0,1.0,1.0
2024-08-22 04:00:00,43.7,43.7,43.47,59986,43.51,24404037,43.59,0.0055223193741371635,0.14694868777725664,42.601,39.4071,1,1.0,1.0,1.0
2024-08-23 04:00:00,44.08,44.19,43.74,72256,43.83,32762498,43.98,0.008695652173912993,0.14641518705843126,42.6515,39.4625,1,1.0,1.0,1.0
2024-08-26 04:00:00,44.22,44.46,44.12,55043,44.23,23716334,44.25,0.0031760435571688284,0.1462281659709572,42.712,39.51885,1,1.0,1.0,1.0
2024-08-27 04:00:00,44.45,44.47,44.23,54794,44.31,21583452,44.39,0.005201266395296278,0.1438979346004132,42.759,39.57615,1,1.0,1.0,1.0
2024-08-28 04:00:00,44.56,44.8,44.29,53672,44.33,24726165,44.54,0.002474690663667012,0.1430838680777478,42.817,39.634699999999995,1,1.0,1.0,1.0
2024-08-29 04:00:00,44.95,45.1,44.4,70414,44.71,33726634,44.88,0.00875224416517062,0.1432725708919244,42.9255,39.69335,1,1.0,1.0,1.0
2024-08-30 04:00:00,45.38,45.42,44.87,63778,45.08,28967724,45.17,0.009566184649610676,0.14415946773455443,43.108,39.75435,1,1.0,1.0,1.0
2024-09-03 04:00:00,45.04,45.51,44.83,113149,45.14,39893913,45.15,-0.007492287351256177,0.14534462411284713,43.334,39.81055,1,1.0,1.0,1.0
2024-09-04 04:00:00,45.09,45.41,44.86,89199,45.12,32006128,45.12,0.001110124333925544,0.14523775541935924,43.529999999999994,39.86605,1,1.0,1.0,1.0
2024-09-05 04:00:00,44.6,45.3,44.39,101584,45.28,39523540,44.64,-0.010867154579729421,0.14709849730031013,43.699,39.9184,1,1.0,1.0,1.0
2024-09-06 04:00:00,43.94,44.85,43.84,108152,44.6,51331286,44.14,-0.01479820627802697,0.14849014387847748,43.801500000000004,39.9666,1,1.0,1.0,1.0
2024-09-09 04:00:00,44.6,44.85,44.3,107478,44.36,41010885,44.59,0.01502048247610377,0.15096790618447425,43.928000000000004,40.0174,1,0.9935886560095747,0.9935886560095747,1.0
2024-09-10 04:00:00,44.14,44.79,43.63,127875,44.75,59114976,44.01,-0.010313901345291532,0.15289757006421353,44.042500000000004,40.066,1,0.9810489398618594,0.9810489398618594,0.9935886560095747
2024-09-11 04:00:00,43.93,44.0,43.04,116327,43.97,59397484,43.52,-0.004757589487992764,0.15313456461233466,44.129000000000005,40.11285,1,0.9795306461359617,0.9795306461359617,0.9810489398618594
2024-09-12 04:00:00,44.03,44.17,43.65,86741,44.01,37739377,43.93,0.00227634873662641,0.15236127110050568,44.195,40.1597,1,0.9845021502646154,0.9845021502646154,0.9795306461359617
2024-09-13 04:00:00,44.16,44.34,44.06,78485,44.16,32912280,44.2,0.0029525323642969337,0.15204201178865703,44.2475,40.20775,1,0.9865694175497697,0.9865694175497697,0.9845021502646154
2024-09-16 04:00:00,44.74,44.75,44.35,80645,44.35,37063920,44.61,0.013134057971014634,0.15376090531446127,44.313,40.25875,1,0.9755405557588889,0.9755405557588889,0.9865694175497697
2024-09-17 04:00:00,44.97,45.12,44.79,74195,44.84,27893291,44.93,0.005140813589628923,0.15355679522585108,44.378499999999995,40.3097,1,0.9768372594813729,0.9768372594813729,0.9755405557588889
2024-09-18 04:00:00,44.84,45.33,44.74,98030,44.99,41783865,44.93,-0.002890816099621829,0.1528244831264288,44.444,40.35805,1,0.9815181177114777,0.9815181177114777,0.9768372594813729
2024-09-19 04:00:00,45.33,45.45,44.98,112375,45.29,46457685,45.29,0.010927743086529773,0.15294814673874824,44.5375,40.4075,1,0.980724528002889,0.980724528002889,0.9815181177114777
2024-09-20 04:00:00,45.3,45.3,44.98,89443,45.23,48699179,45.18,-0.0006618133686300265,0.1521060457776488,44.6175,40.457,1,0.9861540890565156,0.9861540890565156,0.980724528002889
2024-09-23 04:00:00,45.25,45.48,45.17,59790,45.3,31615259,45.27,-0.001103752759381793,0.15209554088620258,44.676,40.50715,1,0.986222200465478,0.986222200465478,0.9861540890565156
2024-09-24 04:00:00,44.87,45.11,44.7,68646,45.11,40341434,44.86,-0.008397790055248655,0.1534897815329455,44.7085,40.55625,1,0.9772637469715845,0.9772637469715845,0.986222200465478
2024-09-25 04:00:00,44.6,44.95,44.46,67621,44.89,32546934,44.6,-0.006017383552484823,0.15428256884581487,44.716,40.6032,1,0.9722420371264574,0.9722420371264574,0.9772637469715845
2024-09-26 04:00:00,44.83,44.92,44.58,66726,44.73,31445225,44.8,0.005156950672645655,0.15307011358750883,44.729499999999994,40.65035,1,0.9799430829735633,0.9799430829735633,0.9722420371264574
2024-09-27 04:00:00,44.96,45.24,44.86,57789,44.93,23226116,45.04,0.0028998438545617677,0.15280580176837513,44.730000000000004,40.69705,1,0.9816381137526027,0.9816381137526027,0.9799430829735633
2024-09-30 04:00:00,45.13,45.15,44.65,56661,44.85,23599209,44.94,0.0037811387900357207,0.1528329552159793,44.7175,40.74335,1,0.9814637085735889,0.9814637085735889,0.9816381137526027
2024-10-01 04:00:00,44.89,45.12,44.59,68622,45.01,32703005,44.88,-0.005317970307999187,0.15324196924226136,44.709999999999994,40.78555,1,0.9788441101537907,0.9788441101537907,0.9814637085735889
2024-10-02 04:00:00,44.94,45.04,44.64,60134,44.87,37709429,44.87,0.0011138338159946137,0.1526852481635841,44.7025,40.8262,1,0.9824131723379044,0.9824131723379044,0.9788441101537907
2024-10-03 04:00:00,44.7,44.86,44.48,55636,44.77,23545682,44.66,-0.005340453938584622,0.1532167602589786,44.707499999999996,40.86675,1,0.9790051608417607,0.9790051608417607,0.9824131723379044
2024-10-04 04:00:00,45.46,45.5,44.96,76236,45.14,40435851,45.27,0.017002237136465315,0.15600699478499977,44.7835,40.91045,1,0.961495343495504,0.961495343495504,0.9790051608417607
2024-10-07 04:00:00,44.9,45.48,44.71,69047,45.46,26599262,45.02,-0.012318521777386793,0.15845809727921412,44.7985,40.95,1,0.9466224928163004,0.9466224928163004,0.961495343495504
2024-10-08 04:00:00,45.16,45.27,44.99,64304,45.07,28762954,45.15,0.00579064587973277,0.15631069833614852,44.8495,40.99415,1,0.9596272080993171,0.9596272080993171,0.9466224928163004
2024-10-09 04:00:00,45.58,45.67,45.07,66195,45.16,28334270,45.51,0.009300265721877699,0.15574738896663867,44.932,41.038599999999995,1,0.963098001399126,0.963098001399126,0.9596272080993171
2024-10-10 04:00:00,45.44,45.67,45.25,71412,45.63,34127389,45.41,-0.0030715225976305494,0.1553304604657561,45.002500000000005,41.08195,1,0.965683090004009,0.965683090004009,0.963098001399126
2024-10-11 04:00:00,46.31,46.4,45.7,116071,45.73,52850296,46.24,0.019146126760563487,0.157414423671755,45.11,41.12895,1,0.9528986959917061,0.9528986959917061,0.965683090004009
2024-10-14 04:00:00,46.6,46.65,46.26,76643,46.39,35850836,46.53,0.0062621464046641595,0.15586910600769283,45.202999999999996,41.1768,1,0.9623459252422408,0.9623459252422408,0.9528986959917061
2024-10-15 04:00:00,46.7,47.19,46.64,97776,46.92,42356775,46.9,0.0021459227467810482,0.15564402739345887,45.289500000000004,41.2246,1,0.9637375847199797,0.9637375847199797,0.9623459252422408
2024-10-16 04:00:00,47.28,47.3,46.79,85193,46.88,44973695,47.16,0.012419700214132634,0.1572384151658499,45.411500000000004,41.2759,1,0.9539653454775641,0.9539653454775641,0.9637375847199797
2024-10-17 04:00:00,47.41,47.61,47.38,79375,47.48,45823445,47.47,0.0027495769881555887,0.15400601531776445,45.515499999999996,41.32705,1,0.9739879232412665,0.9739879232412665,0.9539653454775641
2024-10-18 04:00:00,47.42,47.52,47.15,74547,47.41,34279601,47.39,0.00021092596498650806,0.1540116007502056,45.621500000000005,41.379850000000005,1,0.9739526002936318,0.9739526002936318,0.9739879232412665
2024-10-21 04:00:00,47.04,47.45,46.95,72949,47.34,26207439,47.09,-0.00801349641501481,0.1525652743631765,45.711,41.43,1,0.9831857193121439,0.9831857193121439,0.9739526002936318
2024-10-22 04:00:00,46.95,47.03,46.58,73433,46.8,30018749,46.86,-0.001913265306122347,0.15261135933096967,45.815,41.4789,1,0.9828888208236504,0.9828888208236504,0.9831857193121439
2024-10-23 04:00:00,46.91,47.02,46.68,55136,46.9,20697246,46.91,-0.0008519701810437708,0.15121405470725094,45.9305,41.5264,1,0.9919712773949972,0.9919712773949972,0.9828888208236504
2024-10-24 04:00:00,46.95,47.0,46.66,51052,46.92,19617544,46.88,0.0008526966531656743,0.15100712264048863,46.036500000000004,41.575300000000006,1,0.9933306216540727,0.9933306216540727,0.9919712773949972
2024-10-25 04:00:00,46.43,47.22,46.32,66248,47.14,25526484,46.64,-0.011075612353567688,0.14972477621588984,46.11,41.62129999999999,1,1.0,1.0,0.9933306216540727
2024-10-28 04:00:00,47.01,47.05,46.66,68444,46.67,31415881,46.93,0.012491923325436138,0.14130619633678118,46.204,41.67089999999999,1,1.0,1.0,1.0
2024-10-29 04:00:00,46.72,47.02,46.68,66648,46.89,27930913,46.84,-0.006168900233992747,0.1269119263370898,46.295500000000004,41.71940000000001,1,1.0,1.0,1.0
2024-10-30 04:00:00,46.93,47.23,46.74,63456,46.78,28704328,47.01,0.004494863013698724,0.12378113393979194,46.394999999999996,41.7702,1,1.0,1.0,1.0
2024-10-31 04:00:00,46.28,47.01,46.28,107584,46.87,53417061,46.59,-0.013850415512465353,0.12807684516265208,46.474000000000004,41.818099999999994,1,1.0,1.0,1.0
2024-11-01 04:00:00,46.44,46.8,46.32,79167,46.43,40139909,46.54,0.0034572169403628283,0.12461651339002576,46.523,41.866499999999995,1,1.0,1.0,1.0
2024-11-04 05:00:00,46.08,46.45,45.83,125585,46.41,41705580,46.09,-0.007751937984496138,0.12600355892907175,46.582,41.91015,1,1.0,1.0,1.0
2024-11-05 05:00:00,46.51,46.53,46.03,73281,46.12,35221760,46.39,0.009331597222222321,0.1261911153514552,46.649499999999996,41.9551,1,1.0,1.0,1.0
2024-11-06 05:00:00,49.34,49.47,48.49,327735,48.83,153473381,49.04,0.06084712964953787,0.17446890104581475,46.8375,42.01390000000001,1,0.8597520718082508,0.8597520718082508,1.0
2024-11-07 05:00:00,48.54,49.23,48.45,139434,49.23,70611369,48.73,-0.016214025131739085,0.17755601925450024,46.99249999999999,42.06795,1,0.844803796486299,0.844803796486299,0.8597520718082508
2024-11-08 05:00:00,48.98,49.26,48.64,106430,48.89,60376533,49.05,0.0090646889163577,0.1775051993125118,47.126,42.123250000000006,1,0.8450456647800361,0.8450456647800361,0.844803796486299
2024-11-11 05:00:00,49.68,49.92,49.46,126215,49.47,63654706,49.74,0.014291547570437046,0.17892252531318936,47.28,42.181349999999995,1,0.8383516770685272,0.8383516770685272,0.8450456647800361
2024-11-12 05:00:00,49.53,49.73,49.38,98565,49.66,58512361,49.58,-0.003019323671497598,0.17914017408101543,47.421499999999995,42.23825,1,0.8373331104101193,0.8373331104101193,0.8383516770685272
2024-11-13 05:00:00,49.56,49.91,49.47,87423,49.63,31880676,49.67,0.0006056935190794643,0.17885100874152748,47.5355,42.29285,1,0.8386869060274108,0.8386869060274108,0.8373331104101193
2024-11-14 05:00:00,49.43,49.78,49.33,83483,49.67,38252752,49.51,-0.0026230831315577907,0.17895600664312197,47.6365,42.3492,1,0.8381948277429909,0.8381948277429909,0.8386869060274108
2024-11-15 05:00:00,49.66,49.8,49.4,85369,49.43,40741498,49.62,0.004653044709690413,0.17889612038027117,47.74849999999999,42.40639999999999,1,0.838475417145305,0.838475417145305,0.8381948277429909
2024-11-18 05:00:00,49.81,49.9,49.49,75074,49.7,27146818,49.73,0.003020539669754463,0.17839259887133319,47.887,42.46355,1,0.8408420534718842,0.8408420534718842,0.838475417145305
2024-11-19 05:00:00,49.46,49.67,49.21,74300,49.41,27014709,49.47,-0.007026701465569163,0.17935252178197364,48.0125,42.5201,1,0.8363417345533776,0.8363417345533776,0.8408420534718842
2024-11-20 05:00:00,49.33,49.71,49.09,93947,49.68,33917307,49.28,-0.0026283865750101887,0.17946028646629225,48.1335,42.5756,1,0.8358395170194646,0.8358395170194646,0.8363417345533776
2024-11-21 05:00:00,49.96,50.18,49.45,100122,49.58,50881767,49.96,0.01277113318467471,0.18086090683238953,48.284000000000006,42.632799999999996,1,0.8293666210003243,0.8293666210003243,0.8358395170194646
2024-11-22 05:00:00,50.51,50.56,49.92,92144,49.93,42050839,50.4,0.011008807045636448,0.18128092488219366,48.488,42.69349999999999,1,0.8274450236285656,0.8274450236285656,0.8293666210003243
2024-11-25 05:00:00,50.84,51.03,50.64,100912,50.79,47492548,50.84,0.006533359730746424,0.18084691181771634,48.6795,42.7553,1,0.8294308023449185,0.8294308023449185,0.8274450236285656
2024-11-26 05:00:00,50.94,51.04,50.54,71296,50.86,28418403,50.83,0.0019669551534224894,0.17977148356448408,48.890499999999996,42.8167,1,0.8343926199607867,0.8343926199607867,0.8294308023449185
2024-11-27 05:00:00,51.04,51.4,50.99,77700,51.01,31803721,51.15,0.0019630938358854433,0.17975960459116944,49.096,42.88125,1,0.8344477587536977,0.8344477587536977,0.8343926199607867
2024-11-29 05:00:00,51.12,51.35,51.03,51585,51.22,15178418,51.2,0.0015673981191222097,0.1777142678105977,49.338,42.94434999999999,1,0.8440515272291685,0.8440515272291685,0.8344477587536977
2024-12-02 05:00:00,50.61,51.27,50.48,100041,51.2,55483579,50.67,-0.00997652582159625,0.175994959787892,49.546499999999995,43.001599999999996,1,0.8522971301478286,0.8522971301478286,0.8440515272291685
2024-12-03 05:00:00,50.24,50.91,50.24,104676,50.91,46924282,50.38,-0.007310808140683633,0.1751129053233393,49.7545,43.057700000000004,1,0.856590203140314,0.856590203140314,0.8522971301478286
2024-12-04 05:00:00,50.05,50.23,49.87,115328,50.19,41017433,50.03,-0.003781847133758065,0.1736493633027114,49.9315,43.1134,1,0.8638096695736528,0.8638096695736528,0.856590203140314
2024-12-05 05:00:00,50.2,50.46,50.09,82132,50.13,33599281,50.28,0.0029970029970030065,0.17305724964783745,49.9745,43.169250000000005,1,0.8667651857317566,0.8667651857317566,0.8638096695736528
2024-12-06 05:00:00,50.19,50.36,50.05,61382,50.19,23439352,50.18,-0.00019920318725108466,0.17313202933188035,50.057,43.22280000000001,1,0.8663908100220503,0.8663908100220503,0.8667651857317566
2024-12-09 05:00:00,49.5,50.28,49.48,114731,50.23,41998283,49.75,-0.01374775851763299,0.17619515286337084,50.083000000000006,43.2719,1,0.8513287494633157,0.8513287494633157,0.8663908100220503
2024-12-10 05:00:00,49.49,49.77,49.18,109229,49.54,38861785,49.49,-0.00020202020202020332,0.17469736514102208,50.0735,43.32195000000001,1,0.8586277132473453,0.8586277132473453,0.8513287494633157
2024-12-11 05:00:00,49.59,49.71,49.37,86202,49.69,35035893,49.55,0.0020206102242876778,0.17455501898614115,50.076499999999996,43.371950000000005,1,0.8593279071086543,0.8593279071086543,0.8586277132473453
2024-12-12 05:00:00,49.37,49.76,49.37,79979,49.72,23107260,49.52,-0.004436378302077104,0.17475686121459058,50.067,43.420100000000005,1,0.8583353929518905,0.8583353929518905,0.8593279071086543
2024-12-13 05:00:00,49.33,49.58,49.22,85886,49.57,39160444,49.31,-0.0008102086287218313,0.17375193549285037,50.062,43.468149999999994,1,0.8632997307985242,0.8632997307985242,0.8583353929518905
2024-12-16 05:00:00,49.24,49.42,49.15,100683,49.36,35242760,49.28,-0.0018244475978106411,0.17382912910245862,50.041000000000004,43.51599999999999,1,0.862916358792032,0.862916358792032,0.8632997307985242
2024-12-17 05:00:00,48.89,49.06,48.73,95006,49.05,46103332,48.87,-0.007108042242079615,0.17463934958410998,49.995,43.5616,1,0.8589129511665061,0.8589129511665061,0.862916358792032
2024-12-18 05:00:00,47.43,49.09,47.39,143920,48.98,72399490,48.18,-0.029862957660053202,0.1849897639185412,49.8935,43.59985,1,0.8108556712099793,0.8108556712099793,0.8589129511665061
2024-12-19 05:00:00,47.6,48.32,47.59,150260,47.97,63641042,47.88,0.0035842293906811484,0.18448194904905002,49.807,43.637950000000004,1,0.8130876758410133,0.8130876758410133,0.8108556712099793
2024-12-20 05:00:00,48.3,48.68,47.4,129935,47.5,56066149,48.28,0.014705882352941124,0.1863956165345751,49.724000000000004,43.67980000000001,1,0.8047399503487577,0.8047399503487577,0.8130876758410133
2024-12-23 05:00:00,48.42,48.455,47.87,89022,48.06,43033305,48.164861,0.00248447204968949,0.1863824285675667,49.6195,43.72195000000001,1,0.8047968917886786,0.8047968917886786,0.8047399503487577
2024-12-24 05:00:00,48.99,49.01,48.425,47240,48.52,18350465,48.802994,0.011771995043370564,0.18755197520990316,49.527,43.7666,1,0.7997782962954441,0.7997782962954441,0.8047968917886786
2024-12-26 05:00:00,49.11,49.13,48.74,53919,48.77,20807209,48.99344,0.0024494794856093627,0.18703202110818928,49.435500000000005,43.81099999999999,1,0.8020017016831054,0.8020017016831054,0.7997782962954441
2024-12-27 05:00:00,48.75,49.17,48.49,97644,48.85,33852395,48.747804,-0.007330482590103826,0.1879177149813306,49.321000000000005,43.85209999999999,1,0.798221706860796,0.798221706860796,0.8020017016831054
2024-12-30 05:00:00,48.28,48.4955,47.86,96566,48.25,34819777,48.250028,-0.009641025641025647,0.18878371791291781,49.179,43.8925,1,0.7945600439685798,0.7945600439685798,0.798221706860796
