Date,open,high,low,close,volume
2020-01-02 05:00:00+00:00,66.68,66.76,65.44,65.88,1647227
2020-01-03 05:00:00+00:00,65.96,66.8,65.44,65.56,1088593
2020-01-06 05:00:00+00:00,66.52,66.73,65.32,66.36,1193699
2020-01-07 05:00:00+00:00,65.96,67.28,65.88,66.48,937037
2020-01-08 05:00:00+00:00,66.68,66.84,65.4,66.52,914706
2020-01-09 05:00:00+00:00,65.84,67.06,65.12,66.68,877276
2020-01-10 05:00:00+00:00,68.16,69.04,67.96,68.16,1180379
2020-01-13 05:00:00+00:00,67.68,68.04,66.88,67.76,1029928
2020-01-14 05:00:00+00:00,69.56,69.7,67.36,67.4,1225305
2020-01-15 05:00:00+00:00,65.76,66.2,65.48,65.72,1257556
2020-01-16 05:00:00+00:00,65.76,66.98,64.08,64.32,1501252
2020-01-17 05:00:00+00:00,62.88,63.04,61.98,62.16,2652643
2020-01-21 05:00:00+00:00,60.04,60.52,58.24,59.48,2397813
2020-01-22 05:00:00+00:00,59.56,60.24,59.2,59.64,936071
2020-01-23 05:00:00+00:00,60.4,61.08,59.34,59.76,973961
2020-01-24 05:00:00+00:00,58.72,58.88,58.12,58.44,1173611
2020-01-27 05:00:00+00:00,60.28,60.32,58.32,58.56,1280461
2020-01-28 05:00:00+00:00,59.64,60.24,59.28,59.6,1020505
2020-01-29 05:00:00+00:00,58.64,58.78,58.08,58.64,956812
2020-01-30 05:00:00+00:00,57.48,58.32,56.72,57.24,1346191
2020-01-31 05:00:00+00:00,57.68,58.02,57.29,57.48,828454
2020-02-03 05:00:00+00:00,57.76,57.76,56.72,56.84,871099
2020-02-04 05:00:00+00:00,57.32,58.99,57.2,58.6,956959
2020-02-05 05:00:00+00:00,57.16,58.52,57.08,58.52,1208659
2020-02-06 05:00:00+00:00,57.76,59.58,57.52,58.24,660669
2020-02-07 05:00:00+00:00,59.04,59.32,57.8,57.8,688043
2020-02-10 05:00:00+00:00,55.8,56.18,55.0,55.36,1555818
2020-02-11 05:00:00+00:00,55.6,56.28,55.17,56.12,861458
2020-02-12 05:00:00+00:00,57.36,58.0,56.96,57.68,815097
2020-02-13 05:00:00+00:00,58.04,58.28,57.08,57.28,608568
2020-02-14 05:00:00+00:00,57.56,57.78,57.16,57.36,509542
2020-02-18 05:00:00+00:00,60.52,61.08,59.92,60.4,1493479
2020-02-19 05:00:00+00:00,60.72,61.48,60.4,61.12,621223
2020-02-20 05:00:00+00:00,60.24,62.66,59.44,59.64,1557736
2020-02-21 05:00:00+00:00,58.84,59.74,58.8,59.2,939709
2020-02-24 05:00:00+00:00,57.88,58.04,57.0,57.44,937565
2020-02-25 05:00:00+00:00,57.92,58.08,56.96,57.12,1138916
2020-02-26 05:00:00+00:00,58.12,58.4,56.36,56.36,853730
2020-02-27 05:00:00+00:00,54.16,54.52,53.26,53.88,1812842
2020-02-28 05:00:00+00:00,52.88,53.48,51.92,52.4,940880
2020-03-02 05:00:00+00:00,54.04,54.64,53.48,54.32,1051941
2020-03-03 05:00:00+00:00,55.76,56.96,55.2,55.72,1093748
2020-03-04 05:00:00+00:00,56.8,57.12,55.79,56.76,573482
2020-03-05 05:00:00+00:00,56.32,56.44,54.56,54.6,791425
2020-03-06 05:00:00+00:00,54.24,54.42,52.86,53.28,912191
2020-03-09 04:00:00+00:00,53.68,56.44,51.98,56.4,1888260
2020-03-10 04:00:00+00:00,57.24,60.56,57.12,59.88,2821459
2020-03-11 04:00:00+00:00,61.08,61.92,57.68,58.16,1888292
2020-03-12 04:00:00+00:00,55.72,58.24,55.32,56.8,1852374
2020-03-13 04:00:00+00:00,59.68,60.08,57.4,59.0,1119090
2020-03-16 04:00:00+00:00,56.12,57.12,55.6,56.2,509207
2020-03-17 04:00:00+00:00,56.24,56.24,53.16,53.48,518855
2020-03-18 04:00:00+00:00,51.12,51.64,48.32,50.96,1292699
2020-03-19 04:00:00+00:00,50.68,52.48,50.4,52.28,571132
2020-03-20 04:00:00+00:00,52.8,52.94,49.94,50.12,716638
2020-03-23 04:00:00+00:00,50.36,51.6,49.88,50.6,606176
2020-03-24 04:00:00+00:00,52.52,53.08,51.72,52.84,570754
2020-03-25 04:00:00+00:00,52.44,52.92,51.48,52.16,442540
2020-03-26 04:00:00+00:00,51.64,52.6,50.72,51.2,606803
2020-03-27 04:00:00+00:00,50.68,51.32,50.24,50.68,474704
2020-03-30 04:00:00+00:00,49.88,51.64,49.84,51.28,489208
2020-03-31 04:00:00+00:00,51.76,51.76,49.6,50.2,717727
2020-04-01 04:00:00+00:00,49.04,49.18,47.88,48.04,926579
2020-04-02 04:00:00+00:00,47.12,47.76,46.13,47.0,977580
2020-04-03 04:00:00+00:00,46.92,50.16,46.88,49.88,972933
2020-04-06 04:00:00+00:00,50.92,53.04,50.8,52.96,939295
2020-04-07 04:00:00+00:00,54.92,57.28,54.56,57.24,970878
2020-04-08 04:00:00+00:00,56.68,57.16,53.72,54.2,903999
2020-04-09 04:00:00+00:00,53.84,54.46,52.22,52.52,856075
2020-04-13 04:00:00+00:00,54.0,54.44,51.5,52.44,907232
2020-04-14 04:00:00+00:00,51.08,51.52,49.68,49.8,1078140
2020-04-15 04:00:00+00:00,49.64,49.75,48.04,48.16,842294
2020-04-16 04:00:00+00:00,47.8,51.84,47.08,51.08,1495237
2020-04-17 04:00:00+00:00,53.48,54.2,52.06,52.8,1021928
2020-04-20 04:00:00+00:00,53.6,57.68,53.2,57.04,1917592
2020-04-21 04:00:00+00:00,56.8,57.76,53.56,54.64,1656120
2020-04-22 04:00:00+00:00,54.84,57.44,54.58,56.64,1434004
2020-04-23 04:00:00+00:00,55.36,56.6,53.46,53.88,939301
2020-04-24 04:00:00+00:00,54.32,54.4,51.8,51.92,1435460
2020-04-27 04:00:00+00:00,49.12,53.28,48.86,53.04,1982028
2020-04-28 04:00:00+00:00,55.0,55.07,53.4,53.84,992690
2020-04-29 04:00:00+00:00,52.88,53.28,51.48,52.0,1269035
2020-04-30 04:00:00+00:00,52.16,54.02,51.52,53.64,1027521
2020-05-01 04:00:00+00:00,53.72,54.31,51.8,52.04,1012060
2020-05-04 04:00:00+00:00,54.84,55.4,53.72,55.12,1208596
2020-05-05 04:00:00+00:00,58.32,59.78,57.68,57.96,1741425
2020-05-06 04:00:00+00:00,55.72,55.72,53.4,53.96,1599214
2020-05-07 04:00:00+00:00,54.24,54.84,52.2,52.64,1621084
2020-05-08 04:00:00+00:00,51.04,51.88,50.16,50.56,1527438
2020-05-11 04:00:00+00:00,51.88,52.28,49.92,51.16,1304403
2020-05-12 04:00:00+00:00,49.44,49.84,47.2,47.2,2263663
2020-05-13 04:00:00+00:00,46.96,47.27,44.16,45.32,2155405
2020-05-14 04:00:00+00:00,45.16,47.16,45.03,45.76,1360408
2020-05-15 04:00:00+00:00,47.08,47.24,44.82,45.16,1291015
2020-05-18 04:00:00+00:00,47.76,49.92,47.6,48.4,1542475
2020-05-19 04:00:00+00:00,49.76,49.84,48.66,49.0,1434434
2020-05-20 04:00:00+00:00,49.44,49.66,46.56,47.16,1489071
2020-05-21 04:00:00+00:00,46.08,46.32,45.25,46.16,907368
2020-05-22 04:00:00+00:00,45.52,46.96,45.52,46.56,769204
2020-05-26 04:00:00+00:00,47.68,48.1,46.8,47.76,819462
2020-05-27 04:00:00+00:00,47.12,47.74,46.12,46.4,1069128
2020-05-28 04:00:00+00:00,46.08,46.32,44.92,45.08,1198335
2020-05-29 04:00:00+00:00,44.68,45.88,43.52,45.28,1753946
2020-06-01 04:00:00+00:00,43.72,45.0,43.58,43.96,1511543
2020-06-02 04:00:00+00:00,44.16,44.44,43.6,43.8,835474
2020-06-03 04:00:00+00:00,45.64,45.84,44.12,44.64,1482810
2020-06-04 04:00:00+00:00,45.0,45.68,44.32,45.04,1047223
2020-06-05 04:00:00+00:00,45.56,45.68,43.92,44.48,1549658
2020-06-08 04:00:00+00:00,43.96,44.6,43.74,44.6,1211946
2020-06-09 04:00:00+00:00,43.84,44.16,43.36,43.6,1249625
2020-06-10 04:00:00+00:00,43.96,44.6,43.74,44.2,1865838
2020-06-11 04:00:00+00:00,44.76,45.22,43.9,44.76,1388081
2020-06-12 04:00:00+00:00,44.32,44.56,42.64,43.0,1378981
2020-06-15 04:00:00+00:00,42.4,42.4,41.08,41.48,1801288
2020-06-16 04:00:00+00:00,40.08,40.4,39.56,40.0,1655240
2020-06-17 04:00:00+00:00,40.16,40.68,39.84,40.48,957124
2020-06-18 04:00:00+00:00,40.12,40.96,39.88,40.52,939819
2020-06-19 04:00:00+00:00,40.76,41.4,40.68,41.0,883846
2020-06-22 04:00:00+00:00,41.12,41.88,40.31,40.56,1220229
2020-06-23 04:00:00+00:00,40.12,40.24,39.4,39.6,1233228
2020-06-24 04:00:00+00:00,39.4,40.13,38.74,38.88,1253233
2020-06-25 04:00:00+00:00,37.8,37.96,35.56,35.96,3970765
2020-06-26 04:00:00+00:00,35.88,36.72,35.84,36.2,1414272
2020-06-29 04:00:00+00:00,39.2,41.06,39.0,39.76,3295635
2020-06-30 04:00:00+00:00,41.28,41.52,40.12,41.04,1219282
2020-07-01 04:00:00+00:00,39.76,40.0,38.96,39.56,1609383
2020-07-02 04:00:00+00:00,39.52,40.72,39.5,40.32,1535610
2020-07-06 04:00:00+00:00,42.24,43.0,41.52,42.84,1964791
2020-07-07 04:00:00+00:00,44.4,45.08,43.72,43.8,1840131
2020-07-08 04:00:00+00:00,43.44,43.52,42.54,42.92,1155649
2020-07-09 04:00:00+00:00,43.84,44.03,41.52,41.56,1807691
2020-07-10 04:00:00+00:00,42.4,42.96,42.08,42.4,1384911
2020-07-13 04:00:00+00:00,42.16,42.52,40.44,40.48,1386151
2020-07-14 04:00:00+00:00,40.4,41.45,40.24,40.96,966762
2020-07-15 04:00:00+00:00,41.24,41.84,40.48,41.76,952464
2020-07-16 04:00:00+00:00,41.48,42.28,39.96,40.4,1545409
2020-07-17 04:00:00+00:00,40.6,40.88,39.92,40.04,1151394
2020-07-20 04:00:00+00:00,38.92,38.92,37.56,38.44,2182258
2020-07-21 04:00:00+00:00,39.08,39.18,38.58,38.84,839371
2020-07-22 04:00:00+00:00,38.32,39.6,38.12,39.36,855992
2020-07-23 04:00:00+00:00,39.72,42.2,39.12,41.76,1871780
2020-07-24 04:00:00+00:00,41.36,42.64,41.3,42.44,1047252
2020-07-27 04:00:00+00:00,41.96,42.22,40.3,40.68,1363003
2020-07-28 04:00:00+00:00,42.44,42.56,41.28,42.4,1101229
2020-07-29 04:00:00+00:00,42.72,44.16,42.48,43.44,1486491
2020-07-30 04:00:00+00:00,43.12,43.32,41.44,41.68,928811
2020-07-31 04:00:00+00:00,41.72,41.95,40.61,41.08,836398
2020-08-03 04:00:00+00:00,45.36,49.12,45.1,48.0,4227602
2020-08-04 04:00:00+00:00,47.96,50.12,47.44,49.76,2317709
2020-08-05 04:00:00+00:00,50.44,51.36,49.28,50.36,1865455
2020-08-06 04:00:00+00:00,51.88,52.04,48.68,48.92,1889437
2020-08-07 04:00:00+00:00,50.68,51.36,49.56,51.24,1764275
2020-08-10 04:00:00+00:00,50.16,50.28,48.28,49.24,1238647
2020-08-11 04:00:00+00:00,49.92,50.16,48.82,48.88,1069647
2020-08-12 04:00:00+00:00,47.92,49.32,47.52,48.92,1358912
2020-08-13 04:00:00+00:00,49.12,50.04,48.8,50.0,1083164
2020-08-14 04:00:00+00:00,51.8,54.06,51.52,53.28,1593251
2020-08-17 04:00:00+00:00,53.64,54.04,52.36,53.24,1102839
2020-08-18 04:00:00+00:00,55.24,55.88,54.48,54.84,1114580
2020-08-19 04:00:00+00:00,54.76,55.37,54.36,55.2,1098343
2020-08-20 04:00:00+00:00,54.68,55.08,53.64,53.72,941095
2020-08-21 04:00:00+00:00,52.28,55.6,52.08,55.04,1671117
2020-08-24 04:00:00+00:00,56.28,57.08,55.65,56.16,1140788
2020-08-25 04:00:00+00:00,55.76,56.24,55.18,55.48,799766
2020-08-26 04:00:00+00:00,55.84,56.36,54.15,54.32,958742
2020-08-27 04:00:00+00:00,56.36,58.32,56.28,57.92,1823904
2020-08-28 04:00:00+00:00,57.52,57.96,56.34,57.28,874475
2020-08-31 04:00:00+00:00,54.4,57.0,53.68,56.56,1600776
2020-09-01 04:00:00+00:00,55.24,56.17,53.83,54.0,1562140
2020-09-02 04:00:00+00:00,53.32,55.4,52.92,53.84,1672617
2020-09-03 04:00:00+00:00,54.76,55.16,52.79,53.36,1090946
2020-09-04 04:00:00+00:00,53.0,55.96,52.26,55.52,1480556
2020-09-08 04:00:00+00:00,54.44,54.84,51.04,51.12,1706734
2020-09-09 04:00:00+00:00,52.04,52.16,50.0,51.16,1621394
2020-09-10 04:00:00+00:00,50.76,51.34,49.52,49.6,907965
2020-09-11 04:00:00+00:00,49.32,49.44,48.24,48.32,908617
2020-09-14 04:00:00+00:00,50.56,51.0,49.06,49.6,1074972
2020-09-15 04:00:00+00:00,49.92,50.92,49.92,50.28,750749
2020-09-16 04:00:00+00:00,49.96,50.04,48.24,48.56,1243351
2020-09-17 04:00:00+00:00,47.08,47.08,45.12,45.96,2542452
2020-09-18 04:00:00+00:00,46.48,47.68,46.12,47.44,1135681
2020-09-21 04:00:00+00:00,47.12,49.11,46.52,48.72,2413665
2020-09-22 04:00:00+00:00,47.2,47.32,46.04,46.68,1032218
2020-09-23 04:00:00+00:00,48.76,51.04,48.56,50.36,1495403
2020-09-24 04:00:00+00:00,51.04,52.6,49.88,51.52,996738
2020-09-25 04:00:00+00:00,51.12,51.6,50.18,50.56,595871
2020-09-28 04:00:00+00:00,48.84,50.52,48.64,49.92,1069938
2020-09-29 04:00:00+00:00,47.0,47.32,45.04,45.16,2151127
2020-09-30 04:00:00+00:00,45.6,46.3,44.6,45.64,819004
2020-10-01 04:00:00+00:00,45.48,45.66,43.91,44.92,843502
2020-10-02 04:00:00+00:00,44.36,45.84,43.72,44.28,824505
2020-10-05 04:00:00+00:00,47.6,48.96,46.92,47.48,1578472
2020-10-06 04:00:00+00:00,46.36,47.4,45.0,45.36,1201692
2020-10-07 04:00:00+00:00,47.8,48.04,45.64,46.8,1355879
2020-10-08 04:00:00+00:00,46.0,47.6,45.56,47.44,1329176
2020-10-09 04:00:00+00:00,49.92,50.68,48.96,49.52,1145693
2020-10-12 04:00:00+00:00,52.36,52.6,50.77,51.04,1218189
2020-10-13 04:00:00+00:00,50.52,51.76,50.2,50.48,1000877
2020-10-14 04:00:00+00:00,47.64,48.56,46.92,47.16,2069624
2020-10-15 04:00:00+00:00,49.6,50.28,49.1,49.56,982708
2020-10-16 04:00:00+00:00,50.0,50.52,48.64,49.12,914260
2020-10-19 04:00:00+00:00,49.28,50.2,49.12,49.96,748874
2020-10-20 04:00:00+00:00,50.32,50.56,49.24,49.52,606227
2020-10-21 04:00:00+00:00,50.72,50.96,50.44,50.56,498841
2020-10-22 04:00:00+00:00,50.2,50.5,49.36,49.56,566326
2020-10-23 04:00:00+00:00,48.72,49.0,48.3,48.4,526846
2020-10-26 04:00:00+00:00,49.64,49.92,48.64,49.2,688747
2020-10-27 04:00:00+00:00,48.36,50.56,48.32,50.12,576411
2020-10-28 04:00:00+00:00,49.84,50.34,49.6,49.84,659061
2020-10-29 04:00:00+00:00,48.16,50.68,47.76,50.2,942302
2020-10-30 04:00:00+00:00,49.36,51.02,49.36,50.96,658950
2020-11-02 05:00:00+00:00,49.08,49.56,48.71,49.0,1031590
2020-11-03 05:00:00+00:00,47.08,47.12,46.12,46.44,1696962
2020-11-04 05:00:00+00:00,45.92,46.72,45.56,46.32,921087
2020-11-05 05:00:00+00:00,46.48,47.2,44.4,44.52,1399244
2020-11-06 05:00:00+00:00,44.48,44.52,43.47,43.92,1153440
2020-11-09 05:00:00+00:00,43.6,43.92,43.0,43.28,1143353
2020-11-10 05:00:00+00:00,43.8,45.64,43.72,44.84,1054733
2020-11-11 05:00:00+00:00,45.24,46.28,44.28,46.08,1073782
2020-11-12 05:00:00+00:00,45.56,46.2,44.72,44.88,732998
2020-11-13 05:00:00+00:00,46.32,46.5,45.02,45.28,722932
2020-11-16 05:00:00+00:00,42.64,42.68,41.2,41.24,2338012
2020-11-17 05:00:00+00:00,41.4,41.52,40.71,41.2,1262172
2020-11-18 05:00:00+00:00,41.64,42.0,40.88,41.12,840381
2020-11-19 05:00:00+00:00,38.72,40.12,38.48,39.6,2388167
2020-11-20 05:00:00+00:00,40.12,40.42,39.85,40.2,634454
2020-11-23 05:00:00+00:00,40.56,41.12,40.36,40.84,1085634
2020-11-24 05:00:00+00:00,41.84,42.1,41.5,41.88,938580
2020-11-25 05:00:00+00:00,42.0,43.47,41.52,42.76,1062954
2020-11-27 05:00:00+00:00,41.76,41.88,40.96,41.08,623370
2020-11-30 05:00:00+00:00,43.12,43.36,41.64,42.4,1067914
2020-12-01 05:00:00+00:00,41.96,42.08,41.04,41.72,1179914
2020-12-02 05:00:00+00:00,41.68,41.8,39.72,39.84,1606404
2020-12-03 05:00:00+00:00,37.42,37.44,36.0,36.36,4675867
2020-12-04 05:00:00+00:00,36.66,37.98,36.64,37.12,1618276
2020-12-07 05:00:00+00:00,34.8,35.28,34.48,35.12,2473608
2020-12-08 05:00:00+00:00,35.24,35.6,34.32,35.36,1694315
2020-12-09 05:00:00+00:00,36.2,36.28,35.04,35.16,1521689
2020-12-10 05:00:00+00:00,35.8,37.52,35.62,37.24,2123944
2020-12-11 05:00:00+00:00,37.24,38.07,37.16,37.52,1130720
2020-12-14 05:00:00+00:00,38.68,39.1,37.8,38.48,1379102
2020-12-15 05:00:00+00:00,38.2,39.08,37.96,38.56,1241251
2020-12-16 05:00:00+00:00,38.16,38.96,38.12,38.8,876765
2020-12-17 05:00:00+00:00,38.92,39.16,37.72,38.48,1015602
2020-12-18 05:00:00+00:00,38.96,39.24,38.36,38.96,796305
2020-12-21 05:00:00+00:00,38.8,39.04,38.4,38.96,657099
2020-12-22 05:00:00+00:00,39.8,40.2,39.32,39.6,1059984
2020-12-23 05:00:00+00:00,38.64,38.88,37.0,37.52,1599585
2020-12-24 05:00:00+00:00,37.48,37.88,36.88,36.88,646215
2020-12-28 05:00:00+00:00,33.0,34.28,32.88,33.92,2791161
2020-12-29 05:00:00+00:00,34.76,36.02,34.72,35.4,1620808
2020-12-30 05:00:00+00:00,35.4,35.72,34.6,35.16,899668
2020-12-31 05:00:00+00:00,35.88,36.88,35.36,36.8,1226761
2021-01-04 05:00:00+00:00,38.0,38.28,37.18,37.8,1092426
2021-01-05 05:00:00+00:00,38.96,39.56,38.74,39.12,1502777
2021-01-06 05:00:00+00:00,38.56,40.12,38.56,39.32,1220942
2021-01-07 05:00:00+00:00,39.36,39.88,38.72,38.8,1150811
2021-01-08 05:00:00+00:00,38.6,39.52,38.32,39.0,989887
2021-01-11 05:00:00+00:00,38.04,40.7,37.96,40.4,1517809
2021-01-12 05:00:00+00:00,41.32,41.56,39.4,39.68,1663127
2021-01-13 05:00:00+00:00,39.92,40.72,39.24,39.76,1443314
2021-01-14 05:00:00+00:00,39.68,40.4,38.56,38.72,1515132
2021-01-15 05:00:00+00:00,40.32,40.36,39.2,39.84,1242284
2021-01-19 05:00:00+00:00,37.6,37.74,36.76,37.04,1809327
2021-01-20 05:00:00+00:00,36.4,37.44,36.08,37.12,1317645
2021-01-21 05:00:00+00:00,36.4,36.8,36.1,36.76,1241536
2021-01-22 05:00:00+00:00,36.08,36.4,35.8,36.04,1309075
2021-01-25 05:00:00+00:00,37.36,38.24,37.2,38.16,1365064
2021-01-26 05:00:00+00:00,38.36,38.76,37.92,38.68,883815
2021-01-27 05:00:00+00:00,39.36,40.16,39.06,39.28,1533793
2021-01-28 05:00:00+00:00,39.04,39.48,37.96,39.32,1656898
2021-01-29 05:00:00+00:00,38.84,39.48,37.48,37.68,1407727
2021-02-01 05:00:00+00:00,41.16,42.0,40.88,41.24,2692273
2021-02-02 05:00:00+00:00,43.64,43.72,41.2,41.56,2086107
2021-02-03 05:00:00+00:00,41.48,41.58,40.24,40.56,1372596
2021-02-04 05:00:00+00:00,41.04,43.6,40.72,43.36,1939194
2021-02-05 05:00:00+00:00,44.6,44.64,41.78,42.12,2069157
2021-02-08 05:00:00+00:00,42.32,42.56,41.68,42.36,1184405
2021-02-09 05:00:00+00:00,41.24,41.76,40.92,41.24,899135
2021-02-10 05:00:00+00:00,42.08,43.52,41.8,43.4,1438445
2021-02-11 05:00:00+00:00,43.96,44.08,41.64,41.76,2096246
2021-02-12 05:00:00+00:00,42.32,43.48,41.84,42.68,886451
2021-02-16 05:00:00+00:00,45.16,45.2,43.4,44.4,2427399
2021-02-17 05:00:00+00:00,44.32,45.48,43.96,45.2,2072353
2021-02-18 05:00:00+00:00,44.76,44.8,43.84,43.96,1639414
2021-02-19 05:00:00+00:00,44.88,45.2,44.36,44.64,1168658
2021-02-22 05:00:00+00:00,43.32,44.2,42.96,43.72,1369131
2021-02-23 05:00:00+00:00,43.08,43.2,42.48,42.76,1126645
2021-02-24 05:00:00+00:00,42.4,42.6,41.72,41.92,920690
2021-02-25 05:00:00+00:00,41.56,42.28,41.24,41.24,1230104
2021-02-26 05:00:00+00:00,40.92,41.62,40.64,41.28,907161
2021-03-01 05:00:00+00:00,41.0,41.68,40.96,41.48,568038
2021-03-02 05:00:00+00:00,41.92,42.68,41.76,42.56,1105102
2021-03-03 05:00:00+00:00,42.56,42.68,41.94,42.0,672798
2021-03-04 05:00:00+00:00,41.44,41.6,40.16,41.04,1364019
2021-03-05 05:00:00+00:00,41.08,41.16,40.08,40.32,685628
2021-03-08 05:00:00+00:00,39.44,39.88,39.26,39.76,805160
2021-03-09 05:00:00+00:00,39.56,40.2,39.36,39.88,614938
2021-03-10 05:00:00+00:00,39.32,40.44,39.12,40.12,715781
2021-03-11 05:00:00+00:00,39.84,40.32,39.4,39.88,829589
2021-03-12 05:00:00+00:00,39.68,39.93,38.6,38.76,1188483
2021-03-15 04:00:00+00:00,37.68,37.72,37.04,37.4,1288149
2021-03-16 04:00:00+00:00,37.56,38.3,37.48,38.2,727822
2021-03-17 04:00:00+00:00,37.88,38.05,37.2,37.72,893106
2021-03-18 04:00:00+00:00,36.36,37.64,36.26,37.16,866457
2021-03-19 04:00:00+00:00,36.76,37.96,36.72,37.96,661492
2021-03-22 04:00:00+00:00,37.84,38.74,37.76,38.48,678290
2021-03-23 04:00:00+00:00,38.16,38.44,37.6,37.68,737110
2021-03-24 04:00:00+00:00,38.0,38.24,37.76,37.8,320663
2021-03-25 04:00:00+00:00,38.0,38.76,37.6,38.56,560238
2021-03-26 04:00:00+00:00,38.8,38.88,38.44,38.64,386062
2021-03-29 04:00:00+00:00,38.64,39.14,38.08,38.92,476623
2021-03-30 04:00:00+00:00,38.72,39.0,38.28,38.64,513167
2021-03-31 04:00:00+00:00,38.2,38.64,37.96,38.32,415129
2021-04-01 04:00:00+00:00,38.88,39.2,38.36,38.8,682247
2021-04-05 04:00:00+00:00,38.04,38.04,36.68,37.0,965456
2021-04-06 04:00:00+00:00,37.68,37.68,36.16,36.24,985393
2021-04-07 04:00:00+00:00,36.76,37.5,36.64,37.0,748350
2021-04-08 04:00:00+00:00,37.16,37.32,36.74,37.12,636366
2021-04-09 04:00:00+00:00,37.52,37.56,37.08,37.12,331540
2021-04-12 04:00:00+00:00,38.0,38.04,37.3,37.68,607480
2021-04-13 04:00:00+00:00,38.28,38.88,38.24,38.6,638648
2021-04-14 04:00:00+00:00,38.8,38.96,38.44,38.52,349033
2021-04-15 04:00:00+00:00,38.4,39.48,38.2,39.2,617171
2021-04-16 04:00:00+00:00,39.44,39.56,39.24,39.52,303566
2021-04-19 04:00:00+00:00,39.76,40.44,39.72,40.36,589967
2021-04-20 04:00:00+00:00,40.2,40.4,40.12,40.16,380253
2021-04-21 04:00:00+00:00,39.64,39.88,39.4,39.8,321864
2021-04-22 04:00:00+00:00,39.48,40.99,39.44,40.6,847048
2021-04-23 04:00:00+00:00,40.44,40.76,40.24,40.24,334045
2021-04-26 04:00:00+00:00,39.84,41.32,39.8,41.24,580551
2021-04-27 04:00:00+00:00,41.68,42.24,41.68,42.08,841292
2021-04-28 04:00:00+00:00,42.6,42.84,42.08,42.32,576420
2021-04-29 04:00:00+00:00,42.4,42.44,41.32,41.68,448993
2021-04-30 04:00:00+00:00,42.28,42.36,41.92,42.04,305477
2021-05-03 04:00:00+00:00,42.2,42.64,41.98,42.52,448063
2021-05-04 04:00:00+00:00,42.48,42.64,42.02,42.64,509993
2021-05-05 04:00:00+00:00,42.6,42.66,41.76,42.24,426767
2021-05-06 04:00:00+00:00,42.0,42.56,41.68,42.12,397064
2021-05-07 04:00:00+00:00,41.96,42.84,41.64,42.36,834436
2021-05-10 04:00:00+00:00,41.72,42.12,41.68,42.0,398008
2021-05-11 04:00:00+00:00,41.38,42.52,41.32,42.36,366745
2021-05-12 04:00:00+00:00,42.28,42.8,42.24,42.72,498695
2021-05-13 04:00:00+00:00,42.2,42.96,42.08,42.6,321428
2021-05-14 04:00:00+00:00,42.76,42.78,42.24,42.56,352375
2021-05-17 04:00:00+00:00,44.64,45.12,44.36,44.68,1157040
2021-05-18 04:00:00+00:00,43.96,43.96,43.2,43.24,563470
2021-05-19 04:00:00+00:00,42.8,43.0,42.28,42.68,510459
2021-05-20 04:00:00+00:00,42.44,42.48,41.8,42.36,671314
2021-05-21 04:00:00+00:00,41.84,42.04,41.68,41.84,345882
2021-05-24 04:00:00+00:00,41.28,41.76,41.16,41.68,500763
2021-05-25 04:00:00+00:00,41.96,42.16,41.6,42.16,297066
2021-05-26 04:00:00+00:00,42.16,42.84,41.85,42.48,653299
2021-05-27 04:00:00+00:00,42.2,42.4,41.01,41.64,465803
2021-05-28 04:00:00+00:00,42.52,42.56,41.94,42.08,415665
2021-06-01 04:00:00+00:00,43.68,44.32,43.48,43.68,961268
2021-06-02 04:00:00+00:00,43.6,43.8,42.88,43.16,324885
2021-06-03 04:00:00+00:00,42.92,43.28,42.68,43.04,395018
2021-06-04 04:00:00+00:00,42.88,43.91,42.55,43.56,351879
2021-06-07 04:00:00+00:00,42.92,43.44,42.88,43.28,361918
2021-06-08 04:00:00+00:00,44.76,44.95,43.88,44.04,667801
2021-06-09 04:00:00+00:00,44.48,44.56,43.94,44.36,275236
2021-06-10 04:00:00+00:00,44.48,44.96,44.04,44.36,345509
2021-06-11 04:00:00+00:00,45.8,46.8,45.76,46.16,1161015
2021-06-14 04:00:00+00:00,46.52,47.28,46.04,47.24,538613
2021-06-15 04:00:00+00:00,46.88,47.12,45.2,45.2,655325
2021-06-16 04:00:00+00:00,45.12,46.06,45.04,45.72,302965
2021-06-17 04:00:00+00:00,45.16,45.88,44.89,45.68,446211
2021-06-18 04:00:00+00:00,45.2,45.88,45.16,45.24,227050
2021-06-21 04:00:00+00:00,44.48,45.2,44.28,45.04,372991
2021-06-22 04:00:00+00:00,45.8,46.04,45.6,45.88,315877
2021-06-23 04:00:00+00:00,47.04,47.6,46.56,46.56,758827
2021-06-24 04:00:00+00:00,46.68,48.34,46.6,48.04,572435
2021-06-25 04:00:00+00:00,48.44,49.28,48.4,49.28,617714
2021-06-28 04:00:00+00:00,50.4,51.03,50.12,50.28,1066694
2021-06-29 04:00:00+00:00,52.04,53.24,50.68,51.2,1422266
2021-06-30 04:00:00+00:00,51.84,53.28,50.36,52.32,963336
2021-07-01 04:00:00+00:00,51.56,51.64,50.16,51.16,707564
2021-07-02 04:00:00+00:00,51.28,52.26,51.04,51.64,537215
2021-07-06 04:00:00+00:00,51.24,51.6,50.42,51.44,579560
2021-07-07 04:00:00+00:00,50.36,50.46,49.2,50.16,945990
2021-07-08 04:00:00+00:00,50.24,51.96,50.2,51.44,940101
2021-07-09 04:00:00+00:00,51.72,52.02,51.28,51.56,355744
2021-07-12 04:00:00+00:00,52.28,52.6,51.76,52.4,517920
2021-07-13 04:00:00+00:00,51.56,52.0,51.32,51.64,381350
2021-07-14 04:00:00+00:00,52.04,52.1,50.64,51.2,444192
2021-07-15 04:00:00+00:00,51.0,51.47,50.36,50.6,517616
2021-07-16 04:00:00+00:00,51.24,51.46,50.92,51.32,398983
2021-07-19 04:00:00+00:00,52.48,52.76,51.76,52.6,768993
2021-07-20 04:00:00+00:00,53.68,54.36,53.36,54.36,631297
2021-07-21 04:00:00+00:00,54.52,55.32,54.48,54.68,441806
2021-07-22 04:00:00+00:00,54.76,55.88,54.36,55.8,600327
2021-07-23 04:00:00+00:00,55.88,56.82,55.8,56.28,348785
2021-07-26 04:00:00+00:00,57.72,57.9,56.28,56.96,712833
2021-07-27 04:00:00+00:00,56.16,56.32,54.96,54.96,638051
2021-07-28 04:00:00+00:00,55.72,56.44,55.17,55.4,530288
2021-07-29 04:00:00+00:00,56.0,57.44,55.78,56.76,609503
2021-07-30 04:00:00+00:00,54.72,55.16,54.08,55.04,586484
2021-08-02 04:00:00+00:00,55.88,56.66,55.08,55.44,446276
2021-08-03 04:00:00+00:00,56.16,57.16,56.0,57.0,544383
2021-08-04 04:00:00+00:00,57.64,58.98,57.64,58.28,612557
2021-08-05 04:00:00+00:00,58.6,58.92,57.96,58.36,545104
2021-08-06 04:00:00+00:00,58.2,58.76,57.72,57.92,443148
2021-08-09 04:00:00+00:00,57.2,57.32,56.09,56.6,453469
2021-08-10 04:00:00+00:00,57.4,57.84,57.04,57.56,341272
2021-08-11 04:00:00+00:00,55.96,57.16,55.84,56.88,418908
2021-08-12 04:00:00+00:00,56.2,56.6,54.68,54.84,862945
2021-08-13 04:00:00+00:00,54.96,55.4,53.96,54.0,518214
2021-08-16 04:00:00+00:00,55.16,55.88,55.13,55.4,440171
2021-08-17 04:00:00+00:00,54.16,54.32,53.32,53.72,783337
2021-08-18 04:00:00+00:00,54.04,54.2,53.12,53.56,581723
2021-08-19 04:00:00+00:00,53.0,54.36,52.4,54.08,791940
2021-08-20 04:00:00+00:00,55.12,55.32,53.8,53.92,384606
2021-08-23 04:00:00+00:00,54.48,55.42,54.08,55.28,385048
2021-08-24 04:00:00+00:00,54.96,55.1,54.52,54.68,267693
2021-08-25 04:00:00+00:00,54.92,56.12,54.48,55.0,880266
2021-08-26 04:00:00+00:00,56.0,59.28,55.94,58.8,1807782
2021-08-27 04:00:00+00:00,60.68,61.42,60.36,61.36,1098253
2021-08-30 04:00:00+00:00,59.48,60.64,58.96,60.36,871649
2021-08-31 04:00:00+00:00,59.68,61.68,59.54,61.28,659298
2021-09-01 04:00:00+00:00,62.2,65.68,62.12,64.4,2074859
2021-09-02 04:00:00+00:00,64.88,65.99,64.32,64.76,1238377
2021-09-03 04:00:00+00:00,65.52,65.84,65.04,65.68,649103
2021-09-07 04:00:00+00:00,65.12,65.28,63.68,63.88,812720
2021-09-08 04:00:00+00:00,67.64,69.92,67.12,68.72,2891088
2021-09-09 04:00:00+00:00,68.28,70.44,67.32,69.96,1790114
2021-09-10 04:00:00+00:00,69.88,69.88,68.6,69.4,1002902
2021-09-13 04:00:00+00:00,71.76,73.84,71.69,72.4,1339454
2021-09-14 04:00:00+00:00,73.68,74.56,72.68,73.88,1579602
2021-09-15 04:00:00+00:00,77.48,78.84,74.06,76.28,3016864
2021-09-16 04:00:00+00:00,75.24,75.68,73.12,73.88,2276752
2021-09-17 04:00:00+00:00,72.64,73.3,70.44,70.6,2082076
2021-09-20 04:00:00+00:00,70.84,72.08,68.44,69.0,1689467
2021-09-21 04:00:00+00:00,67.88,68.16,65.96,67.48,1441588
2021-09-22 04:00:00+00:00,66.92,67.84,66.56,66.6,860525
2021-09-23 04:00:00+00:00,67.92,70.64,67.92,70.52,1624833
2021-09-24 04:00:00+00:00,70.96,72.54,69.84,72.32,1140751
2021-09-27 04:00:00+00:00,76.76,81.56,76.0,81.24,4466084
2021-09-28 04:00:00+00:00,82.2,84.46,78.16,80.56,7572115
2021-09-29 04:00:00+00:00,77.6,78.28,75.02,75.36,3105926
2021-09-30 04:00:00+00:00,76.52,81.56,76.04,80.64,6253810
2021-10-01 04:00:00+00:00,78.64,79.68,76.96,77.12,3380840
2021-10-04 04:00:00+00:00,81.88,83.84,79.56,81.56,4478351
2021-10-05 04:00:00+00:00,84.24,88.4,84.18,87.12,5038013
2021-10-06 04:00:00+00:00,81.44,81.88,78.32,79.0,5117892
2021-10-07 04:00:00+00:00,78.04,80.15,75.56,79.6,2891873
2021-10-08 04:00:00+00:00,78.2,78.68,76.8,77.52,2014910
2021-10-11 04:00:00+00:00,74.52,75.9,73.44,74.64,3069639
2021-10-12 04:00:00+00:00,73.4,76.4,73.08,75.44,2555410
2021-10-13 04:00:00+00:00,74.92,78.72,74.08,78.24,2561774
2021-10-14 04:00:00+00:00,80.2,82.28,77.52,78.44,2061372
2021-10-15 04:00:00+00:00,76.8,77.8,75.0,75.36,1795220
2021-10-18 04:00:00+00:00,72.92,73.38,69.68,69.8,3200163
2021-10-19 04:00:00+00:00,68.76,71.6,68.52,71.12,1823802
2021-10-20 04:00:00+00:00,69.6,73.28,69.36,72.68,1625778
2021-10-21 04:00:00+00:00,71.8,72.8,70.04,72.64,1674226
2021-10-22 04:00:00+00:00,74.24,74.68,71.68,73.52,1738063
2021-10-25 04:00:00+00:00,78.4,82.28,78.16,81.6,3469202
2021-10-26 04:00:00+00:00,77.72,80.96,76.6,79.76,3000952
2021-10-27 04:00:00+00:00,82.44,83.88,78.96,81.8,3070409
2021-10-28 04:00:00+00:00,78.88,79.92,76.34,77.12,2658291
2021-10-29 04:00:00+00:00,74.36,75.1,72.2,73.84,2695084
2021-11-01 04:00:00+00:00,70.64,71.64,68.36,69.56,2623755
2021-11-02 04:00:00+00:00,72.4,74.32,71.8,73.68,2787712
2021-11-03 04:00:00+00:00,74.28,77.8,73.76,77.76,2193499
2021-11-04 04:00:00+00:00,77.36,78.1,73.96,76.12,2283244
2021-11-05 04:00:00+00:00,74.2,75.36,73.48,75.04,1726466
2021-11-08 05:00:00+00:00,74.16,74.76,72.2,72.28,2185145
2021-11-09 05:00:00+00:00,68.2,68.88,65.64,66.24,4013267
2021-11-10 05:00:00+00:00,63.68,66.2,63.14,65.52,2839991
2021-11-11 05:00:00+00:00,66.16,69.12,65.48,68.48,2425066
2021-11-12 05:00:00+00:00,67.0,67.6,63.48,64.28,2808405
2021-11-15 05:00:00+00:00,65.28,67.56,64.46,67.16,2279456
2021-11-16 05:00:00+00:00,70.12,71.92,68.32,68.72,2150877
2021-11-17 05:00:00+00:00,66.24,67.0,64.28,65.2,1836329
2021-11-18 05:00:00+00:00,67.0,67.28,64.92,65.48,1184961
2021-11-19 05:00:00+00:00,66.16,68.64,65.16,66.92,2012586
2021-11-22 05:00:00+00:00,62.44,64.48,62.3,63.76,2555214
2021-11-23 05:00:00+00:00,66.08,67.46,65.37,66.92,1815226
2021-11-24 05:00:00+00:00,66.92,68.2,66.2,66.8,1604715
2021-11-26 05:00:00+00:00,70.12,70.16,67.12,69.76,1738090
2021-11-29 05:00:00+00:00,63.48,64.84,63.16,63.52,2881392
2021-11-30 05:00:00+00:00,59.16,61.42,58.76,60.32,3630973
2021-12-01 05:00:00+00:00,57.6,57.94,55.32,55.64,3596772
2021-12-02 05:00:00+00:00,56.0,56.52,53.0,53.84,3298307
2021-12-03 05:00:00+00:00,54.12,55.72,53.28,53.32,2439327
2021-12-06 05:00:00+00:00,48.84,49.14,47.6,48.2,3467737
2021-12-07 05:00:00+00:00,48.98,50.16,48.06,48.88,1937472
2021-12-08 05:00:00+00:00,51.12,51.12,49.88,50.0,1872429
2021-12-09 05:00:00+00:00,50.16,51.4,49.36,49.52,1818534
2021-12-10 05:00:00+00:00,50.76,51.92,50.12,50.84,1991561
2021-12-13 05:00:00+00:00,52.8,53.3,49.4,50.2,2477392
2021-12-14 05:00:00+00:00,49.4,50.04,48.34,49.8,1651045
2021-12-15 05:00:00+00:00,51.08,51.36,49.56,49.8,1649996
2021-12-16 05:00:00+00:00,50.76,51.2,48.84,49.36,1638129
2021-12-17 05:00:00+00:00,48.32,49.9,47.96,48.16,1194567
2021-12-20 05:00:00+00:00,50.4,51.04,49.3,50.04,1511582
2021-12-21 05:00:00+00:00,49.92,50.96,49.64,50.04,1332536
2021-12-22 05:00:00+00:00,51.68,52.22,50.8,50.88,1084306
2021-12-23 05:00:00+00:00,48.24,49.12,46.76,48.4,3390817
2021-12-27 05:00:00+00:00,49.92,52.76,49.88,52.16,3015459
2021-12-28 05:00:00+00:00,50.8,52.2,50.56,51.76,1462967
2021-12-29 05:00:00+00:00,52.24,53.08,50.68,50.96,2074895
2021-12-30 05:00:00+00:00,49.92,50.16,47.02,47.68,2975827
2021-12-31 05:00:00+00:00,49.2,50.36,48.16,49.96,1893965
2022-01-03 05:00:00+00:00,49.8,51.24,48.34,51.08,1715083
2022-01-04 05:00:00+00:00,50.88,51.12,49.29,49.76,1909019
2022-01-05 05:00:00+00:00,50.96,51.72,50.0,51.2,1525006
2022-01-06 05:00:00+00:00,51.16,51.52,50.56,51.2,1484986
2022-01-07 05:00:00+00:00,51.72,52.84,51.4,52.08,1746989
2022-01-10 05:00:00+00:00,54.76,55.24,52.84,54.96,2764351
2022-01-11 05:00:00+00:00,53.92,56.56,53.58,56.28,1821136
2022-01-12 05:00:00+00:00,60.88,64.76,60.08,63.88,4767299
2022-01-13 05:00:00+00:00,59.64,60.24,56.6,56.8,3465253
2022-01-14 05:00:00+00:00,55.84,57.24,55.44,56.68,1564064
2022-01-18 05:00:00+00:00,57.56,57.92,56.14,57.32,1900124
2022-01-19 05:00:00+00:00,57.16,57.2,53.66,53.8,2481590
2022-01-20 05:00:00+00:00,52.16,52.38,50.84,51.32,1952309
2022-01-21 05:00:00+00:00,52.12,53.6,51.52,52.4,2399426
2022-01-24 05:00:00+00:00,53.52,54.8,53.08,53.28,1605278
2022-01-25 05:00:00+00:00,53.96,54.84,53.34,54.28,1193524
2022-01-26 05:00:00+00:00,57.88,57.96,55.64,55.92,2477849
2022-01-27 05:00:00+00:00,57.0,61.84,56.64,60.8,3645982
2022-01-28 05:00:00+00:00,66.88,67.9,64.2,65.08,5114244
2022-01-31 05:00:00+00:00,67.76,69.64,65.72,68.04,2893306
2022-02-01 05:00:00+00:00,66.6,68.48,65.08,68.4,2411763
2022-02-02 05:00:00+00:00,74.68,78.0,73.56,75.92,5457123
2022-02-03 05:00:00+00:00,67.88,70.28,67.48,68.96,2833067
2022-02-04 05:00:00+00:00,67.24,68.64,62.82,63.36,2682790
2022-02-07 05:00:00+00:00,60.24,60.88,57.68,59.96,3017674
2022-02-08 05:00:00+00:00,60.36,61.06,58.68,58.88,1743730
2022-02-09 05:00:00+00:00,56.6,56.88,55.76,56.2,2210345
2022-02-10 05:00:00+00:00,54.96,56.0,54.36,55.56,1626816
2022-02-11 05:00:00+00:00,54.48,56.56,54.28,55.8,4202223
2022-02-14 05:00:00+00:00,57.12,58.92,56.84,58.2,1969458
2022-02-15 05:00:00+00:00,60.08,60.78,58.58,60.48,2055578
2022-02-16 05:00:00+00:00,62.04,64.68,61.72,63.28,2805661
2022-02-17 05:00:00+00:00,63.28,64.4,61.2,62.68,1433077
2022-02-18 05:00:00+00:00,64.32,64.36,61.28,61.64,2569526
2022-02-22 05:00:00+00:00,63.96,64.66,62.12,62.68,2083337
2022-02-23 05:00:00+00:00,64.04,66.0,63.88,64.48,2185562
2022-02-24 05:00:00+00:00,67.92,68.92,64.72,65.16,3338652
2022-02-25 05:00:00+00:00,63.8,64.14,62.2,63.28,1843959
2022-02-28 05:00:00+00:00,63.0,63.4,61.52,61.84,1581270
2022-03-01 05:00:00+00:00,62.84,65.2,62.64,64.44,1829124
2022-03-02 05:00:00+00:00,67.32,69.16,65.5,68.08,2427693
2022-03-03 05:00:00+00:00,65.92,67.96,65.16,66.56,2260525
2022-03-04 05:00:00+00:00,68.04,71.04,67.96,69.36,2427685
2022-03-07 05:00:00+00:00,69.88,70.2,67.32,67.8,2105865
2022-03-08 05:00:00+00:00,64.36,66.21,63.52,64.28,2892996
2022-03-09 05:00:00+00:00,64.04,64.6,63.28,63.64,2077869
2022-03-10 05:00:00+00:00,64.4,65.8,64.08,65.28,981854
2022-03-11 05:00:00+00:00,66.72,67.56,65.84,67.16,1023273
2022-03-14 04:00:00+00:00,65.88,66.16,64.24,65.88,1125530
2022-03-15 04:00:00+00:00,63.24,65.2,62.76,64.84,876927
2022-03-16 04:00:00+00:00,66.36,67.16,65.28,66.76,1144454
2022-03-17 04:00:00+00:00,68.4,70.24,68.28,69.48,1415457
2022-03-18 04:00:00+00:00,69.44,69.44,68.08,68.88,1097080
2022-03-21 04:00:00+00:00,67.32,69.92,66.88,69.76,777414
2022-03-22 04:00:00+00:00,71.92,73.2,70.8,72.36,1331949
2022-03-23 04:00:00+00:00,73.96,74.52,71.8,72.12,1294399
2022-03-24 04:00:00+00:00,72.88,76.88,71.4,75.88,2030218
2022-03-25 04:00:00+00:00,78.16,78.44,76.46,77.96,1994942
2022-03-28 04:00:00+00:00,76.76,78.2,76.62,76.88,1294581
2022-03-29 04:00:00+00:00,76.6,76.68,74.28,74.4,1534549
2022-03-30 04:00:00+00:00,75.96,78.48,75.84,77.52,1690879
2022-03-31 04:00:00+00:00,78.68,81.4,78.44,78.88,2517974
2022-04-01 04:00:00+00:00,78.8,80.66,78.2,79.68,1420580
2022-04-04 04:00:00+00:00,80.36,81.72,79.28,80.2,1488241
2022-04-05 04:00:00+00:00,83.0,86.54,82.96,84.24,2812983
2022-04-06 04:00:00+00:00,87.4,88.76,83.76,84.92,3965467
2022-04-07 04:00:00+00:00,85.0,89.88,83.76,89.48,4225972
2022-04-08 04:00:00+00:00,89.76,90.16,87.34,88.36,2138942
2022-04-11 04:00:00+00:00,91.84,93.36,90.72,93.2,2206532
2022-04-12 04:00:00+00:00,93.72,96.92,92.16,93.6,3351722
2022-04-13 04:00:00+00:00,94.8,98.96,94.64,98.48,3154767
2022-04-14 04:00:00+00:00,97.92,102.54,97.08,102.4,3369204
2022-04-18 04:00:00+00:00,105.56,112.6,105.56,108.52,5076911
2022-04-19 04:00:00+00:00,100.32,101.2,96.88,99.96,4004571
2022-04-20 04:00:00+00:00,99.16,99.6,94.72,96.0,2711979
2022-04-21 04:00:00+00:00,98.72,99.48,93.88,96.8,2471094
2022-04-22 04:00:00+00:00,95.52,96.6,90.18,90.8,2144210
2022-04-25 04:00:00+00:00,90.92,97.68,90.78,96.88,2576411
2022-04-26 04:00:00+00:00,96.52,98.16,93.32,95.28,3264361
2022-04-27 04:00:00+00:00,98.16,103.24,97.36,100.76,2908176
2022-04-28 04:00:00+00:00,98.28,98.72,94.52,95.4,1863004
2022-04-29 04:00:00+00:00,97.48,100.72,96.36,100.0,1658327
2022-05-02 04:00:00+00:00,101.64,104.28,101.16,104.0,1254524
2022-05-03 04:00:00+00:00,109.24,112.2,107.0,107.16,2037903
2022-05-04 04:00:00+00:00,115.12,116.4,113.48,116.04,1759500
2022-05-05 04:00:00+00:00,114.76,120.96,111.48,120.4,2400320
2022-05-06 04:00:00+00:00,117.16,117.36,109.32,110.72,2621320
2022-05-09 04:00:00+00:00,104.72,104.84,95.68,97.24,2977827
2022-05-10 04:00:00+00:00,92.76,102.52,92.68,99.16,3434036
2022-05-11 04:00:00+00:00,104.32,106.04,103.4,105.52,1665744
2022-05-12 04:00:00+00:00,102.52,106.96,102.16,105.92,1397178
2022-05-13 04:00:00+00:00,107.2,107.24,103.24,105.08,1109973
2022-05-16 04:00:00+00:00,111.0,112.24,105.32,109.6,1562039
2022-05-17 04:00:00+00:00,113.56,114.76,111.56,113.76,1416420
2022-05-18 04:00:00+00:00,115.36,116.36,112.52,113.96,1228617
2022-05-19 04:00:00+00:00,112.8,116.52,111.65,111.92,1117045
2022-05-20 04:00:00+00:00,109.92,112.4,109.8,110.92,1383509
2022-05-23 04:00:00+00:00,111.64,120.84,111.32,120.28,1770943
2022-05-24 04:00:00+00:00,120.0,121.15,118.12,120.48,1418721
2022-05-25 04:00:00+00:00,125.2,127.96,120.44,122.12,2190440
2022-05-26 04:00:00+00:00,122.68,128.12,117.04,118.92,2019659
2022-05-27 04:00:00+00:00,114.04,119.42,112.42,118.32,1717994
2022-05-31 04:00:00+00:00,115.88,116.52,110.16,111.64,1879561
2022-06-01 04:00:00+00:00,115.8,119.28,114.76,119.16,2185402
2022-06-02 04:00:00+00:00,121.52,121.8,113.72,115.16,2040427
2022-06-03 04:00:00+00:00,115.68,116.68,113.83,115.84,1190119
2022-06-06 04:00:00+00:00,123.84,127.48,122.4,126.92,1966095
2022-06-07 04:00:00+00:00,126.2,127.96,125.24,126.88,1536369
2022-06-08 04:00:00+00:00,128.72,131.08,114.4,117.64,3682903
2022-06-09 04:00:00+00:00,109.6,122.47,108.8,121.48,2927034
2022-06-10 04:00:00+00:00,118.76,121.12,116.96,118.88,1484424
2022-06-13 04:00:00+00:00,120.44,120.88,113.72,117.64,1699833
2022-06-14 04:00:00+00:00,107.24,107.72,95.04,98.88,4601637
2022-06-15 04:00:00+00:00,102.48,104.36,99.12,101.8,1275451
2022-06-16 04:00:00+00:00,107.16,108.66,99.38,101.08,1649586
2022-06-17 04:00:00+00:00,99.68,100.2,92.8,94.72,1807330
2022-06-21 04:00:00+00:00,90.88,94.52,90.0,92.8,1592038
2022-06-22 04:00:00+00:00,91.2,94.52,90.56,92.84,811263
2022-06-23 04:00:00+00:00,91.72,92.36,84.88,85.36,1504715
2022-06-24 04:00:00+00:00,84.52,87.04,83.6,85.16,1099892
2022-06-27 04:00:00+00:00,83.24,89.72,83.16,88.44,1429896
2022-06-28 04:00:00+00:00,90.36,91.64,88.16,90.6,1560092
2022-06-29 04:00:00+00:00,91.4,92.24,87.44,87.48,1335720
2022-06-30 04:00:00+00:00,88.72,89.77,73.12,76.04,3602099
2022-07-01 04:00:00+00:00,79.48,80.44,76.72,77.24,1603316
2022-07-05 04:00:00+00:00,75.96,78.08,73.4,74.64,1790369
2022-07-06 04:00:00+00:00,76.08,76.44,73.2,75.4,997378
2022-07-07 04:00:00+00:00,78.72,86.8,78.0,84.56,2291411
2022-07-08 04:00:00+00:00,84.04,85.72,81.84,82.28,1042626
2022-07-11 04:00:00+00:00,89.92,90.4,86.48,88.12,1552011
2022-07-12 04:00:00+00:00,90.08,90.44,81.84,84.84,2490411
2022-07-13 04:00:00+00:00,88.84,92.52,87.36,89.72,1618419
2022-07-14 04:00:00+00:00,92.4,93.36,89.04,90.8,1288963
2022-07-15 04:00:00+00:00,90.44,97.12,89.28,96.96,991688
2022-07-18 04:00:00+00:00,99.96,102.84,99.68,101.36,1189940
2022-07-19 04:00:00+00:00,98.12,101.2,97.56,99.72,1265391
2022-07-20 04:00:00+00:00,101.8,109.32,99.84,107.12,1621308
2022-07-21 04:00:00+00:00,106.0,111.0,104.44,108.08,1273921
2022-07-22 04:00:00+00:00,111.44,114.32,111.08,113.2,1628457
2022-07-25 04:00:00+00:00,114.76,120.08,113.36,118.84,1629039
2022-07-26 04:00:00+00:00,125.92,126.08,119.48,120.48,3038365
2022-07-27 04:00:00+00:00,119.56,120.68,115.12,118.96,1687152
2022-07-28 04:00:00+00:00,118.16,122.2,111.8,113.36,1760791
2022-07-29 04:00:00+00:00,114.84,115.36,110.48,114.48,1849884
2022-08-01 04:00:00+00:00,108.68,114.48,107.52,114.0,2607032
2022-08-02 04:00:00+00:00,108.04,109.44,105.2,105.64,2265250
2022-08-03 04:00:00+00:00,105.64,116.92,104.24,114.12,3231166
2022-08-04 04:00:00+00:00,112.12,113.52,107.8,112.68,2372162
2022-08-05 04:00:00+00:00,110.52,113.76,109.8,110.28,1107199
2022-08-08 04:00:00+00:00,105.84,107.4,104.04,105.12,1229131
2022-08-09 04:00:00+00:00,107.32,108.88,106.08,107.84,1217006
2022-08-10 04:00:00+00:00,108.04,114.04,107.32,113.56,2220004
2022-08-11 04:00:00+00:00,116.36,124.04,113.96,120.44,2061390
2022-08-12 04:00:00+00:00,122.04,123.04,119.6,121.04,1241815
2022-08-15 04:00:00+00:00,116.72,123.28,115.92,122.24,1610156
2022-08-16 04:00:00+00:00,127.2,129.88,124.56,129.08,2075150
2022-08-17 04:00:00+00:00,130.52,130.6,125.84,127.52,1330194
2022-08-18 04:00:00+00:00,127.52,133.24,122.88,127.04,2581263
2022-08-19 04:00:00+00:00,125.44,129.48,124.88,128.2,1388447
2022-08-22 04:00:00+00:00,135.56,135.72,130.2,135.16,1630262
2022-08-23 04:00:00+00:00,136.2,138.0,124.72,128.04,3030021
2022-08-24 04:00:00+00:00,127.48,130.12,125.32,127.44,1845745
2022-08-25 04:00:00+00:00,128.84,129.92,126.48,129.2,1054727
2022-08-26 04:00:00+00:00,131.64,133.36,126.76,127.96,1362417
2022-08-29 04:00:00+00:00,126.8,132.08,126.08,127.76,1375565
2022-08-30 04:00:00+00:00,124.76,126.96,122.56,125.6,1194974
2022-08-31 04:00:00+00:00,123.32,128.36,122.24,126.6,1376901
2022-09-01 04:00:00+00:00,128.12,129.88,126.16,126.96,1523762
2022-09-02 04:00:00+00:00,124.48,124.56,119.24,122.84,2359680
2022-09-06 04:00:00+00:00,115.4,117.52,108.32,111.2,1994232
2022-09-07 04:00:00+00:00,110.12,111.32,107.84,108.04,1516663
2022-09-08 04:00:00+00:00,110.4,111.6,108.8,110.12,1076972
2022-09-09 04:00:00+00:00,110.96,111.64,109.16,111.56,912943
2022-09-12 04:00:00+00:00,110.84,116.28,110.84,116.04,1312556
2022-09-13 04:00:00+00:00,115.0,116.96,112.8,116.52,1066429
2022-09-14 04:00:00+00:00,121.64,127.76,119.72,125.8,1776526
2022-09-15 04:00:00+00:00,117.2,118.16,113.52,114.64,1624626
2022-09-16 04:00:00+00:00,110.72,111.64,106.88,107.8,1128341
2022-09-19 04:00:00+00:00,105.76,109.6,105.56,109.4,1068124
2022-09-20 04:00:00+00:00,107.72,110.56,105.96,106.68,694219
2022-09-21 04:00:00+00:00,109.84,109.84,104.72,107.88,791151
2022-09-22 04:00:00+00:00,106.12,106.48,98.64,100.6,907297
2022-09-23 04:00:00+00:00,95.0,98.92,94.48,96.28,1779326
2022-09-26 04:00:00+00:00,93.32,97.44,92.12,96.84,1213127
2022-09-27 04:00:00+00:00,94.28,97.04,92.76,93.64,1471512
2022-09-28 04:00:00+00:00,92.0,96.72,91.08,96.36,1162188
2022-09-29 04:00:00+00:00,93.4,96.04,90.6,94.8,1165163
2022-09-30 04:00:00+00:00,93.12,96.92,92.32,93.52,1061295
2022-10-03 04:00:00+00:00,89.08,90.12,86.8,89.84,1480194
2022-10-04 04:00:00+00:00,90.8,94.76,90.4,93.96,1358669
2022-10-05 04:00:00+00:00,95.88,96.2,94.24,95.76,1198855
2022-10-06 04:00:00+00:00,96.84,98.08,94.56,95.36,1176747
2022-10-07 04:00:00+00:00,93.76,95.32,91.52,91.76,1107049
2022-10-10 04:00:00+00:00,94.24,94.96,88.28,89.8,1292494
2022-10-11 04:00:00+00:00,90.76,91.86,88.4,90.48,993911
2022-10-12 04:00:00+00:00,92.6,93.12,88.16,88.44,1085460
2022-10-13 04:00:00+00:00,89.16,93.28,87.92,92.16,1109394
2022-10-14 04:00:00+00:00,90.48,90.8,88.54,89.44,778057
2022-10-17 04:00:00+00:00,83.28,84.68,82.48,83.36,1400530
2022-10-18 04:00:00+00:00,83.72,84.54,79.44,80.16,1295835
2022-10-19 04:00:00+00:00,77.48,78.52,76.2,76.28,1515124
2022-10-20 04:00:00+00:00,75.24,77.04,74.36,75.32,1664283
2022-10-21 04:00:00+00:00,71.44,72.04,69.64,71.28,2031883
2022-10-24 04:00:00+00:00,72.36,75.44,72.33,74.32,1885572
2022-10-25 04:00:00+00:00,75.8,80.04,75.42,80.0,2044259
2022-10-26 04:00:00+00:00,76.4,79.94,76.36,79.32,1884721
2022-10-27 04:00:00+00:00,77.72,78.88,73.72,75.64,1671318
2022-10-28 04:00:00+00:00,73.44,74.96,71.64,74.76,1644969
2022-10-31 04:00:00+00:00,81.08,82.32,78.6,81.52,2212628
2022-11-01 04:00:00+00:00,77.32,77.68,72.56,75.36,2362715
2022-11-02 04:00:00+00:00,79.28,81.36,78.2,79.64,1298989
2022-11-03 04:00:00+00:00,78.52,79.6,75.92,76.4,1362196
2022-11-04 04:00:00+00:00,78.8,84.08,76.28,83.28,1924261
2022-11-07 05:00:00+00:00,90.12,93.28,84.88,86.8,2470540
2022-11-08 05:00:00+00:00,82.48,82.48,78.36,80.8,2276245
2022-11-09 05:00:00+00:00,75.64,77.89,73.88,76.64,2285173
2022-11-10 05:00:00+00:00,78.44,80.89,76.88,79.52,1467343
2022-11-11 05:00:00+00:00,81.68,84.0,74.68,76.64,2938001
2022-11-14 05:00:00+00:00,82.28,82.76,76.16,78.08,2888374
2022-11-15 05:00:00+00:00,76.52,79.28,75.48,79.08,1891358
2022-11-16 05:00:00+00:00,75.36,80.72,74.32,80.36,2303575
2022-11-17 05:00:00+00:00,82.36,84.2,80.4,82.4,1566236
2022-11-18 05:00:00+00:00,78.8,83.16,78.7,82.24,2137696
2022-11-21 05:00:00+00:00,85.12,88.6,84.88,87.16,1318540
2022-11-22 05:00:00+00:00,86.48,92.0,85.72,91.4,1424797
2022-11-23 05:00:00+00:00,98.46,98.52,92.44,94.04,1975077
2022-11-25 05:00:00+00:00,92.2,94.44,90.48,90.8,774330
2022-11-28 05:00:00+00:00,86.12,90.0,86.0,89.44,1651071
2022-11-29 05:00:00+00:00,88.2,90.4,86.44,88.56,1233850
2022-11-30 05:00:00+00:00,88.6,88.72,83.0,84.88,1771506
2022-12-01 05:00:00+00:00,86.6,87.44,81.8,83.48,1820002
2022-12-02 05:00:00+00:00,79.0,81.44,75.86,76.32,2784340
2022-12-05 05:00:00+00:00,70.96,71.54,68.04,68.4,3442528
2022-12-06 05:00:00+00:00,67.4,68.72,65.2,65.56,2164873
2022-12-07 05:00:00+00:00,68.48,71.32,65.88,70.96,2309685
2022-12-08 05:00:00+00:00,71.44,75.16,71.12,73.0,1485229
2022-12-09 05:00:00+00:00,77.08,77.92,73.96,77.04,2328376
2022-12-12 05:00:00+00:00,83.68,84.04,79.32,79.64,1930126
2022-12-13 05:00:00+00:00,85.16,86.68,83.0,85.08,2142295
2022-12-14 05:00:00+00:00,80.4,81.36,77.36,77.88,1940099
2022-12-15 05:00:00+00:00,80.68,85.32,78.86,83.68,2022959
2022-12-16 05:00:00+00:00,78.84,81.62,78.56,80.4,1501157
2022-12-19 05:00:00+00:00,74.28,75.28,71.6,72.0,1856432
2022-12-20 05:00:00+00:00,67.32,67.68,65.64,66.44,2324929
2022-12-21 05:00:00+00:00,68.44,68.96,65.78,67.4,1643920
2022-12-22 05:00:00+00:00,66.04,67.72,62.4,63.24,2775502
2022-12-23 05:00:00+00:00,61.4,65.28,61.32,63.64,2059737
2022-12-27 05:00:00+00:00,64.4,65.48,63.52,64.48,1750707
2022-12-28 05:00:00+00:00,59.24,60.48,56.76,60.2,2493976
2022-12-29 05:00:00+00:00,57.68,58.48,56.24,58.16,1944515
2022-12-30 05:00:00+00:00,56.2,57.76,55.68,56.4,2055850
2023-01-03 05:00:00+00:00,51.24,52.32,49.62,51.12,2548714
2023-01-04 05:00:00+00:00,51.92,53.64,50.92,52.92,1571170
2023-01-05 05:00:00+00:00,48.72,49.16,46.48,47.84,4459948
2023-01-06 05:00:00+00:00,47.44,48.82,46.68,47.56,3331331
2023-01-09 05:00:00+00:00,49.28,52.5,49.0,49.72,3134829
2023-01-10 05:00:00+00:00,46.76,47.42,45.16,45.72,3808257
2023-01-11 05:00:00+00:00,46.36,47.16,43.56,46.88,5276798
2023-01-12 05:00:00+00:00,49.84,50.2,46.72,47.04,2836426
2023-01-13 05:00:00+00:00,45.16,46.2,43.1,44.12,3580398
2023-01-17 05:00:00+00:00,46.48,47.16,45.0,46.2,4220099
2023-01-18 05:00:00+00:00,43.32,44.32,42.32,42.48,4764598
2023-01-19 05:00:00+00:00,42.84,43.4,41.88,42.04,3229529
2023-01-20 05:00:00+00:00,42.76,43.48,40.72,41.04,3792360
2023-01-23 05:00:00+00:00,42.36,44.24,40.84,44.04,5096410
2023-01-24 05:00:00+00:00,43.08,43.48,41.44,41.96,2568887
2023-01-25 05:00:00+00:00,40.62,41.04,39.24,39.24,5049279
2023-01-26 05:00:00+00:00,37.24,39.12,36.6,38.48,9235949
2023-01-27 05:00:00+00:00,38.84,39.68,37.8,39.24,4700474
2023-01-30 05:00:00+00:00,37.24,37.84,36.36,36.48,6713733
2023-01-31 05:00:00+00:00,36.12,37.56,35.92,37.28,6844038
2023-02-01 05:00:00+00:00,35.64,36.0,33.64,34.0,12167169
2023-02-02 05:00:00+00:00,34.48,35.44,33.2,33.52,7295563
2023-02-03 05:00:00+00:00,33.16,33.36,32.0,32.76,8343291
2023-02-06 05:00:00+00:00,33.04,34.08,32.32,34.0,5274422
2023-02-07 05:00:00+00:00,34.04,35.68,33.96,35.48,6511694
2023-02-08 05:00:00+00:00,34.6,34.95,32.36,32.92,7188726
2023-02-09 05:00:00+00:00,33.12,34.52,32.68,33.4,5525892
2023-02-10 05:00:00+00:00,33.56,35.23,33.32,35.16,5557328
2023-02-13 05:00:00+00:00,33.56,34.48,32.56,33.32,7581812
2023-02-14 05:00:00+00:00,34.36,35.6,34.21,35.4,5540528
2023-02-15 05:00:00+00:00,34.36,35.08,33.44,33.68,5108274
2023-02-16 05:00:00+00:00,34.12,34.16,32.45,33.04,6205738
2023-02-17 05:00:00+00:00,31.44,31.68,30.4,31.04,9837307
2023-02-21 05:00:00+00:00,29.6,29.84,28.56,28.84,10296622
2023-02-22 05:00:00+00:00,29.92,31.98,29.64,30.32,9306150
2023-02-23 05:00:00+00:00,31.64,32.82,30.64,32.28,8400098
2023-02-24 05:00:00+00:00,33.28,34.08,32.45,33.96,7122860
2023-02-27 05:00:00+00:00,35.6,36.16,34.48,35.84,7671476
2023-02-28 05:00:00+00:00,35.64,36.64,33.92,36.48,5760408
2023-03-01 05:00:00+00:00,35.56,37.48,35.44,37.2,5518762
2023-03-02 05:00:00+00:00,37.44,37.52,35.8,36.68,4652483
2023-03-03 05:00:00+00:00,37.36,39.96,37.0,39.52,8594451
2023-03-06 05:00:00+00:00,34.8,35.08,33.48,34.6,8683346
2023-03-07 05:00:00+00:00,34.76,35.64,34.28,35.08,4158832
2023-03-08 05:00:00+00:00,34.8,34.88,33.32,34.32,4826294
2023-03-09 05:00:00+00:00,34.56,34.88,32.62,32.96,5079719
2023-03-10 05:00:00+00:00,33.04,33.48,32.08,32.16,4383983
2023-03-13 04:00:00+00:00,33.2,34.76,32.96,34.6,5583134
2023-03-14 04:00:00+00:00,34.36,34.72,33.46,34.28,3796706
2023-03-15 04:00:00+00:00,32.6,32.96,31.56,32.4,5497148
2023-03-16 04:00:00+00:00,32.64,33.6,32.4,33.36,3597048
2023-03-17 04:00:00+00:00,31.88,32.06,30.84,31.2,4927641
2023-03-20 04:00:00+00:00,30.76,30.84,29.44,29.84,5566076
2023-03-21 04:00:00+00:00,28.72,31.52,28.64,30.92,7576097
2023-03-22 04:00:00+00:00,30.56,30.9,28.96,29.52,5264414
2023-03-23 04:00:00+00:00,29.36,30.16,28.65,28.72,5361859
2023-03-24 04:00:00+00:00,29.52,30.12,29.12,29.32,4373493
2023-03-27 04:00:00+00:00,28.64,28.76,27.64,28.28,7593278
2023-03-28 04:00:00+00:00,27.68,28.46,27.12,27.32,7160789
2023-03-29 04:00:00+00:00,27.0,28.16,26.68,27.6,7383401
2023-03-30 04:00:00+00:00,27.0,27.4,26.32,26.72,7923743
2023-03-31 04:00:00+00:00,27.6,28.34,27.4,27.76,7214371
2023-04-03 04:00:00+00:00,26.84,27.16,26.32,26.84,8332447
2023-04-04 04:00:00+00:00,26.64,26.92,26.32,26.44,6483440
2023-04-05 04:00:00+00:00,27.76,27.76,26.76,27.16,5760720
2023-04-06 04:00:00+00:00,26.96,27.08,25.26,25.64,8947345
2023-04-10 04:00:00+00:00,27.36,28.14,27.08,27.4,9383731
2023-04-11 04:00:00+00:00,27.68,28.24,26.96,28.24,5307753
2023-04-12 04:00:00+00:00,27.48,27.8,26.28,26.6,7355451
2023-04-13 04:00:00+00:00,26.28,26.28,25.36,25.64,7325003
2023-04-14 04:00:00+00:00,25.36,26.96,25.08,26.76,7382007
2023-04-17 04:00:00+00:00,28.54,28.76,28.16,28.52,8291414
2023-04-18 04:00:00+00:00,28.84,29.52,28.32,29.4,5321651
2023-04-19 04:00:00+00:00,28.08,28.38,27.64,27.96,6897381
2023-04-20 04:00:00+00:00,27.84,28.44,27.04,28.08,5650677
2023-04-21 04:00:00+00:00,28.16,28.44,27.8,28.0,4379431
2023-04-24 04:00:00+00:00,27.96,29.02,27.86,28.76,5196115
2023-04-25 04:00:00+00:00,28.36,28.6,27.92,28.0,4566036
2023-04-26 04:00:00+00:00,27.0,27.16,26.6,27.04,5413407
2023-04-27 04:00:00+00:00,27.42,27.76,26.76,27.52,4105592
2023-04-28 04:00:00+00:00,27.8,28.36,27.47,28.04,5408476
2023-05-01 04:00:00+00:00,27.72,27.76,26.76,27.04,4135554
2023-05-02 04:00:00+00:00,26.36,26.36,25.56,25.96,5716191
2023-05-03 04:00:00+00:00,25.16,25.52,24.6,25.24,6640685
2023-05-04 04:00:00+00:00,25.12,25.16,24.4,24.44,7831160
2023-05-05 04:00:00+00:00,24.8,25.34,24.64,24.68,5585558
2023-05-08 04:00:00+00:00,25.96,26.28,25.48,26.12,4856652
2023-05-09 04:00:00+00:00,26.52,26.72,25.88,26.52,3256722
2023-05-10 04:00:00+00:00,25.76,26.12,25.28,25.6,3723640
2023-05-11 04:00:00+00:00,25.88,26.4,25.36,25.56,3030744
2023-05-12 04:00:00+00:00,25.76,27.32,25.64,26.56,5044498
2023-05-15 04:00:00+00:00,27.36,27.86,27.12,27.76,5014629
2023-05-16 04:00:00+00:00,28.46,28.76,27.4,27.44,4151030
2023-05-17 04:00:00+00:00,27.2,28.0,27.08,27.6,3295709
2023-05-18 04:00:00+00:00,27.72,30.16,27.36,29.92,7901567
2023-05-19 04:00:00+00:00,30.44,30.88,29.56,29.84,5421987
2023-05-22 04:00:00+00:00,28.52,28.52,27.58,28.0,4760046
2023-05-23 04:00:00+00:00,27.48,28.04,27.26,27.52,3688789
2023-05-24 04:00:00+00:00,28.08,28.24,27.76,28.24,2802093
2023-05-25 04:00:00+00:00,27.88,28.16,26.64,27.04,4580184
2023-05-26 04:00:00+00:00,26.44,27.08,26.12,26.56,4254738
2023-05-30 04:00:00+00:00,25.48,25.64,24.8,25.32,6040478
2023-05-31 04:00:00+00:00,26.2,26.32,24.68,24.8,5859261
2023-06-01 04:00:00+00:00,23.96,24.12,23.48,23.76,8095696
2023-06-02 04:00:00+00:00,24.08,24.52,23.76,23.92,5181132
2023-06-05 04:00:00+00:00,25.2,25.44,24.4,24.72,5401128
2023-06-06 04:00:00+00:00,24.6,25.15,24.44,24.84,3288801
2023-06-07 04:00:00+00:00,25.44,25.76,24.94,25.56,4036176
2023-06-08 04:00:00+00:00,25.24,26.12,25.0,25.68,3892790
2023-06-09 04:00:00+00:00,24.96,25.44,24.72,24.88,3396143
2023-06-12 04:00:00+00:00,24.52,25.04,24.24,24.96,3855485
2023-06-13 04:00:00+00:00,25.92,25.96,25.36,25.68,3301938
2023-06-14 04:00:00+00:00,25.8,25.96,25.44,25.8,2304742
2023-06-15 04:00:00+00:00,26.72,28.2,26.54,28.08,8968967
2023-06-16 04:00:00+00:00,28.16,29.16,27.72,28.76,4764755
2023-06-20 04:00:00+00:00,28.8,29.04,27.36,27.4,4786559
2023-06-21 04:00:00+00:00,27.44,28.56,27.38,28.56,4199930
2023-06-22 04:00:00+00:00,28.56,28.88,27.86,28.68,3728538
2023-06-23 04:00:00+00:00,28.0,30.4,27.96,30.2,6353549
2023-06-26 04:00:00+00:00,30.9,31.32,30.32,30.8,4651055
2023-06-27 04:00:00+00:00,30.36,30.8,29.44,29.88,4234004
2023-06-28 04:00:00+00:00,29.84,29.84,28.28,28.36,7081001
2023-06-29 04:00:00+00:00,28.2,29.28,28.16,28.72,5389774
2023-06-30 04:00:00+00:00,28.6,30.16,28.44,29.68,6157213
2023-07-03 04:00:00+00:00,28.88,29.04,28.48,28.96,2375269
2023-07-05 04:00:00+00:00,29.52,29.58,28.3,28.44,3338049
2023-07-06 04:00:00+00:00,28.36,28.71,27.6,28.16,4914453
2023-07-07 04:00:00+00:00,27.92,28.56,27.12,27.44,5485143
2023-07-10 04:00:00+00:00,28.32,28.74,28.08,28.44,5166887
2023-07-11 04:00:00+00:00,28.72,29.36,28.64,29.2,3284216
2023-07-12 04:00:00+00:00,28.36,28.6,28.0,28.32,5187988
2023-07-13 04:00:00+00:00,27.96,28.32,27.14,27.28,5328596
2023-07-14 04:00:00+00:00,27.76,27.8,26.64,27.16,4998741
2023-07-17 04:00:00+00:00,26.88,27.28,26.56,27.08,2787927
2023-07-18 04:00:00+00:00,27.76,28.28,27.56,28.0,5188952
2023-07-19 04:00:00+00:00,28.08,28.36,27.68,28.0,3522486
2023-07-20 04:00:00+00:00,29.04,29.6,28.88,29.12,6412286
2023-07-21 04:00:00+00:00,28.96,29.28,28.8,29.08,3217784
2023-07-24 04:00:00+00:00,28.72,29.24,28.56,28.96,3538541
2023-07-25 04:00:00+00:00,28.88,29.75,28.8,29.36,3669008
2023-07-26 04:00:00+00:00,28.68,29.04,28.48,28.88,3492287
2023-07-27 04:00:00+00:00,28.32,28.48,27.4,28.0,6441536
2023-07-28 04:00:00+00:00,28.56,28.58,27.88,28.36,3917078
2023-07-31 04:00:00+00:00,28.2,28.44,28.04,28.44,2845786
2023-08-01 04:00:00+00:00,27.32,27.7,27.24,27.68,3700847
2023-08-02 04:00:00+00:00,26.92,27.0,26.4,26.68,4896290
2023-08-03 04:00:00+00:00,27.32,27.8,27.04,27.52,4410059
2023-08-04 04:00:00+00:00,28.0,28.02,27.48,27.8,3451994
2023-08-07 04:00:00+00:00,28.96,29.6,28.82,29.6,5061832
2023-08-08 04:00:00+00:00,29.48,30.08,29.24,30.08,4489386
2023-08-09 04:00:00+00:00,32.2,32.32,31.32,31.88,8140652
2023-08-10 04:00:00+00:00,30.92,31.08,29.56,29.92,6553710
2023-08-11 04:00:00+00:00,29.12,30.0,29.08,29.96,3823872
2023-08-14 04:00:00+00:00,29.88,30.16,29.56,30.08,2479558
2023-08-15 04:00:00+00:00,29.08,29.12,28.48,28.68,5192025
2023-08-16 04:00:00+00:00,28.24,28.24,27.68,28.0,3509842
2023-08-17 04:00:00+00:00,28.36,28.72,28.12,28.28,2319998
2023-08-18 04:00:00+00:00,27.72,27.98,27.44,27.76,3312122
2023-08-21 04:00:00+00:00,28.2,28.35,27.8,27.88,3226887
2023-08-22 04:00:00+00:00,27.92,28.0,26.96,27.12,3948947
2023-08-23 04:00:00+00:00,26.88,26.94,26.36,26.44,5622702
2023-08-24 04:00:00+00:00,26.28,27.48,25.96,26.96,6643587
2023-08-25 04:00:00+00:00,26.72,27.48,26.52,27.44,3717233
2023-08-28 04:00:00+00:00,28.72,28.72,27.2,27.4,6489880
2023-08-29 04:00:00+00:00,27.36,27.6,26.88,27.44,4157862
2023-08-30 04:00:00+00:00,27.84,28.8,27.69,28.8,4594282
2023-08-31 04:00:00+00:00,28.32,29.4,27.8,28.44,5345530
2023-09-01 04:00:00+00:00,28.92,29.34,28.2,28.2,3656403
2023-09-05 04:00:00+00:00,26.64,26.92,26.36,26.6,6233553
2023-09-06 04:00:00+00:00,25.8,26.12,25.68,25.92,5080503
2023-09-07 04:00:00+00:00,25.72,26.84,25.68,26.6,5453513
2023-09-08 04:00:00+00:00,26.8,27.14,26.56,26.84,3881722
2023-09-11 04:00:00+00:00,26.52,27.1,26.52,26.84,2858785
2023-09-12 04:00:00+00:00,27.32,28.56,26.92,28.2,7909759
2023-09-13 04:00:00+00:00,27.6,28.52,27.12,27.8,5935260
2023-09-14 04:00:00+00:00,28.32,28.63,27.64,27.72,5912875
2023-09-15 04:00:00+00:00,27.64,27.91,27.12,27.24,3182580
2023-09-18 04:00:00+00:00,27.44,27.96,27.24,27.8,3606085
2023-09-19 04:00:00+00:00,28.0,28.52,27.76,28.12,4768742
2023-09-20 04:00:00+00:00,27.12,27.4,27.04,27.16,3572362
2023-09-21 04:00:00+00:00,27.2,27.48,26.32,26.48,6223482
2023-09-22 04:00:00+00:00,26.72,26.88,26.44,26.8,2896090
2023-09-25 04:00:00+00:00,26.96,27.32,26.76,26.96,2890475
2023-09-26 04:00:00+00:00,26.44,26.88,26.28,26.44,4016276
2023-09-27 04:00:00+00:00,26.68,27.4,26.68,26.88,3268201
2023-09-28 04:00:00+00:00,27.36,27.72,27.0,27.36,3918955
2023-09-29 04:00:00+00:00,26.92,27.72,26.92,27.32,3854102
2023-10-02 04:00:00+00:00,26.84,27.08,26.4,26.52,3996060
2023-10-03 04:00:00+00:00,26.96,27.6,26.8,27.44,3991111
2023-10-04 04:00:00+00:00,28.32,28.4,27.48,27.92,4580989
2023-10-05 04:00:00+00:00,28.2,29.8,28.16,29.64,7249936
2023-10-06 04:00:00+00:00,29.84,31.32,29.7,30.96,8161207
2023-10-09 04:00:00+00:00,31.16,31.72,30.96,31.52,4717161
2023-10-10 04:00:00+00:00,31.6,31.76,31.09,31.6,3745823
2023-10-11 04:00:00+00:00,30.68,31.8,30.04,31.6,5684851
2023-10-12 04:00:00+00:00,31.12,31.92,30.88,31.2,4165799
2023-10-13 04:00:00+00:00,30.32,30.52,29.92,30.0,3864489
2023-10-16 04:00:00+00:00,29.2,29.4,28.56,29.12,5720703
2023-10-17 04:00:00+00:00,28.84,28.99,28.36,28.72,3921014
2023-10-18 04:00:00+00:00,29.32,29.36,28.6,28.72,2539622
2023-10-19 04:00:00+00:00,28.6,28.72,27.6,27.64,4897792
2023-10-20 04:00:00+00:00,27.12,27.32,27.0,27.12,4099478
2023-10-23 04:00:00+00:00,27.08,27.4,26.96,27.24,3044750
2023-10-24 04:00:00+00:00,27.2,27.84,27.04,27.84,2866948
2023-10-25 04:00:00+00:00,28.0,28.32,27.68,28.28,3165204
2023-10-26 04:00:00+00:00,28.28,29.45,28.12,29.24,6092195
2023-10-27 04:00:00+00:00,29.68,29.76,28.72,28.8,5012355
2023-10-30 04:00:00+00:00,27.8,28.12,27.68,27.8,3245711
2023-10-31 04:00:00+00:00,29.02,30.2,28.96,30.0,5871484
2023-11-01 04:00:00+00:00,28.66,29.6,28.52,29.08,4012686
2023-11-02 04:00:00+00:00,28.56,29.2,28.4,29.16,3185545
2023-11-03 04:00:00+00:00,29.12,29.76,29.0,29.04,2292267
2023-11-06 05:00:00+00:00,27.68,27.84,27.04,27.28,5901560
2023-11-07 05:00:00+00:00,25.94,26.56,25.88,26.44,6042550
2023-11-08 05:00:00+00:00,25.84,26.46,25.44,26.16,7214609
2023-11-09 05:00:00+00:00,25.68,25.76,25.2,25.36,6067539
2023-11-10 05:00:00+00:00,25.4,25.44,25.16,25.32,3656203
2023-11-13 05:00:00+00:00,26.32,27.04,26.04,26.88,5731038
2023-11-14 05:00:00+00:00,26.24,26.68,25.72,25.84,5518077
2023-11-15 05:00:00+00:00,26.52,27.18,26.2,26.24,4995366
2023-11-16 05:00:00+00:00,26.28,26.48,25.2,25.48,6122452
2023-11-17 05:00:00+00:00,24.56,24.72,24.16,24.64,7392472
2023-11-20 05:00:00+00:00,24.0,24.4,23.96,23.96,4505618
2023-11-21 05:00:00+00:00,23.8,24.2,23.48,23.56,4155419
2023-11-22 05:00:00+00:00,23.56,24.04,23.32,23.92,3746708
2023-11-24 05:00:00+00:00,23.36,23.88,23.24,23.64,2641795
2023-11-27 05:00:00+00:00,23.0,23.24,22.72,23.2,4347999
2023-11-28 05:00:00+00:00,22.8,23.16,22.0,22.08,8394668
2023-11-29 05:00:00+00:00,22.52,22.6,22.0,22.04,5735955
2023-11-30 05:00:00+00:00,22.28,22.4,21.76,22.08,4460966
2023-12-01 05:00:00+00:00,21.8,22.4,21.72,21.8,3702807
2023-12-04 05:00:00+00:00,21.12,21.4,20.88,21.36,5489581
2023-12-05 05:00:00+00:00,21.88,21.96,21.08,21.36,3711631
2023-12-06 05:00:00+00:00,21.4,21.48,20.04,20.24,8085703
2023-12-07 05:00:00+00:00,20.2,20.68,19.88,20.28,5495654
2023-12-08 05:00:00+00:00,20.32,20.56,20.0,20.08,3927752
2023-12-11 05:00:00+00:00,18.36,19.32,18.12,19.24,10165057
2023-12-12 05:00:00+00:00,18.6,18.88,18.0,18.08,6672619
2023-12-13 05:00:00+00:00,18.08,18.8,18.04,18.4,5763598
2023-12-14 05:00:00+00:00,18.56,19.08,18.36,19.04,5652846
2023-12-15 05:00:00+00:00,19.4,19.96,19.16,19.32,6457752
2023-12-18 05:00:00+00:00,20.2,20.24,19.5,19.56,4911857
2023-12-19 05:00:00+00:00,18.84,19.68,18.52,19.6,5454594
2023-12-20 05:00:00+00:00,19.28,19.48,18.72,18.8,4446379
2023-12-21 05:00:00+00:00,19.36,20.16,19.14,19.96,5622957
2023-12-22 05:00:00+00:00,19.6,20.24,19.56,20.16,3390703
2023-12-26 05:00:00+00:00,19.56,19.76,19.32,19.72,5146396
2023-12-27 05:00:00+00:00,20.4,20.8,19.68,19.8,5584224
2023-12-28 05:00:00+00:00,20.4,20.84,20.31,20.56,5608534
2023-12-29 05:00:00+00:00,20.4,20.72,20.16,20.28,3644280
2024-01-02 05:00:00+00:00,20.96,21.04,20.44,20.76,4600871
2024-01-03 05:00:00+00:00,21.68,22.04,21.28,21.76,6721218
2024-01-04 05:00:00+00:00,22.88,23.2,22.2,23.08,11130102
2024-01-05 05:00:00+00:00,21.92,23.52,21.88,23.36,8500310
2024-01-08 05:00:00+00:00,22.24,24.4,22.0,24.04,9126158
2024-01-09 05:00:00+00:00,25.56,27.48,24.6,25.92,21309089
2024-01-10 05:00:00+00:00,24.8,25.22,23.96,24.6,12598427
2024-01-11 05:00:00+00:00,24.56,26.2,24.12,25.16,13421129
2024-01-12 05:00:00+00:00,27.08,27.36,25.96,27.28,17415325
2024-01-16 05:00:00+00:00,23.96,24.35,23.08,23.12,10722649
2024-01-17 05:00:00+00:00,23.04,23.96,22.76,23.28,4653521
2024-01-18 05:00:00+00:00,23.0,23.0,21.96,22.24,9471080
2024-01-19 05:00:00+00:00,21.56,21.6,20.76,20.8,6796089
2024-01-22 05:00:00+00:00,19.68,20.0,19.56,19.68,6373055
2024-01-23 05:00:00+00:00,19.44,20.2,19.4,20.12,5066446
2024-01-24 05:00:00+00:00,20.66,21.14,20.35,21.06,14022532
2024-01-25 05:00:00+00:00,21.08,21.12,19.9601,20.1,8717853
2024-01-26 05:00:00+00:00,19.95,20.23,19.3701,20.14,8125707
2024-01-29 05:00:00+00:00,19.57,19.62,18.955,19.13,5795181
2024-01-30 05:00:00+00:00,19.37,19.61,19.055,19.4,5834672
2024-01-31 05:00:00+00:00,19.5,19.9699,19.38,19.63,6201982
2024-02-01 05:00:00+00:00,19.42,19.64,18.84,18.91,5781520
2024-02-02 05:00:00+00:00,19.15,19.445,19.04,19.36,6514331
2024-02-05 05:00:00+00:00,19.22,19.46,19.01,19.25,4360728
2024-02-06 05:00:00+00:00,18.75,18.96,18.5,18.54,5555181
2024-02-07 05:00:00+00:00,18.68,18.7,18.12,18.24,4740442
2024-02-08 05:00:00+00:00,18.06,18.15,17.3,17.42,9906729
2024-02-09 05:00:00+00:00,17.41,17.46,16.94,17.15,6839645
2024-02-12 05:00:00+00:00,17.06,17.26,16.06,16.17,10455515
2024-02-13 05:00:00+00:00,15.62,15.735,15.34,15.52,11384167
2024-02-14 05:00:00+00:00,15.29,15.4874,14.78,14.89,11068092
2024-02-15 05:00:00+00:00,15.07,15.17,14.63,14.81,11075190
2024-02-16 05:00:00+00:00,14.85,15.23,14.824,14.99,6755869
2024-02-20 05:00:00+00:00,14.71,14.9283,14.56,14.77,8088508
2024-02-21 05:00:00+00:00,16.51,16.69,16.0801,16.62,12029352
2024-02-22 05:00:00+00:00,16.16,16.47,15.66,16.28,8454084
2024-02-23 05:00:00+00:00,15.58,15.6,15.1123,15.21,10024540
2024-02-26 05:00:00+00:00,16.16,16.18,15.3307,15.62,10521090
2024-02-27 05:00:00+00:00,16.17,16.425,15.83,16.17,7298720
2024-02-28 05:00:00+00:00,16.53,17.0299,16.48,16.73,8935881
2024-02-29 05:00:00+00:00,16.595,17.1366,16.48,16.54,6082784
2024-03-01 05:00:00+00:00,16.34,16.6022,16.27,16.42,3665962
2024-03-04 05:00:00+00:00,17.36,17.77,17.015,17.3,9923390
2024-03-05 05:00:00+00:00,17.21,17.9555,16.96,17.51,5365961
2024-03-06 05:00:00+00:00,17.61,17.6203,17.19,17.29,3053055
2024-03-07 05:00:00+00:00,17.0,17.29,16.0,16.03,6188898
2024-03-08 05:00:00+00:00,16.13,16.431,16.01,16.13,4150226
2024-03-11 04:00:00+00:00,15.95,15.955,15.675,15.69,4374471
2024-03-12 04:00:00+00:00,16.06,16.08,15.14,15.31,6887731
2024-03-13 04:00:00+00:00,14.89,15.2,14.83,14.91,6425999
2024-03-14 04:00:00+00:00,15.0,15.776,14.95,15.57,6018113
2024-03-15 04:00:00+00:00,15.41,15.435,14.875,15.13,6186040
2024-03-18 04:00:00+00:00,15.5,15.57,15.04,15.34,5285905
2024-03-19 04:00:00+00:00,15.6,15.77,15.3801,15.64,4416397
2024-03-20 04:00:00+00:00,15.35,15.53,15.31,15.37,4423066
2024-03-21 04:00:00+00:00,15.32,15.3801,15.03,15.32,5399757
2024-03-22 04:00:00+00:00,15.01,15.228,14.98,15.11,3657068
2024-03-25 04:00:00+00:00,14.99,15.1999,14.89,15.04,4823059
2024-03-26 04:00:00+00:00,15.09,15.145,14.84,14.96,5762270
2024-03-27 04:00:00+00:00,14.45,14.5,14.25,14.35,7758726
2024-03-28 04:00:00+00:00,14.57,14.92,14.365,14.57,8144457
2024-04-01 04:00:00+00:00,15.27,15.49,15.07,15.39,8293010
2024-04-02 04:00:00+00:00,15.11,15.725,15.06,15.48,5999172
2024-04-03 04:00:00+00:00,15.86,15.86,15.35,15.46,5600097
2024-04-04 04:00:00+00:00,15.39,15.405,14.8,14.9,8334318
2024-04-05 04:00:00+00:00,14.91,15.245,14.82,14.87,5235932
2024-04-08 04:00:00+00:00,15.1,15.47,15.045,15.41,5459266
2024-04-09 04:00:00+00:00,15.86,16.085,15.43,15.85,7835751
2024-04-10 04:00:00+00:00,15.98,16.04,15.63,15.67,5986002
2024-04-11 04:00:00+00:00,15.37,15.39,14.695,14.85,9391960
2024-04-12 04:00:00+00:00,14.68,14.895,14.62,14.89,4671327
2024-04-15 04:00:00+00:00,14.41,14.585,14.073,14.14,9363011
2024-04-16 04:00:00+00:00,14.15,15.0,13.865,14.48,13329073
2024-04-17 04:00:00+00:00,14.16,14.395,13.98,14.38,5735419
2024-04-18 04:00:00+00:00,14.47,14.6,14.34,14.42,7205227
2024-04-19 04:00:00+00:00,14.71,14.8,14.38,14.52,6256852
2024-04-22 04:00:00+00:00,14.89,15.09,14.78,15.04,6189361
2024-04-23 04:00:00+00:00,14.94,15.5,14.93,15.44,5497055
2024-04-24 04:00:00+00:00,14.9,14.94,14.3173,14.36,8950974
2024-04-25 04:00:00+00:00,14.27,14.5442,14.11,14.37,5896823
2024-04-26 04:00:00+00:00,14.13,14.24,13.95,14.06,7256948
2024-04-29 04:00:00+00:00,14.309,14.9682,14.292,14.91,10053737
2024-04-30 04:00:00+00:00,14.97,14.99,14.31,14.44,7738315
2024-05-01 04:00:00+00:00,14.19,14.26,13.98,14.14,7019894
2024-05-02 04:00:00+00:00,14.44,14.975,14.4,14.86,7709392
2024-05-03 04:00:00+00:00,15.07,15.7847,14.8731,15.67,11410279
2024-05-06 04:00:00+00:00,16.17,16.53,15.99,16.06,8740802
2024-05-07 04:00:00+00:00,16.01,16.2501,15.91,16.17,5054830
2024-05-08 04:00:00+00:00,16.34,16.381,15.85,15.95,5676050
2024-05-09 04:00:00+00:00,16.26,16.94,16.23,16.92,8773208
2024-05-10 04:00:00+00:00,16.7,16.815,16.455,16.52,4684704
2024-05-13 04:00:00+00:00,16.68,17.44,16.6699,17.31,6564782
2024-05-14 04:00:00+00:00,17.1,17.53,17.0,17.17,6484441
2024-05-15 04:00:00+00:00,17.09,17.73,16.93,17.6,7566758
2024-05-16 04:00:00+00:00,18.04,18.755,17.89,18.17,12255231
2024-05-17 04:00:00+00:00,18.58,19.19,18.58,19.1,7106200
2024-05-20 04:00:00+00:00,19.26,19.865,19.26,19.82,9304681
2024-05-21 04:00:00+00:00,19.57,19.9009,19.16,19.49,7278543
2024-05-22 04:00:00+00:00,19.6,20.91,19.5,20.55,11201555
2024-05-23 04:00:00+00:00,21.43,21.61,19.81,20.12,19459520
2024-05-24 04:00:00+00:00,19.62,19.62,18.92,19.02,7827125
2024-05-28 04:00:00+00:00,18.91,19.4665,18.773,19.36,5036406
2024-05-29 04:00:00+00:00,18.87,18.88,18.18,18.22,6800033
2024-05-30 04:00:00+00:00,17.79,18.0,17.54,17.56,6480293
2024-05-31 04:00:00+00:00,17.74,17.96,17.39,17.59,9163603
2024-06-03 04:00:00+00:00,18.71,18.995,18.0,18.92,8803528
2024-06-04 04:00:00+00:00,18.65,18.84,17.63,18.02,9818105
2024-06-05 04:00:00+00:00,18.2,19.0899,18.15,18.94,7359192
2024-06-06 04:00:00+00:00,19.47,19.7,18.76,19.3,8101310
2024-06-07 04:00:00+00:00,19.44,20.3254,19.33,20.18,11183842
2024-06-10 04:00:00+00:00,20.91,21.16,19.62,20.19,12210502
2024-06-11 04:00:00+00:00,20.82,21.56,20.585,21.53,7231556
2024-06-12 04:00:00+00:00,21.02,21.39,20.53,20.83,5717964
2024-06-13 04:00:00+00:00,20.6,20.72,19.89,20.11,5317910
2024-06-14 04:00:00+00:00,20.18,20.37,19.71,19.86,3853747
2024-06-17 04:00:00+00:00,19.31,19.37,18.955,19.16,4276117
2024-06-18 04:00:00+00:00,19.23,20.01,19.23,19.94,4244717
2024-06-20 04:00:00+00:00,19.45,19.465,18.93,19.03,4698094
2024-06-21 04:00:00+00:00,19.11,19.2899,18.88,18.96,3505818
2024-06-24 04:00:00+00:00,18.96,19.73,18.92,19.7,3462669
2024-06-25 04:00:00+00:00,19.17,19.49,18.92,18.99,3620137
2024-06-26 04:00:00+00:00,18.79,18.79,18.26,18.31,4092304
2024-06-27 04:00:00+00:00,18.13,18.46,17.87,17.98,5931793
2024-06-28 04:00:00+00:00,17.92,17.99,17.34,17.43,5357175
2024-07-01 04:00:00+00:00,17.08,17.215,16.5443,16.57,4955638
2024-07-02 04:00:00+00:00,16.35,16.43,16.15,16.41,5401957
2024-07-03 04:00:00+00:00,16.25,16.58,16.12,16.35,3486787
2024-07-05 04:00:00+00:00,15.96,16.09,15.5,15.6,4583824
2024-07-08 04:00:00+00:00,15.83,15.965,15.69,15.86,3377375
2024-07-09 04:00:00+00:00,16.16,16.21,15.66,15.73,3852023
2024-07-10 04:00:00+00:00,15.65,15.74,15.3434,15.51,4097422
2024-07-11 04:00:00+00:00,15.32,15.415,15.14,15.22,4023920
2024-07-12 04:00:00+00:00,15.21,15.73,15.1901,15.5,4567879
2024-07-15 04:00:00+00:00,14.85,15.028,14.3901,14.48,8596803
2024-07-16 04:00:00+00:00,14.65,14.84,14.51,14.61,4602600
2024-07-17 04:00:00+00:00,14.23,14.25,13.58,13.74,10479295
2024-07-18 04:00:00+00:00,13.92,14.35,13.8901,14.11,6383253
2024-07-19 04:00:00+00:00,14.08,14.39,13.95,14.3,3667729
2024-07-22 04:00:00+00:00,14.75,15.205,14.74,15.01,6541812
2024-07-23 04:00:00+00:00,14.89,14.95,14.6201,14.86,3823996
2024-07-24 04:00:00+00:00,14.29,14.565,14.23,14.31,4630314
2024-07-25 04:00:00+00:00,14.01,14.17,13.65,13.75,8785424
2024-07-26 04:00:00+00:00,13.68,13.785,13.49,13.51,8509671
2024-07-29 04:00:00+00:00,13.51,13.68,13.23,13.59,9352017
2024-07-30 04:00:00+00:00,13.26,14.115,13.2247,14.01,5705053
2024-07-31 04:00:00+00:00,13.63,13.8001,13.3899,13.54,7292117
2024-08-01 04:00:00+00:00,13.97,14.06,13.01,13.09,10103488
2024-08-02 04:00:00+00:00,13.31,13.38,12.71,13.05,6404980
2024-08-05 04:00:00+00:00,12.86,13.055,12.575,12.94,7359049
2024-08-06 04:00:00+00:00,13.29,13.445,12.973,13.32,5636067
2024-08-07 04:00:00+00:00,13.78,14.0227,13.63,13.86,4903298
2024-08-08 04:00:00+00:00,13.57,14.42,13.4332,14.18,7151119
2024-08-09 04:00:00+00:00,14.22,14.35,13.94,14.28,3717831
2024-08-12 04:00:00+00:00,14.61,14.74,14.27,14.4,5573246
2024-08-13 04:00:00+00:00,14.75,14.825,14.145,14.33,4345969
2024-08-14 04:00:00+00:00,14.73,15.07,14.565,14.74,6560889
2024-08-15 04:00:00+00:00,14.8,15.22,14.53,14.57,5999116
2024-08-16 04:00:00+00:00,14.33,14.415,14.01,14.07,4797425
2024-08-19 04:00:00+00:00,14.48,14.85,14.48,14.69,4987679
2024-08-20 04:00:00+00:00,14.55,14.6756,14.43,14.65,3978899
2024-08-21 04:00:00+00:00,14.59,14.695,14.245,14.56,4043988
2024-08-22 04:00:00+00:00,14.13,14.2,13.58,13.81,9987347
2024-08-23 04:00:00+00:00,13.54,13.7351,13.53,13.72,4328604
2024-08-26 04:00:00+00:00,13.54,13.705,13.26,13.33,7942522
2024-08-27 04:00:00+00:00,13.131,13.165,12.835,13.08,7738489
2024-08-28 04:00:00+00:00,12.87,13.4144,12.755,13.2,9308813
2024-08-29 04:00:00+00:00,12.75,13.47,12.71,13.43,8137712
2024-08-30 04:00:00+00:00,13.33,13.52,13.14,13.37,7076525
2024-09-03 04:00:00+00:00,13.21,13.96,13.03,13.89,7417936
2024-09-04 04:00:00+00:00,14.02,14.0699,13.385,13.46,4529403
2024-09-05 04:00:00+00:00,13.81,14.34,13.8,14.18,8653491
2024-09-06 04:00:00+00:00,14.21,14.37,14.02,14.32,4634085
2024-09-09 04:00:00+00:00,13.89,13.91,13.45,13.48,6567861
2024-09-10 04:00:00+00:00,14.03,14.16,13.7901,14.07,5551897
2024-09-11 04:00:00+00:00,14.28,14.5958,14.16,14.25,5735075
2024-09-12 04:00:00+00:00,14.09,15.03,14.04,14.83,5360459
2024-09-13 04:00:00+00:00,14.93,15.0,14.44,14.49,4517534
2024-09-16 04:00:00+00:00,14.36,14.985,14.33,14.86,4081766
2024-09-17 04:00:00+00:00,15.09,15.165,14.62,14.64,3924967
2024-09-18 04:00:00+00:00,14.81,14.8195,14.375,14.44,3834659
2024-09-19 04:00:00+00:00,14.21,14.6199,14.08,14.61,5843323
2024-09-20 04:00:00+00:00,14.57,15.4,14.51,15.34,6978556
2024-09-23 04:00:00+00:00,15.57,16.1,15.53,16.09,8030457
2024-09-24 04:00:00+00:00,15.88,16.08,15.605,15.81,5523810
2024-09-25 04:00:00+00:00,16.02,16.09,15.71,15.85,5305735
2024-09-26 04:00:00+00:00,16.01,16.035,15.345,15.47,7273373
2024-09-27 04:00:00+00:00,15.89,16.45,15.84,16.37,9982011
2024-09-30 04:00:00+00:00,16.24,16.5742,16.21,16.33,4405033
2024-10-01 04:00:00+00:00,16.25,16.53,16.05,16.37,6976805
2024-10-02 04:00:00+00:00,16.63,16.76,16.14,16.41,6496255
2024-10-03 04:00:00+00:00,16.64,16.8,16.475,16.68,5628926
2024-10-04 04:00:00+00:00,16.33,16.435,15.93,15.94,6125164
2024-10-07 04:00:00+00:00,15.66,15.6701,15.22,15.38,5846822
2024-10-08 04:00:00+00:00,15.43,15.6,15.23,15.25,4643188
2024-10-09 04:00:00+00:00,15.18,15.32,14.82,14.86,5305482
2024-10-10 04:00:00+00:00,14.74,15.185,14.63,15.13,5696499
2024-10-11 04:00:00+00:00,14.97,15.025,14.72,14.8,3820168
2024-10-14 04:00:00+00:00,14.35,14.41,13.98,13.99,5819824
2024-10-15 04:00:00+00:00,14.22,14.355,13.9938,14.01,4195181
2024-10-16 04:00:00+00:00,13.77,13.79,13.3475,13.44,8522250
2024-10-17 04:00:00+00:00,13.55,13.649,13.2657,13.31,5290686
2024-10-18 04:00:00+00:00,13.1,13.126,12.95,13.03,6993886
2024-10-21 04:00:00+00:00,13.12,13.275,13.09,13.25,6271564
2024-10-22 04:00:00+00:00,13.28,13.68,13.26,13.5,8756964
2024-10-23 04:00:00+00:00,13.51,13.965,13.395,13.82,7599923
2024-10-24 04:00:00+00:00,13.89,14.35,13.61,14.32,8660836
2024-10-25 04:00:00+00:00,14.1,14.535,14.02,14.45,6217889
2024-10-28 04:00:00+00:00,13.43,13.5499,13.14,13.34,11750294
2024-10-29 04:00:00+00:00,13.44,13.5497,13.2401,13.41,6109153
2024-10-30 04:00:00+00:00,13.11,13.4393,13.05,13.23,7399740
2024-10-31 04:00:00+00:00,12.97,13.07,12.61,12.71,12949423
2024-11-01 04:00:00+00:00,12.72,12.7767,12.35,12.48,7921995
2024-11-04 05:00:00+00:00,12.58,13.105,12.53,13.06,10459420
2024-11-05 05:00:00+00:00,13.1,13.13,12.4427,12.53,8676378
2024-11-06 05:00:00+00:00,12.79,13.115,12.68,12.87,7324749
2024-11-07 05:00:00+00:00,12.62,12.76,12.48,12.66,7980957
2024-11-08 05:00:00+00:00,12.75,12.89,12.4102,12.53,6011471
2024-11-11 05:00:00+00:00,13.68,13.88,13.56,13.8,13101915
2024-11-12 05:00:00+00:00,13.66,14.1385,13.4299,13.66,9680426
2024-11-13 05:00:00+00:00,13.49,14.14,13.43,14.11,9264042
2024-11-14 05:00:00+00:00,13.79,13.9015,13.12,13.15,8651354
2024-11-15 05:00:00+00:00,13.1,13.42,13.0732,13.37,7318165
2024-11-18 05:00:00+00:00,13.48,13.82,13.475,13.75,8381096
2024-11-19 05:00:00+00:00,13.79,14.18,13.705,13.87,8884403
2024-11-20 05:00:00+00:00,14.35,14.82,14.24,14.75,13842120
2024-11-21 05:00:00+00:00,15.39,15.52,14.81,15.15,11904813
2024-11-22 05:00:00+00:00,14.29,14.42,14.07,14.31,14878993
2024-11-25 05:00:00+00:00,14.98,15.4399,14.7206,14.79,11781633
2024-11-26 05:00:00+00:00,15.01,15.27,14.67,15.08,10170067
2024-11-27 05:00:00+00:00,14.05,14.18,13.81,13.81,9146968
2024-11-29 05:00:00+00:00,14.35,14.645,14.2401,14.43,4681747
2024-12-02 05:00:00+00:00,13.97,14.2,13.765,13.88,9656721
2024-12-03 05:00:00+00:00,13.6,13.6,13.13,13.21,9443950
2024-12-04 05:00:00+00:00,13.15,13.35,12.9,13.26,8384474
2024-12-05 05:00:00+00:00,13.42,13.6552,13.2,13.32,6637648
2024-12-06 05:00:00+00:00,13.22,13.44,13.1501,13.37,4222435
2024-12-09 05:00:00+00:00,13.76,13.955,13.59,13.77,6923590
2024-12-10 05:00:00+00:00,13.38,13.83,13.31,13.81,6877249
2024-12-11 05:00:00+00:00,14.28,14.7448,14.28,14.56,10133058
2024-12-12 05:00:00+00:00,14.71,15.4195,14.49,15.04,13176057
2024-12-13 05:00:00+00:00,14.57,14.6,14.155,14.23,7033007
2024-12-16 05:00:00+00:00,13.84,14.0702,13.8,13.95,5668406
2024-12-17 05:00:00+00:00,13.62,14.475,13.405,14.46,7641137
2024-12-18 05:00:00+00:00,14.49,14.7,14.3,14.54,6517339
2024-12-19 05:00:00+00:00,14.85,15.435,14.7918,15.4,9531347
2024-12-20 05:00:00+00:00,15.31,16.015,15.13,15.87,11632628
2024-12-23 05:00:00+00:00,15.67,15.73,15.24,15.63,7477606
2024-12-24 05:00:00+00:00,16.0,16.21,15.96,16.14,4116728
2024-12-26 05:00:00+00:00,15.34,15.42,15.09,15.37,10923514
2024-12-27 05:00:00+00:00,15.74,15.89,15.29,15.76,11302847
2024-12-30 05:00:00+00:00,18.63,19.48,18.03,18.3832,20805928
